solid OpenSCAD_Model
  facet normal -0.8968727415326877 -0.44228869021900247 0
    outer loop
      vertex 29.185417437700576 12.875 3
      vertex 29.185417437700576 12.875 7
      vertex 28.99739151933832 13.256278844813458 3
    endloop
  endfacet
  facet normal -0.9469301294951055 -0.32143946530316214 0
    outer loop
      vertex 28.99739151933832 13.256278844813458 3
      vertex 28.99739151933832 13.256278844813458 7
      vertex 28.86074106456053 13.658838103416807 3
    endloop
  endfacet
  facet normal -0.9807852804032299 -0.19509032201613105 0
    outer loop
      vertex 28.86074106456053 13.658838103416807 3
      vertex 28.86074106456053 13.658838103416807 7
      vertex 28.777804200535115 14.075789875284832 3
    endloop
  endfacet
  facet normal -0.5555702330195984 -0.8314696123025477 0
    outer loop
      vertex 30.375 11.685417437700576 3
      vertex 30.375 11.685417437700576 7
      vertex 30.021525355721657 11.921601644053485 3
    endloop
  endfacet
  facet normal -0.6593458151000687 -0.7518398074789775 3.854187345051578e-19
    outer loop
      vertex 29.70190296114372 12.20190296114372 3
      vertex 30.021525355721657 11.921601644053485 3
      vertex 30.021525355721657 11.921601644053485 7
    endloop
  endfacet
  facet normal -0.19509032201613105 -0.9807852804032299 -1.5369402721663284e-19
    outer loop
      vertex 31.15883810341681 11.360741064560528 3
      vertex 31.575789875284833 11.277804200535115 3
      vertex 31.575789875284833 11.277804200535115 7
    endloop
  endfacet
  facet normal -0.0654031292301413 -0.9978589232386036 3.7929923536516904e-20
    outer loop
      vertex 31.575789875284833 11.277804200535115 3
      vertex 32 11.25 3
      vertex 32 11.25 7
    endloop
  endfacet
  facet normal -0.44228869021900247 -0.8968727415326877 -1.606670153078468e-18
    outer loop
      vertex 30.375 11.685417437700576 3
      vertex 30.75627884481346 11.497391519338318 3
      vertex 30.75627884481346 11.497391519338318 7
    endloop
  endfacet
  facet normal -0.3214394653031609 -0.9469301294951059 0
    outer loop
      vertex 31.15883810341681 11.360741064560528 3
      vertex 31.15883810341681 11.360741064560528 7
      vertex 30.75627884481346 11.497391519338318 3
    endloop
  endfacet
  facet normal -0.8314696123025477 -0.5555702330195984 3.480428311525539e-18
    outer loop
      vertex 29.185417437700576 12.875 3
      vertex 29.421601644053485 12.521525355721657 3
      vertex 29.421601644053485 12.521525355721657 7
    endloop
  endfacet
  facet normal -0.7518398074789775 -0.6593458151000687 0
    outer loop
      vertex 29.70190296114372 12.20190296114372 3
      vertex 29.70190296114372 12.20190296114372 7
      vertex 29.421601644053485 12.521525355721657 3
    endloop
  endfacet
  facet normal 0.0654031292301413 -0.9978589232386036 -3.7929923536516904e-20
    outer loop
      vertex 32 11.25 3
      vertex 32.42421012471517 11.277804200535115 3
      vertex 32.42421012471517 11.277804200535115 7
    endloop
  endfacet
  facet normal 0.19509032201612947 -0.9807852804032302 -2.0348078027264312e-18
    outer loop
      vertex 32.42421012471517 11.277804200535115 3
      vertex 32.841161896583195 11.360741064560528 3
      vertex 32.841161896583195 11.360741064560528 7
    endloop
  endfacet
  facet normal 0.3214394653031634 -0.9469301294951049 -1.5986936039343823e-18
    outer loop
      vertex 32.841161896583195 11.360741064560528 3
      vertex 33.24372115518654 11.497391519338318 3
      vertex 33.24372115518654 11.497391519338318 7
    endloop
  endfacet
  facet normal 0.44228869021900247 -0.8968727415326877 1.606670153078468e-18
    outer loop
      vertex 33.24372115518654 11.497391519338318 3
      vertex 33.625 11.685417437700576 3
      vertex 33.625 11.685417437700576 7
    endloop
  endfacet
  facet normal 0.5555702330195984 -0.8314696123025477 -3.480428311525539e-18
    outer loop
      vertex 33.625 11.685417437700576 3
      vertex 33.97847464427834 11.921601644053485 3
      vertex 33.97847464427834 11.921601644053485 7
    endloop
  endfacet
  facet normal 0.6593458151000728 -0.7518398074789738 1.5966075491583787e-18
    outer loop
      vertex 33.97847464427834 11.921601644053485 3
      vertex 34.29809703885628 12.20190296114372 3
      vertex 34.29809703885628 12.20190296114372 7
    endloop
  endfacet
  facet normal 0.7518398074789775 -0.6593458151000687 -3.854187345051578e-19
    outer loop
      vertex 34.29809703885628 12.20190296114372 3
      vertex 34.57839835594651 12.521525355721657 3
      vertex 34.57839835594651 12.521525355721657 7
    endloop
  endfacet
  facet normal 0.83146961230254 -0.55557023301961 -3.651665437464317e-18
    outer loop
      vertex 34.57839835594651 12.521525355721657 3
      vertex 34.81458256229943 12.875 3
      vertex 34.81458256229943 12.875 7
    endloop
  endfacet
  facet normal 0.8968727415326877 -0.44228869021900247 1.606670153078468e-18
    outer loop
      vertex 34.81458256229943 12.875 3
      vertex 35.002608480661685 13.256278844813458 3
      vertex 35.002608480661685 13.256278844813458 7
    endloop
  endfacet
  facet normal 0.946930129495108 -0.3214394653031547 1.960261523852676e-18
    outer loop
      vertex 35.002608480661685 13.256278844813458 3
      vertex 35.13925893543947 13.658838103416807 3
      vertex 35.13925893543947 13.658838103416807 7
    endloop
  endfacet
  facet normal 0.9807852804032299 -0.19509032201613105 1.5369402721663284e-19
    outer loop
      vertex 35.13925893543947 13.658838103416807 3
      vertex 35.222195799464885 14.075789875284832 3
      vertex 35.222195799464885 14.075789875284832 7
    endloop
  endfacet
  facet normal -0.8968727415326877 -0.44228869021900247 0
    outer loop
      vertex 28.99739151933832 13.256278844813458 3
      vertex 29.185417437700576 12.875 7
      vertex 28.99739151933832 13.256278844813458 7
    endloop
  endfacet
  facet normal -0.9469301294951055 -0.32143946530316214 0
    outer loop
      vertex 28.86074106456053 13.658838103416807 3
      vertex 28.99739151933832 13.256278844813458 7
      vertex 28.86074106456053 13.658838103416807 7
    endloop
  endfacet
  facet normal -0.9807852804032299 -0.19509032201613105 0
    outer loop
      vertex 28.777804200535115 14.075789875284832 3
      vertex 28.86074106456053 13.658838103416807 7
      vertex 28.777804200535115 14.075789875284832 7
    endloop
  endfacet
  facet normal -0.6593458151000687 -0.7518398074789775 0
    outer loop
      vertex 29.70190296114372 12.20190296114372 3
      vertex 30.021525355721657 11.921601644053485 7
      vertex 29.70190296114372 12.20190296114372 7
    endloop
  endfacet
  facet normal -0.44228869021900247 -0.8968727415326877 0
    outer loop
      vertex 30.375 11.685417437700576 3
      vertex 30.75627884481346 11.497391519338318 7
      vertex 30.375 11.685417437700576 7
    endloop
  endfacet
  facet normal -0.5555702330195984 -0.8314696123025477 0
    outer loop
      vertex 30.021525355721657 11.921601644053485 3
      vertex 30.375 11.685417437700576 7
      vertex 30.021525355721657 11.921601644053485 7
    endloop
  endfacet
  facet normal -0.19509032201613105 -0.9807852804032299 0
    outer loop
      vertex 31.15883810341681 11.360741064560528 3
      vertex 31.575789875284833 11.277804200535115 7
      vertex 31.15883810341681 11.360741064560528 7
    endloop
  endfacet
  facet normal -0.0654031292301413 -0.9978589232386036 0
    outer loop
      vertex 31.575789875284833 11.277804200535115 3
      vertex 32 11.25 7
      vertex 31.575789875284833 11.277804200535115 7
    endloop
  endfacet
  facet normal -0.3214394653031609 -0.9469301294951059 0
    outer loop
      vertex 30.75627884481346 11.497391519338318 3
      vertex 31.15883810341681 11.360741064560528 7
      vertex 30.75627884481346 11.497391519338318 7
    endloop
  endfacet
  facet normal -0.7518398074789775 -0.6593458151000687 0
    outer loop
      vertex 29.421601644053485 12.521525355721657 3
      vertex 29.70190296114372 12.20190296114372 7
      vertex 29.421601644053485 12.521525355721657 7
    endloop
  endfacet
  facet normal -0.8314696123025477 -0.5555702330195984 0
    outer loop
      vertex 29.185417437700576 12.875 3
      vertex 29.421601644053485 12.521525355721657 7
      vertex 29.185417437700576 12.875 7
    endloop
  endfacet
  facet normal 0 0 1
    outer loop
      vertex 29.185417437700576 12.875 7
      vertex 28.99739151933832 15.743721155186542 7
      vertex 28.99739151933832 13.256278844813458 7
    endloop
  endfacet
  facet normal 0 0 1
    outer loop
      vertex 31.15883810341681 11.360741064560528 7
      vertex 30.968640657621393 13.708610142288663 7
      vertex 30.75627884481346 11.497391519338318 7
    endloop
  endfacet
  facet normal 0 0 1
    outer loop
      vertex 31.15883810341681 11.360741064560528 7
      vertex 31.575789875284833 11.277804200535115 7
      vertex 31.35 13.37416697508023 7
    endloop
  endfacet
  facet normal 0 0 1
    outer loop
      vertex 31.575789875284833 11.277804200535115 7
      vertex 32 11.25 7
      vertex 31.83031595011393 13.211121680214047 7
    endloop
  endfacet
  facet normal 0 0 1
    outer loop
      vertex 29.70190296114372 12.20190296114372 7
      vertex 29.421601644053485 16.478474644278343 7
      vertex 29.421601644053485 12.521525355721657 7
    endloop
  endfacet
  facet normal 0 0 1
    outer loop
      vertex 29.185417437700576 12.875 7
      vertex 29.421601644053485 12.521525355721657 7
      vertex 29.185417437700576 16.125 7
    endloop
  endfacet
  facet normal 0 0 1
    outer loop
      vertex 29.70190296114372 12.20190296114372 7
      vertex 30.021525355721657 11.921601644053485 7
      vertex 29.70190296114372 16.79809703885628 7
    endloop
  endfacet
  facet normal 0 0 1
    outer loop
      vertex 30.375 11.685417437700576 7
      vertex 30.021525355721657 17.078398355946515 7
      vertex 30.021525355721657 11.921601644053485 7
    endloop
  endfacet
  facet normal 0 0 1
    outer loop
      vertex 30.375 11.685417437700576 7
      vertex 30.75627884481346 11.497391519338318 7
      vertex 30.375 17.314582562299424 7
    endloop
  endfacet
  facet normal 0 0 1
    outer loop
      vertex 30.75627884481346 11.497391519338318 7
      vertex 30.968640657621393 13.708610142288663 7
      vertex 30.87416697508023 13.85 7
    endloop
  endfacet
  facet normal 0 0 1
    outer loop
      vertex 30.75627884481346 11.497391519338318 7
      vertex 30.87416697508023 13.85 7
      vertex 30.798956607735327 14.002511537925383 7
    endloop
  endfacet
  facet normal 0 0 1
    outer loop
      vertex 31.15883810341681 11.360741064560528 7
      vertex 31.080761184457486 13.580761184457488 7
      vertex 30.968640657621393 13.708610142288663 7
    endloop
  endfacet
  facet normal 0 0 1
    outer loop
      vertex 31.15883810341681 11.360741064560528 7
      vertex 31.208610142288663 13.468640657621394 7
      vertex 31.080761184457486 13.580761184457488 7
    endloop
  endfacet
  facet normal 0 0 1
    outer loop
      vertex 31.575789875284833 11.277804200535115 7
      vertex 31.502511537925383 13.298956607735327 7
      vertex 31.35 13.37416697508023 7
    endloop
  endfacet
  facet normal 0 0 1
    outer loop
      vertex 31.575789875284833 11.277804200535115 7
      vertex 31.83031595011393 13.211121680214047 7
      vertex 31.663535241366723 13.244296425824212 7
    endloop
  endfacet
  facet normal 0 0 1
    outer loop
      vertex 31.575789875284833 11.277804200535115 7
      vertex 31.663535241366723 13.244296425824212 7
      vertex 31.502511537925383 13.298956607735327 7
    endloop
  endfacet
  facet normal 0 0 1
    outer loop
      vertex 31.15883810341681 11.360741064560528 7
      vertex 31.35 13.37416697508023 7
      vertex 31.208610142288663 13.468640657621394 7
    endloop
  endfacet
  facet normal 0 0 1
    outer loop
      vertex 30.75627884481346 11.497391519338318 7
      vertex 30.798956607735327 14.002511537925383 7
      vertex 30.74429642582421 14.163535241366723 7
    endloop
  endfacet
  facet normal 0 0 1
    outer loop
      vertex 30.75627884481346 11.497391519338318 7
      vertex 30.74429642582421 14.163535241366723 7
      vertex 30.711121680214045 14.330315950113933 7
    endloop
  endfacet
  facet normal 0 0 1
    outer loop
      vertex 30.75627884481346 11.497391519338318 7
      vertex 30.711121680214045 14.330315950113933 7
      vertex 30.7 14.5 7
    endloop
  endfacet
  facet normal 0.0654031292301413 -0.9978589232386036 0
    outer loop
      vertex 32 11.25 3
      vertex 32.42421012471517 11.277804200535115 7
      vertex 32 11.25 7
    endloop
  endfacet
  facet normal 0.19509032201612947 -0.9807852804032302 0
    outer loop
      vertex 32.42421012471517 11.277804200535115 3
      vertex 32.841161896583195 11.360741064560528 7
      vertex 32.42421012471517 11.277804200535115 7
    endloop
  endfacet
  facet normal 0.3214394653031634 -0.9469301294951049 0
    outer loop
      vertex 32.841161896583195 11.360741064560528 3
      vertex 33.24372115518654 11.497391519338318 7
      vertex 32.841161896583195 11.360741064560528 7
    endloop
  endfacet
  facet normal 0.44228869021900247 -0.8968727415326877 0
    outer loop
      vertex 33.24372115518654 11.497391519338318 3
      vertex 33.625 11.685417437700576 7
      vertex 33.24372115518654 11.497391519338318 7
    endloop
  endfacet
  facet normal 0.5555702330195984 -0.8314696123025477 0
    outer loop
      vertex 33.625 11.685417437700576 3
      vertex 33.97847464427834 11.921601644053485 7
      vertex 33.625 11.685417437700576 7
    endloop
  endfacet
  facet normal 0.6593458151000728 -0.7518398074789738 0
    outer loop
      vertex 33.97847464427834 11.921601644053485 3
      vertex 34.29809703885628 12.20190296114372 7
      vertex 33.97847464427834 11.921601644053485 7
    endloop
  endfacet
  facet normal 0.7518398074789775 -0.6593458151000687 0
    outer loop
      vertex 34.29809703885628 12.20190296114372 3
      vertex 34.57839835594651 12.521525355721657 7
      vertex 34.29809703885628 12.20190296114372 7
    endloop
  endfacet
  facet normal 0.83146961230254 -0.55557023301961 0
    outer loop
      vertex 34.57839835594651 12.521525355721657 3
      vertex 34.81458256229943 12.875 7
      vertex 34.57839835594651 12.521525355721657 7
    endloop
  endfacet
  facet normal 0.8968727415326877 -0.44228869021900247 0
    outer loop
      vertex 34.81458256229943 12.875 3
      vertex 35.002608480661685 13.256278844813458 7
      vertex 34.81458256229943 12.875 7
    endloop
  endfacet
  facet normal 0.946930129495108 -0.3214394653031547 0
    outer loop
      vertex 35.002608480661685 13.256278844813458 3
      vertex 35.13925893543947 13.658838103416807 7
      vertex 35.002608480661685 13.256278844813458 7
    endloop
  endfacet
  facet normal 0.9807852804032299 -0.19509032201613105 0
    outer loop
      vertex 35.13925893543947 13.658838103416807 3
      vertex 35.222195799464885 14.075789875284832 7
      vertex 35.13925893543947 13.658838103416807 7
    endloop
  endfacet
  facet normal 0 0 1
    outer loop
      vertex 32 11.25 7
      vertex 32.42421012471517 11.277804200535115 7
      vertex 32.169684049886065 13.211121680214047 7
    endloop
  endfacet
  facet normal 0 0 1
    outer loop
      vertex 32.42421012471517 11.277804200535115 7
      vertex 32.841161896583195 11.360741064560528 7
      vertex 32.33646475863328 13.244296425824212 7
    endloop
  endfacet
  facet normal 0 0 1
    outer loop
      vertex 32.841161896583195 11.360741064560528 7
      vertex 33.24372115518654 11.497391519338318 7
      vertex 32.79138985771134 13.468640657621394 7
    endloop
  endfacet
  facet normal 0 0 1
    outer loop
      vertex 32 11.25 7
      vertex 32 13.2 7
      vertex 31.83031595011393 13.211121680214047 7
    endloop
  endfacet
  facet normal 0 0 1
    outer loop
      vertex 32 11.25 7
      vertex 32.169684049886065 13.211121680214047 7
      vertex 32 13.2 7
    endloop
  endfacet
  facet normal 0 0 1
    outer loop
      vertex 32.42421012471517 11.277804200535115 7
      vertex 32.33646475863328 13.244296425824212 7
      vertex 32.169684049886065 13.211121680214047 7
    endloop
  endfacet
  facet normal 0 0 1
    outer loop
      vertex 32.841161896583195 11.360741064560528 7
      vertex 32.497488462074614 13.298956607735327 7
      vertex 32.33646475863328 13.244296425824212 7
    endloop
  endfacet
  facet normal 0 0 1
    outer loop
      vertex 32.841161896583195 11.360741064560528 7
      vertex 32.65 13.37416697508023 7
      vertex 32.497488462074614 13.298956607735327 7
    endloop
  endfacet
  facet normal 0 0 1
    outer loop
      vertex 32.841161896583195 11.360741064560528 7
      vertex 32.79138985771134 13.468640657621394 7
      vertex 32.65 13.37416697508023 7
    endloop
  endfacet
  facet normal 0 0 1
    outer loop
      vertex 33.24372115518654 11.497391519338318 7
      vertex 32.91923881554251 13.580761184457488 7
      vertex 32.79138985771134 13.468640657621394 7
    endloop
  endfacet
  facet normal 0 0 1
    outer loop
      vertex 33.24372115518654 11.497391519338318 7
      vertex 33.03135934237861 13.708610142288663 7
      vertex 32.91923881554251 13.580761184457488 7
    endloop
  endfacet
  facet normal 0 0 1
    outer loop
      vertex 33.24372115518654 11.497391519338318 7
      vertex 33.12583302491977 13.85 7
      vertex 33.03135934237861 13.708610142288663 7
    endloop
  endfacet
  facet normal 0 0 1
    outer loop
      vertex 33.24372115518654 11.497391519338318 7
      vertex 33.20104339226467 14.002511537925383 7
      vertex 33.12583302491977 13.85 7
    endloop
  endfacet
  facet normal 0 0 1
    outer loop
      vertex 33.24372115518654 11.497391519338318 7
      vertex 33.625 11.685417437700576 7
      vertex 33.20104339226467 14.002511537925383 7
    endloop
  endfacet
  facet normal 0 0 1
    outer loop
      vertex 33.625 11.685417437700576 7
      vertex 33.25570357417579 14.163535241366723 7
      vertex 33.20104339226467 14.002511537925383 7
    endloop
  endfacet
  facet normal 0 0 1
    outer loop
      vertex 33.625 11.685417437700576 7
      vertex 33.28887831978595 14.330315950113933 7
      vertex 33.25570357417579 14.163535241366723 7
    endloop
  endfacet
  facet normal 0 0 1
    outer loop
      vertex 33.625 11.685417437700576 7
      vertex 33.3 14.5 7
      vertex 33.28887831978595 14.330315950113933 7
    endloop
  endfacet
  facet normal 0 0 1
    outer loop
      vertex 33.625 11.685417437700576 7
      vertex 33.97847464427834 11.921601644053485 7
      vertex 33.625 17.314582562299424 7
    endloop
  endfacet
  facet normal 0 0 1
    outer loop
      vertex 33.97847464427834 11.921601644053485 7
      vertex 34.29809703885628 12.20190296114372 7
      vertex 33.97847464427834 17.078398355946515 7
    endloop
  endfacet
  facet normal 0 0 1
    outer loop
      vertex 34.29809703885628 12.20190296114372 7
      vertex 34.57839835594651 12.521525355721657 7
      vertex 34.29809703885628 16.79809703885628 7
    endloop
  endfacet
  facet normal 0 0 1
    outer loop
      vertex 34.57839835594651 12.521525355721657 7
      vertex 34.81458256229943 12.875 7
      vertex 34.57839835594651 16.478474644278343 7
    endloop
  endfacet
  facet normal -0.9978589232386036 -0.06540312923014102 0
    outer loop
      vertex 28.777804200535115 14.075789875284832 3
      vertex 28.777804200535115 14.075789875284832 7
      vertex 28.75 14.5 3
    endloop
  endfacet
  facet normal -0.9978589232386036 0.06540312923014102 0
    outer loop
      vertex 28.75 14.5 3
      vertex 28.75 14.5 7
      vertex 28.777804200535115 14.924210124715168 3
    endloop
  endfacet
  facet normal -0.9807852804032299 0.19509032201613105 0
    outer loop
      vertex 28.777804200535115 14.924210124715168 3
      vertex 28.777804200535115 14.924210124715168 7
      vertex 28.86074106456053 15.341161896583193 3
    endloop
  endfacet
  facet normal -0.9469301294951055 0.32143946530316214 0
    outer loop
      vertex 28.86074106456053 15.341161896583193 3
      vertex 28.86074106456053 15.341161896583193 7
      vertex 28.99739151933832 15.743721155186542 3
    endloop
  endfacet
  facet normal -0.8968727415326877 0.44228869021900247 0
    outer loop
      vertex 28.99739151933832 15.743721155186542 3
      vertex 28.99739151933832 15.743721155186542 7
      vertex 29.185417437700576 16.125 3
    endloop
  endfacet
  facet normal -0.8314696123025477 0.5555702330195984 0
    outer loop
      vertex 29.185417437700576 16.125 3
      vertex 29.185417437700576 16.125 7
      vertex 29.421601644053485 16.478474644278343 3
    endloop
  endfacet
  facet normal -0.7518398074789775 0.6593458151000687 0
    outer loop
      vertex 29.421601644053485 16.478474644278343 3
      vertex 29.421601644053485 16.478474644278343 7
      vertex 29.70190296114372 16.79809703885628 3
    endloop
  endfacet
  facet normal -0.6593458151000687 0.7518398074789775 0
    outer loop
      vertex 29.70190296114372 16.79809703885628 3
      vertex 29.70190296114372 16.79809703885628 7
      vertex 30.021525355721657 17.078398355946515 3
    endloop
  endfacet
  facet normal -0.5555702330195984 0.8314696123025477 0
    outer loop
      vertex 30.021525355721657 17.078398355946515 3
      vertex 30.021525355721657 17.078398355946515 7
      vertex 30.375 17.314582562299424 3
    endloop
  endfacet
  facet normal -0.44228869021900247 0.8968727415326877 0
    outer loop
      vertex 30.375 17.314582562299424 3
      vertex 30.375 17.314582562299424 7
      vertex 30.75627884481346 17.50260848066168 3
    endloop
  endfacet
  facet normal -0.3214394653031609 0.9469301294951059 0
    outer loop
      vertex 30.75627884481346 17.50260848066168 3
      vertex 30.75627884481346 17.50260848066168 7
      vertex 31.15883810341681 17.63925893543947 3
    endloop
  endfacet
  facet normal -0.19509032201613105 0.9807852804032299 0
    outer loop
      vertex 31.15883810341681 17.63925893543947 3
      vertex 31.15883810341681 17.63925893543947 7
      vertex 31.575789875284833 17.722195799464885 3
    endloop
  endfacet
  facet normal -0.0654031292301413 0.9978589232386036 0
    outer loop
      vertex 31.575789875284833 17.722195799464885 3
      vertex 31.575789875284833 17.722195799464885 7
      vertex 32 17.75 3
    endloop
  endfacet
  facet normal 0.44228869021900247 0.8968727415326877 -1.606670153078468e-18
    outer loop
      vertex 33.625 17.314582562299424 3
      vertex 33.24372115518654 17.50260848066168 3
      vertex 33.24372115518654 17.50260848066168 7
    endloop
  endfacet
  facet normal 0.5555702330195984 0.8314696123025477 0
    outer loop
      vertex 33.625 17.314582562299424 3
      vertex 33.625 17.314582562299424 7
      vertex 33.97847464427834 17.078398355946515 3
    endloop
  endfacet
  facet normal 0.6593458151000728 0.7518398074789738 -1.5966075491583787e-18
    outer loop
      vertex 34.29809703885628 16.79809703885628 3
      vertex 33.97847464427834 17.078398355946515 3
      vertex 33.97847464427834 17.078398355946515 7
    endloop
  endfacet
  facet normal 0.7518398074789775 0.6593458151000687 0
    outer loop
      vertex 34.29809703885628 16.79809703885628 3
      vertex 34.29809703885628 16.79809703885628 7
      vertex 34.57839835594651 16.478474644278343 3
    endloop
  endfacet
  facet normal 0.9978589232386036 -0.06540312923014102 4.430659147627472e-19
    outer loop
      vertex 35.222195799464885 14.075789875284832 3
      vertex 35.25 14.5 3
      vertex 35.25 14.5 7
    endloop
  endfacet
  facet normal 0.9978589232386036 0.06540312923014102 -4.430659147627472e-19
    outer loop
      vertex 35.25 14.5 3
      vertex 35.222195799464885 14.924210124715168 3
      vertex 35.222195799464885 14.924210124715168 7
    endloop
  endfacet
  facet normal 0.9807852804032299 0.19509032201613105 0
    outer loop
      vertex 35.13925893543947 15.341161896583193 3
      vertex 35.13925893543947 15.341161896583193 7
      vertex 35.222195799464885 14.924210124715168 3
    endloop
  endfacet
  facet normal 0.946930129495108 0.3214394653031547 -1.960261523852676e-18
    outer loop
      vertex 35.13925893543947 15.341161896583193 3
      vertex 35.002608480661685 15.743721155186542 3
      vertex 35.002608480661685 15.743721155186542 7
    endloop
  endfacet
  facet normal 0.8968727415326877 0.44228869021900247 -1.606670153078468e-18
    outer loop
      vertex 35.002608480661685 15.743721155186542 3
      vertex 34.81458256229943 16.125 3
      vertex 34.81458256229943 16.125 7
    endloop
  endfacet
  facet normal 0.83146961230254 0.55557023301961 3.651665437464317e-18
    outer loop
      vertex 34.81458256229943 16.125 3
      vertex 34.57839835594651 16.478474644278343 3
      vertex 34.57839835594651 16.478474644278343 7
    endloop
  endfacet
  facet normal 0.0654031292301413 0.9978589232386036 0
    outer loop
      vertex 32 17.75 3
      vertex 32 17.75 7
      vertex 32.42421012471517 17.722195799464885 3
    endloop
  endfacet
  facet normal 0.19509032201612947 0.9807852804032302 0
    outer loop
      vertex 32.42421012471517 17.722195799464885 3
      vertex 32.42421012471517 17.722195799464885 7
      vertex 32.841161896583195 17.63925893543947 3
    endloop
  endfacet
  facet normal 0.3214394653031634 0.9469301294951049 0
    outer loop
      vertex 32.841161896583195 17.63925893543947 3
      vertex 32.841161896583195 17.63925893543947 7
      vertex 33.24372115518654 17.50260848066168 3
    endloop
  endfacet
  facet normal -0.9978589232386036 -0.06540312923014102 0
    outer loop
      vertex 28.75 14.5 3
      vertex 28.777804200535115 14.075789875284832 7
      vertex 28.75 14.5 7
    endloop
  endfacet
  facet normal -0.9978589232386036 0.06540312923014102 0
    outer loop
      vertex 28.777804200535115 14.924210124715168 3
      vertex 28.75 14.5 7
      vertex 28.777804200535115 14.924210124715168 7
    endloop
  endfacet
  facet normal -0.9807852804032299 0.19509032201613105 0
    outer loop
      vertex 28.86074106456053 15.341161896583193 3
      vertex 28.777804200535115 14.924210124715168 7
      vertex 28.86074106456053 15.341161896583193 7
    endloop
  endfacet
  facet normal -0.9469301294951055 0.32143946530316214 0
    outer loop
      vertex 28.99739151933832 15.743721155186542 3
      vertex 28.86074106456053 15.341161896583193 7
      vertex 28.99739151933832 15.743721155186542 7
    endloop
  endfacet
  facet normal -0.8968727415326877 0.44228869021900247 0
    outer loop
      vertex 29.185417437700576 16.125 3
      vertex 28.99739151933832 15.743721155186542 7
      vertex 29.185417437700576 16.125 7
    endloop
  endfacet
  facet normal -0.8314696123025477 0.5555702330195984 0
    outer loop
      vertex 29.421601644053485 16.478474644278343 3
      vertex 29.185417437700576 16.125 7
      vertex 29.421601644053485 16.478474644278343 7
    endloop
  endfacet
  facet normal -0.7518398074789775 0.6593458151000687 0
    outer loop
      vertex 29.70190296114372 16.79809703885628 3
      vertex 29.421601644053485 16.478474644278343 7
      vertex 29.70190296114372 16.79809703885628 7
    endloop
  endfacet
  facet normal -0.6593458151000687 0.7518398074789775 0
    outer loop
      vertex 30.021525355721657 17.078398355946515 3
      vertex 29.70190296114372 16.79809703885628 7
      vertex 30.021525355721657 17.078398355946515 7
    endloop
  endfacet
  facet normal -0.5555702330195984 0.8314696123025477 0
    outer loop
      vertex 30.375 17.314582562299424 3
      vertex 30.021525355721657 17.078398355946515 7
      vertex 30.375 17.314582562299424 7
    endloop
  endfacet
  facet normal -0.44228869021900247 0.8968727415326877 0
    outer loop
      vertex 30.75627884481346 17.50260848066168 3
      vertex 30.375 17.314582562299424 7
      vertex 30.75627884481346 17.50260848066168 7
    endloop
  endfacet
  facet normal -0.3214394653031609 0.9469301294951059 0
    outer loop
      vertex 31.15883810341681 17.63925893543947 3
      vertex 30.75627884481346 17.50260848066168 7
      vertex 31.15883810341681 17.63925893543947 7
    endloop
  endfacet
  facet normal -0.19509032201613105 0.9807852804032299 0
    outer loop
      vertex 31.575789875284833 17.722195799464885 3
      vertex 31.15883810341681 17.63925893543947 7
      vertex 31.575789875284833 17.722195799464885 7
    endloop
  endfacet
  facet normal -0.0654031292301413 0.9978589232386036 0
    outer loop
      vertex 32 17.75 3
      vertex 31.575789875284833 17.722195799464885 7
      vertex 32 17.75 7
    endloop
  endfacet
  facet normal 0 0 1
    outer loop
      vertex 28.86074106456053 13.658838103416807 7
      vertex 28.777804200535115 14.924210124715168 7
      vertex 28.777804200535115 14.075789875284832 7
    endloop
  endfacet
  facet normal 0 0 1
    outer loop
      vertex 28.99739151933832 13.256278844813458 7
      vertex 28.86074106456053 15.341161896583193 7
      vertex 28.86074106456053 13.658838103416807 7
    endloop
  endfacet
  facet normal 0 0 1
    outer loop
      vertex 28.777804200535115 14.075789875284832 7
      vertex 28.777804200535115 14.924210124715168 7
      vertex 28.75 14.5 7
    endloop
  endfacet
  facet normal 0 0 1
    outer loop
      vertex 28.86074106456053 13.658838103416807 7
      vertex 28.86074106456053 15.341161896583193 7
      vertex 28.777804200535115 14.924210124715168 7
    endloop
  endfacet
  facet normal 0 0 1
    outer loop
      vertex 28.99739151933832 13.256278844813458 7
      vertex 28.99739151933832 15.743721155186542 7
      vertex 28.86074106456053 15.341161896583193 7
    endloop
  endfacet
  facet normal 0 0 1
    outer loop
      vertex 29.185417437700576 12.875 7
      vertex 29.185417437700576 16.125 7
      vertex 28.99739151933832 15.743721155186542 7
    endloop
  endfacet
  facet normal 0 0 1
    outer loop
      vertex 29.421601644053485 12.521525355721657 7
      vertex 29.421601644053485 16.478474644278343 7
      vertex 29.185417437700576 16.125 7
    endloop
  endfacet
  facet normal 0 0 1
    outer loop
      vertex 29.70190296114372 12.20190296114372 7
      vertex 29.70190296114372 16.79809703885628 7
      vertex 29.421601644053485 16.478474644278343 7
    endloop
  endfacet
  facet normal 0 0 1
    outer loop
      vertex 30.021525355721657 11.921601644053485 7
      vertex 30.021525355721657 17.078398355946515 7
      vertex 29.70190296114372 16.79809703885628 7
    endloop
  endfacet
  facet normal 0 0 1
    outer loop
      vertex 30.375 11.685417437700576 7
      vertex 30.375 17.314582562299424 7
      vertex 30.021525355721657 17.078398355946515 7
    endloop
  endfacet
  facet normal 0 0 1
    outer loop
      vertex 30.75627884481346 11.497391519338318 7
      vertex 30.7 14.5 7
      vertex 30.375 17.314582562299424 7
    endloop
  endfacet
  facet normal 0 0 1
    outer loop
      vertex 30.375 17.314582562299424 7
      vertex 30.7 14.5 7
      vertex 30.711121680214045 14.669684049886067 7
    endloop
  endfacet
  facet normal 0 0 1
    outer loop
      vertex 30.375 17.314582562299424 7
      vertex 30.711121680214045 14.669684049886067 7
      vertex 30.74429642582421 14.836464758633277 7
    endloop
  endfacet
  facet normal 0 0 1
    outer loop
      vertex 30.375 17.314582562299424 7
      vertex 30.74429642582421 14.836464758633277 7
      vertex 30.798956607735327 14.997488462074617 7
    endloop
  endfacet
  facet normal 0 0 1
    outer loop
      vertex 30.75627884481346 17.50260848066168 7
      vertex 30.798956607735327 14.997488462074617 7
      vertex 30.87416697508023 15.15 7
    endloop
  endfacet
  facet normal 0 0 1
    outer loop
      vertex 30.75627884481346 17.50260848066168 7
      vertex 30.87416697508023 15.15 7
      vertex 30.968640657621393 15.291389857711337 7
    endloop
  endfacet
  facet normal 0 0 1
    outer loop
      vertex 30.75627884481346 17.50260848066168 7
      vertex 30.968640657621393 15.291389857711337 7
      vertex 31.080761184457486 15.419238815542512 7
    endloop
  endfacet
  facet normal 0 0 1
    outer loop
      vertex 30.75627884481346 17.50260848066168 7
      vertex 31.080761184457486 15.419238815542512 7
      vertex 31.208610142288663 15.531359342378606 7
    endloop
  endfacet
  facet normal 0 0 1
    outer loop
      vertex 30.375 17.314582562299424 7
      vertex 30.798956607735327 14.997488462074617 7
      vertex 30.75627884481346 17.50260848066168 7
    endloop
  endfacet
  facet normal 0 0 1
    outer loop
      vertex 31.15883810341681 17.63925893543947 7
      vertex 31.208610142288663 15.531359342378606 7
      vertex 31.35 15.62583302491977 7
    endloop
  endfacet
  facet normal 0 0 1
    outer loop
      vertex 31.15883810341681 17.63925893543947 7
      vertex 31.35 15.62583302491977 7
      vertex 31.502511537925383 15.701043392264673 7
    endloop
  endfacet
  facet normal 0 0 1
    outer loop
      vertex 31.15883810341681 17.63925893543947 7
      vertex 31.502511537925383 15.701043392264673 7
      vertex 31.663535241366723 15.755703574175788 7
    endloop
  endfacet
  facet normal 0 0 1
    outer loop
      vertex 31.575789875284833 17.722195799464885 7
      vertex 31.663535241366723 15.755703574175788 7
      vertex 31.83031595011393 15.788878319785953 7
    endloop
  endfacet
  facet normal 0 0 1
    outer loop
      vertex 30.75627884481346 17.50260848066168 7
      vertex 31.208610142288663 15.531359342378606 7
      vertex 31.15883810341681 17.63925893543947 7
    endloop
  endfacet
  facet normal 0 0 1
    outer loop
      vertex 31.15883810341681 17.63925893543947 7
      vertex 31.663535241366723 15.755703574175788 7
      vertex 31.575789875284833 17.722195799464885 7
    endloop
  endfacet
  facet normal 0 0 1
    outer loop
      vertex 31.575789875284833 17.722195799464885 7
      vertex 31.83031595011393 15.788878319785953 7
      vertex 32 17.75 7
    endloop
  endfacet
  facet normal 0.7518398074789775 0.6593458151000687 0
    outer loop
      vertex 34.57839835594651 16.478474644278343 3
      vertex 34.29809703885628 16.79809703885628 7
      vertex 34.57839835594651 16.478474644278343 7
    endloop
  endfacet
  facet normal 0.44228869021900247 0.8968727415326877 0
    outer loop
      vertex 33.625 17.314582562299424 3
      vertex 33.24372115518654 17.50260848066168 7
      vertex 33.625 17.314582562299424 7
    endloop
  endfacet
  facet normal 0.5555702330195984 0.8314696123025477 0
    outer loop
      vertex 33.97847464427834 17.078398355946515 3
      vertex 33.625 17.314582562299424 7
      vertex 33.97847464427834 17.078398355946515 7
    endloop
  endfacet
  facet normal 0.6593458151000728 0.7518398074789738 0
    outer loop
      vertex 34.29809703885628 16.79809703885628 3
      vertex 33.97847464427834 17.078398355946515 7
      vertex 34.29809703885628 16.79809703885628 7
    endloop
  endfacet
  facet normal 0.9978589232386036 -0.06540312923014102 0
    outer loop
      vertex 35.222195799464885 14.075789875284832 3
      vertex 35.25 14.5 7
      vertex 35.222195799464885 14.075789875284832 7
    endloop
  endfacet
  facet normal 0.9978589232386036 0.06540312923014102 0
    outer loop
      vertex 35.25 14.5 3
      vertex 35.222195799464885 14.924210124715168 7
      vertex 35.25 14.5 7
    endloop
  endfacet
  facet normal 0.9807852804032299 0.19509032201613105 0
    outer loop
      vertex 35.222195799464885 14.924210124715168 3
      vertex 35.13925893543947 15.341161896583193 7
      vertex 35.222195799464885 14.924210124715168 7
    endloop
  endfacet
  facet normal 0.946930129495108 0.3214394653031547 0
    outer loop
      vertex 35.13925893543947 15.341161896583193 3
      vertex 35.002608480661685 15.743721155186542 7
      vertex 35.13925893543947 15.341161896583193 7
    endloop
  endfacet
  facet normal 0.8968727415326877 0.44228869021900247 0
    outer loop
      vertex 35.002608480661685 15.743721155186542 3
      vertex 34.81458256229943 16.125 7
      vertex 35.002608480661685 15.743721155186542 7
    endloop
  endfacet
  facet normal 0.83146961230254 0.55557023301961 0
    outer loop
      vertex 34.81458256229943 16.125 3
      vertex 34.57839835594651 16.478474644278343 7
      vertex 34.81458256229943 16.125 7
    endloop
  endfacet
  facet normal 0.0654031292301413 0.9978589232386036 0
    outer loop
      vertex 32.42421012471517 17.722195799464885 3
      vertex 32 17.75 7
      vertex 32.42421012471517 17.722195799464885 7
    endloop
  endfacet
  facet normal 0.19509032201612947 0.9807852804032302 0
    outer loop
      vertex 32.841161896583195 17.63925893543947 3
      vertex 32.42421012471517 17.722195799464885 7
      vertex 32.841161896583195 17.63925893543947 7
    endloop
  endfacet
  facet normal 0.3214394653031634 0.9469301294951049 0
    outer loop
      vertex 33.24372115518654 17.50260848066168 3
      vertex 32.841161896583195 17.63925893543947 7
      vertex 33.24372115518654 17.50260848066168 7
    endloop
  endfacet
  facet normal 0 0 1
    outer loop
      vertex 33.625 11.685417437700576 7
      vertex 33.24372115518654 17.50260848066168 7
      vertex 33.3 14.5 7
    endloop
  endfacet
  facet normal 0 0 1
    outer loop
      vertex 33.625 11.685417437700576 7
      vertex 33.625 17.314582562299424 7
      vertex 33.24372115518654 17.50260848066168 7
    endloop
  endfacet
  facet normal 0 0 1
    outer loop
      vertex 33.24372115518654 17.50260848066168 7
      vertex 33.28887831978595 14.669684049886067 7
      vertex 33.3 14.5 7
    endloop
  endfacet
  facet normal 0 0 1
    outer loop
      vertex 33.24372115518654 17.50260848066168 7
      vertex 33.25570357417579 14.836464758633277 7
      vertex 33.28887831978595 14.669684049886067 7
    endloop
  endfacet
  facet normal 0 0 1
    outer loop
      vertex 33.97847464427834 11.921601644053485 7
      vertex 33.97847464427834 17.078398355946515 7
      vertex 33.625 17.314582562299424 7
    endloop
  endfacet
  facet normal 0 0 1
    outer loop
      vertex 34.57839835594651 12.521525355721657 7
      vertex 34.57839835594651 16.478474644278343 7
      vertex 34.29809703885628 16.79809703885628 7
    endloop
  endfacet
  facet normal 0 0 1
    outer loop
      vertex 34.29809703885628 12.20190296114372 7
      vertex 34.29809703885628 16.79809703885628 7
      vertex 33.97847464427834 17.078398355946515 7
    endloop
  endfacet
  facet normal 0 0 1
    outer loop
      vertex 32 17.75 7
      vertex 31.83031595011393 15.788878319785953 7
      vertex 32 15.8 7
    endloop
  endfacet
  facet normal 0 0 1
    outer loop
      vertex 32 17.75 7
      vertex 32 15.8 7
      vertex 32.169684049886065 15.788878319785953 7
    endloop
  endfacet
  facet normal 0 0 1
    outer loop
      vertex 32.42421012471517 17.722195799464885 7
      vertex 32.33646475863328 15.755703574175788 7
      vertex 32.497488462074614 15.701043392264673 7
    endloop
  endfacet
  facet normal 0 0 1
    outer loop
      vertex 32.42421012471517 17.722195799464885 7
      vertex 32.497488462074614 15.701043392264673 7
      vertex 32.65 15.62583302491977 7
    endloop
  endfacet
  facet normal 0 0 1
    outer loop
      vertex 32.42421012471517 17.722195799464885 7
      vertex 32.169684049886065 15.788878319785953 7
      vertex 32.33646475863328 15.755703574175788 7
    endloop
  endfacet
  facet normal 0 0 1
    outer loop
      vertex 33.24372115518654 17.50260848066168 7
      vertex 33.12583302491977 15.15 7
      vertex 33.20104339226467 14.997488462074617 7
    endloop
  endfacet
  facet normal 0 0 1
    outer loop
      vertex 32.841161896583195 17.63925893543947 7
      vertex 32.91923881554251 15.419238815542512 7
      vertex 33.03135934237861 15.291389857711337 7
    endloop
  endfacet
  facet normal 0 0 1
    outer loop
      vertex 33.24372115518654 17.50260848066168 7
      vertex 33.03135934237861 15.291389857711337 7
      vertex 33.12583302491977 15.15 7
    endloop
  endfacet
  facet normal 0 0 1
    outer loop
      vertex 32.841161896583195 17.63925893543947 7
      vertex 32.65 15.62583302491977 7
      vertex 32.79138985771134 15.531359342378606 7
    endloop
  endfacet
  facet normal 0 0 1
    outer loop
      vertex 32.841161896583195 17.63925893543947 7
      vertex 32.79138985771134 15.531359342378606 7
      vertex 32.91923881554251 15.419238815542512 7
    endloop
  endfacet
  facet normal 0 0 1
    outer loop
      vertex 32 17.75 7
      vertex 32.169684049886065 15.788878319785953 7
      vertex 32.42421012471517 17.722195799464885 7
    endloop
  endfacet
  facet normal 0 0 1
    outer loop
      vertex 32.42421012471517 17.722195799464885 7
      vertex 32.65 15.62583302491977 7
      vertex 32.841161896583195 17.63925893543947 7
    endloop
  endfacet
  facet normal 0 0 1
    outer loop
      vertex 32.841161896583195 17.63925893543947 7
      vertex 33.03135934237861 15.291389857711337 7
      vertex 33.24372115518654 17.50260848066168 7
    endloop
  endfacet
  facet normal 0 0 1
    outer loop
      vertex 33.24372115518654 17.50260848066168 7
      vertex 33.20104339226467 14.997488462074617 7
      vertex 33.25570357417579 14.836464758633277 7
    endloop
  endfacet
  facet normal 0 0 1
    outer loop
      vertex 34.81458256229943 12.875 7
      vertex 35.002608480661685 13.256278844813458 7
      vertex 34.81458256229943 16.125 7
    endloop
  endfacet
  facet normal 0 0 1
    outer loop
      vertex 35.002608480661685 13.256278844813458 7
      vertex 35.13925893543947 13.658838103416807 7
      vertex 35.002608480661685 15.743721155186542 7
    endloop
  endfacet
  facet normal 0 0 1
    outer loop
      vertex 35.13925893543947 13.658838103416807 7
      vertex 35.222195799464885 14.075789875284832 7
      vertex 35.13925893543947 15.341161896583193 7
    endloop
  endfacet
  facet normal 0 0 1
    outer loop
      vertex 35.222195799464885 14.075789875284832 7
      vertex 35.222195799464885 14.924210124715168 7
      vertex 35.13925893543947 15.341161896583193 7
    endloop
  endfacet
  facet normal 0 0 1
    outer loop
      vertex 35.222195799464885 14.075789875284832 7
      vertex 35.25 14.5 7
      vertex 35.222195799464885 14.924210124715168 7
    endloop
  endfacet
  facet normal 0 0 1
    outer loop
      vertex 34.81458256229943 12.875 7
      vertex 34.81458256229943 16.125 7
      vertex 34.57839835594651 16.478474644278343 7
    endloop
  endfacet
  facet normal 0 0 1
    outer loop
      vertex 35.002608480661685 13.256278844813458 7
      vertex 35.002608480661685 15.743721155186542 7
      vertex 34.81458256229943 16.125 7
    endloop
  endfacet
  facet normal 0 0 1
    outer loop
      vertex 35.13925893543947 13.658838103416807 7
      vertex 35.13925893543947 15.341161896583193 7
      vertex 35.002608480661685 15.743721155186542 7
    endloop
  endfacet
  facet normal -0.32143946530315337 -0.9469301294951084 -1.888918968778433e-18
    outer loop
      vertex 30.75627884481346 38.497391519338315 3
      vertex 31.15883810341681 38.36074106456053 3
      vertex 31.15883810341681 38.36074106456053 7
    endloop
  endfacet
  facet normal -0.19509032201613105 -0.9807852804032299 -1.5369402721663284e-19
    outer loop
      vertex 31.15883810341681 38.36074106456053 3
      vertex 31.575789875284833 38.277804200535115 3
      vertex 31.575789875284833 38.277804200535115 7
    endloop
  endfacet
  facet normal -0.0654031292301413 -0.9978589232386036 3.7929923536516904e-20
    outer loop
      vertex 31.575789875284833 38.277804200535115 3
      vertex 32 38.25 3
      vertex 32 38.25 7
    endloop
  endfacet
  facet normal -0.8968727415326877 -0.44228869021900247 0
    outer loop
      vertex 29.185417437700576 39.875 3
      vertex 29.185417437700576 39.875 7
      vertex 28.99739151933832 40.25627884481346 3
    endloop
  endfacet
  facet normal -0.9469301294951049 -0.3214394653031634 1.5986936039343823e-18
    outer loop
      vertex 28.86074106456053 40.658838103416805 3
      vertex 28.99739151933832 40.25627884481346 3
      vertex 28.99739151933832 40.25627884481346 7
    endloop
  endfacet
  facet normal -0.9807852804032302 -0.19509032201612947 0
    outer loop
      vertex 28.86074106456053 40.658838103416805 3
      vertex 28.86074106456053 40.658838103416805 7
      vertex 28.777804200535115 41.07578987528483 3
    endloop
  endfacet
  facet normal -0.9978589232386036 -0.0654031292301413 0
    outer loop
      vertex 28.777804200535115 41.07578987528483 3
      vertex 28.777804200535115 41.07578987528483 7
      vertex 28.75 41.5 3
    endloop
  endfacet
  facet normal -0.9978589232386036 0.0654031292301413 0
    outer loop
      vertex 28.75 41.5 3
      vertex 28.75 41.5 7
      vertex 28.777804200535115 41.92421012471517 3
    endloop
  endfacet
  facet normal -0.7518398074789738 -0.6593458151000728 0
    outer loop
      vertex 29.70190296114372 39.20190296114372 3
      vertex 29.70190296114372 39.20190296114372 7
      vertex 29.421601644053485 39.52152535572166 3
    endloop
  endfacet
  facet normal -0.55557023301961 -0.83146961230254 3.651665437464317e-18
    outer loop
      vertex 30.021525355721657 38.92160164405349 3
      vertex 30.375 38.68541743770057 3
      vertex 30.375 38.68541743770057 7
    endloop
  endfacet
  facet normal -0.6593458151000687 -0.7518398074789775 3.854187345051578e-19
    outer loop
      vertex 29.70190296114372 39.20190296114372 3
      vertex 30.021525355721657 38.92160164405349 3
      vertex 30.021525355721657 38.92160164405349 7
    endloop
  endfacet
  facet normal -0.8314696123025477 -0.5555702330195984 3.480428311525539e-18
    outer loop
      vertex 29.185417437700576 39.875 3
      vertex 29.421601644053485 39.52152535572166 3
      vertex 29.421601644053485 39.52152535572166 7
    endloop
  endfacet
  facet normal -0.44228869021900247 -0.8968727415326877 0
    outer loop
      vertex 30.75627884481346 38.497391519338315 3
      vertex 30.75627884481346 38.497391519338315 7
      vertex 30.375 38.68541743770057 3
    endloop
  endfacet
  facet normal 0.0654031292301413 -0.9978589232386036 -3.7929923536516904e-20
    outer loop
      vertex 32 38.25 3
      vertex 32.42421012471517 38.277804200535115 3
      vertex 32.42421012471517 38.277804200535115 7
    endloop
  endfacet
  facet normal 0.19509032201612947 -0.9807852804032302 -2.0348078027264312e-18
    outer loop
      vertex 32.42421012471517 38.277804200535115 3
      vertex 32.841161896583195 38.36074106456053 3
      vertex 32.841161896583195 38.36074106456053 7
    endloop
  endfacet
  facet normal 0.3214394653031559 -0.9469301294951076 2.0316040789269195e-18
    outer loop
      vertex 32.841161896583195 38.36074106456053 3
      vertex 33.24372115518654 38.497391519338315 3
      vertex 33.24372115518654 38.497391519338315 7
    endloop
  endfacet
  facet normal 0.44228869021900247 -0.8968727415326877 1.606670153078468e-18
    outer loop
      vertex 33.24372115518654 38.497391519338315 3
      vertex 33.625 38.68541743770057 3
      vertex 33.625 38.68541743770057 7
    endloop
  endfacet
  facet normal 0.55557023301961 -0.83146961230254 -3.651665437464317e-18
    outer loop
      vertex 33.625 38.68541743770057 3
      vertex 33.97847464427834 38.92160164405349 3
      vertex 33.97847464427834 38.92160164405349 7
    endloop
  endfacet
  facet normal 0.6593458151000728 -0.7518398074789738 1.5966075491583787e-18
    outer loop
      vertex 33.97847464427834 38.92160164405349 3
      vertex 34.29809703885628 39.20190296114372 3
      vertex 34.29809703885628 39.20190296114372 7
    endloop
  endfacet
  facet normal 0.7518398074789738 -0.6593458151000728 1.5966075491583787e-18
    outer loop
      vertex 34.29809703885628 39.20190296114372 3
      vertex 34.57839835594651 39.52152535572166 3
      vertex 34.57839835594651 39.52152535572166 7
    endloop
  endfacet
  facet normal 0.83146961230254 -0.55557023301961 -3.651665437464317e-18
    outer loop
      vertex 34.57839835594651 39.52152535572166 3
      vertex 34.81458256229943 39.875 3
      vertex 34.81458256229943 39.875 7
    endloop
  endfacet
  facet normal 0.8968727415326877 -0.44228869021900247 1.606670153078468e-18
    outer loop
      vertex 34.81458256229943 39.875 3
      vertex 35.002608480661685 40.25627884481346 3
      vertex 35.002608480661685 40.25627884481346 7
    endloop
  endfacet
  facet normal 0.9469301294951076 -0.3214394653031559 2.0316040789269195e-18
    outer loop
      vertex 35.002608480661685 40.25627884481346 3
      vertex 35.13925893543947 40.658838103416805 3
      vertex 35.13925893543947 40.658838103416805 7
    endloop
  endfacet
  facet normal 0.9807852804032302 -0.19509032201612947 -2.0348078027264312e-18
    outer loop
      vertex 35.13925893543947 40.658838103416805 3
      vertex 35.222195799464885 41.07578987528483 3
      vertex 35.222195799464885 41.07578987528483 7
    endloop
  endfacet
  facet normal 0.9978589232386036 -0.0654031292301413 -3.7929923536516904e-20
    outer loop
      vertex 35.222195799464885 41.07578987528483 3
      vertex 35.25 41.5 3
      vertex 35.25 41.5 7
    endloop
  endfacet
  facet normal 0.9978589232386036 0.0654031292301413 3.7929923536516904e-20
    outer loop
      vertex 35.25 41.5 3
      vertex 35.222195799464885 41.92421012471517 3
      vertex 35.222195799464885 41.92421012471517 7
    endloop
  endfacet
  facet normal -0.32143946530315337 -0.9469301294951084 0
    outer loop
      vertex 30.75627884481346 38.497391519338315 3
      vertex 31.15883810341681 38.36074106456053 7
      vertex 30.75627884481346 38.497391519338315 7
    endloop
  endfacet
  facet normal -0.19509032201613105 -0.9807852804032299 0
    outer loop
      vertex 31.15883810341681 38.36074106456053 3
      vertex 31.575789875284833 38.277804200535115 7
      vertex 31.15883810341681 38.36074106456053 7
    endloop
  endfacet
  facet normal -0.0654031292301413 -0.9978589232386036 0
    outer loop
      vertex 31.575789875284833 38.277804200535115 3
      vertex 32 38.25 7
      vertex 31.575789875284833 38.277804200535115 7
    endloop
  endfacet
  facet normal -0.8968727415326877 -0.44228869021900247 0
    outer loop
      vertex 28.99739151933832 40.25627884481346 3
      vertex 29.185417437700576 39.875 7
      vertex 28.99739151933832 40.25627884481346 7
    endloop
  endfacet
  facet normal -0.9469301294951049 -0.3214394653031634 0
    outer loop
      vertex 28.86074106456053 40.658838103416805 3
      vertex 28.99739151933832 40.25627884481346 7
      vertex 28.86074106456053 40.658838103416805 7
    endloop
  endfacet
  facet normal -0.9807852804032302 -0.19509032201612947 0
    outer loop
      vertex 28.777804200535115 41.07578987528483 3
      vertex 28.86074106456053 40.658838103416805 7
      vertex 28.777804200535115 41.07578987528483 7
    endloop
  endfacet
  facet normal -0.9978589232386036 -0.0654031292301413 0
    outer loop
      vertex 28.75 41.5 3
      vertex 28.777804200535115 41.07578987528483 7
      vertex 28.75 41.5 7
    endloop
  endfacet
  facet normal -0.9978589232386036 0.0654031292301413 0
    outer loop
      vertex 28.777804200535115 41.92421012471517 3
      vertex 28.75 41.5 7
      vertex 28.777804200535115 41.92421012471517 7
    endloop
  endfacet
  facet normal -0.6593458151000687 -0.7518398074789775 0
    outer loop
      vertex 29.70190296114372 39.20190296114372 3
      vertex 30.021525355721657 38.92160164405349 7
      vertex 29.70190296114372 39.20190296114372 7
    endloop
  endfacet
  facet normal -0.55557023301961 -0.83146961230254 0
    outer loop
      vertex 30.021525355721657 38.92160164405349 3
      vertex 30.375 38.68541743770057 7
      vertex 30.021525355721657 38.92160164405349 7
    endloop
  endfacet
  facet normal -0.44228869021900247 -0.8968727415326877 0
    outer loop
      vertex 30.375 38.68541743770057 3
      vertex 30.75627884481346 38.497391519338315 7
      vertex 30.375 38.68541743770057 7
    endloop
  endfacet
  facet normal -0.7518398074789738 -0.6593458151000728 0
    outer loop
      vertex 29.421601644053485 39.52152535572166 3
      vertex 29.70190296114372 39.20190296114372 7
      vertex 29.421601644053485 39.52152535572166 7
    endloop
  endfacet
  facet normal -0.8314696123025477 -0.5555702330195984 0
    outer loop
      vertex 29.185417437700576 39.875 3
      vertex 29.421601644053485 39.52152535572166 7
      vertex 29.185417437700576 39.875 7
    endloop
  endfacet
  facet normal 0 0 1
    outer loop
      vertex 28.86074106456053 40.658838103416805 7
      vertex 28.99739151933832 40.25627884481346 7
      vertex 28.86074106456053 42.341161896583195 7
    endloop
  endfacet
  facet normal 0 0 1
    outer loop
      vertex 29.185417437700576 39.875 7
      vertex 28.99739151933832 42.74372115518654 7
      vertex 28.99739151933832 40.25627884481346 7
    endloop
  endfacet
  facet normal 0 0 1
    outer loop
      vertex 28.86074106456053 40.658838103416805 7
      vertex 28.777804200535115 41.92421012471517 7
      vertex 28.777804200535115 41.07578987528483 7
    endloop
  endfacet
  facet normal 0 0 1
    outer loop
      vertex 28.777804200535115 41.07578987528483 7
      vertex 28.777804200535115 41.92421012471517 7
      vertex 28.75 41.5 7
    endloop
  endfacet
  facet normal 0 0 1
    outer loop
      vertex 28.86074106456053 40.658838103416805 7
      vertex 28.86074106456053 42.341161896583195 7
      vertex 28.777804200535115 41.92421012471517 7
    endloop
  endfacet
  facet normal 0 0 1
    outer loop
      vertex 28.99739151933832 40.25627884481346 7
      vertex 28.99739151933832 42.74372115518654 7
      vertex 28.86074106456053 42.341161896583195 7
    endloop
  endfacet
  facet normal 0 0 1
    outer loop
      vertex 29.185417437700576 39.875 7
      vertex 29.185417437700576 43.125 7
      vertex 28.99739151933832 42.74372115518654 7
    endloop
  endfacet
  facet normal 0 0 1
    outer loop
      vertex 30.75627884481346 38.497391519338315 7
      vertex 31.15883810341681 38.36074106456053 7
      vertex 30.968640657621393 40.70861014228866 7
    endloop
  endfacet
  facet normal 0 0 1
    outer loop
      vertex 31.575789875284833 38.277804200535115 7
      vertex 32 38.25 7
      vertex 31.83031595011393 40.21112168021405 7
    endloop
  endfacet
  facet normal 0 0 1
    outer loop
      vertex 31.15883810341681 38.36074106456053 7
      vertex 31.575789875284833 38.277804200535115 7
      vertex 31.35 40.37416697508023 7
    endloop
  endfacet
  facet normal 0 0 1
    outer loop
      vertex 31.15883810341681 38.36074106456053 7
      vertex 31.208610142288663 40.46864065762139 7
      vertex 31.080761184457486 40.58076118445749 7
    endloop
  endfacet
  facet normal 0 0 1
    outer loop
      vertex 30.75627884481346 38.497391519338315 7
      vertex 30.968640657621393 40.70861014228866 7
      vertex 30.87416697508023 40.85 7
    endloop
  endfacet
  facet normal 0 0 1
    outer loop
      vertex 30.75627884481346 38.497391519338315 7
      vertex 30.87416697508023 40.85 7
      vertex 30.798956607735327 41.002511537925386 7
    endloop
  endfacet
  facet normal 0 0 1
    outer loop
      vertex 30.75627884481346 38.497391519338315 7
      vertex 30.798956607735327 41.002511537925386 7
      vertex 30.74429642582421 41.16353524136672 7
    endloop
  endfacet
  facet normal 0 0 1
    outer loop
      vertex 31.15883810341681 38.36074106456053 7
      vertex 31.080761184457486 40.58076118445749 7
      vertex 30.968640657621393 40.70861014228866 7
    endloop
  endfacet
  facet normal 0 0 1
    outer loop
      vertex 31.15883810341681 38.36074106456053 7
      vertex 31.35 40.37416697508023 7
      vertex 31.208610142288663 40.46864065762139 7
    endloop
  endfacet
  facet normal 0 0 1
    outer loop
      vertex 31.575789875284833 38.277804200535115 7
      vertex 31.502511537925383 40.29895660773533 7
      vertex 31.35 40.37416697508023 7
    endloop
  endfacet
  facet normal 0 0 1
    outer loop
      vertex 31.575789875284833 38.277804200535115 7
      vertex 31.83031595011393 40.21112168021405 7
      vertex 31.663535241366723 40.24429642582421 7
    endloop
  endfacet
  facet normal 0 0 1
    outer loop
      vertex 31.575789875284833 38.277804200535115 7
      vertex 31.663535241366723 40.24429642582421 7
      vertex 31.502511537925383 40.29895660773533 7
    endloop
  endfacet
  facet normal 0 0 1
    outer loop
      vertex 29.70190296114372 39.20190296114372 7
      vertex 30.021525355721657 38.92160164405349 7
      vertex 29.70190296114372 43.79809703885628 7
    endloop
  endfacet
  facet normal 0 0 1
    outer loop
      vertex 29.185417437700576 39.875 7
      vertex 29.421601644053485 39.52152535572166 7
      vertex 29.185417437700576 43.125 7
    endloop
  endfacet
  facet normal 0 0 1
    outer loop
      vertex 29.70190296114372 39.20190296114372 7
      vertex 29.421601644053485 43.47847464427834 7
      vertex 29.421601644053485 39.52152535572166 7
    endloop
  endfacet
  facet normal 0 0 1
    outer loop
      vertex 30.021525355721657 38.92160164405349 7
      vertex 30.375 38.68541743770057 7
      vertex 30.021525355721657 44.07839835594651 7
    endloop
  endfacet
  facet normal 0 0 1
    outer loop
      vertex 30.75627884481346 38.497391519338315 7
      vertex 30.375 44.31458256229943 7
      vertex 30.375 38.68541743770057 7
    endloop
  endfacet
  facet normal 0 0 1
    outer loop
      vertex 30.75627884481346 38.497391519338315 7
      vertex 30.74429642582421 41.16353524136672 7
      vertex 30.711121680214045 41.330315950113935 7
    endloop
  endfacet
  facet normal 0 0 1
    outer loop
      vertex 30.75627884481346 38.497391519338315 7
      vertex 30.711121680214045 41.330315950113935 7
      vertex 30.7 41.5 7
    endloop
  endfacet
  facet normal 0 0 1
    outer loop
      vertex 30.75627884481346 38.497391519338315 7
      vertex 30.7 41.5 7
      vertex 30.375 44.31458256229943 7
    endloop
  endfacet
  facet normal 0.0654031292301413 -0.9978589232386036 0
    outer loop
      vertex 32 38.25 3
      vertex 32.42421012471517 38.277804200535115 7
      vertex 32 38.25 7
    endloop
  endfacet
  facet normal 0.19509032201612947 -0.9807852804032302 0
    outer loop
      vertex 32.42421012471517 38.277804200535115 3
      vertex 32.841161896583195 38.36074106456053 7
      vertex 32.42421012471517 38.277804200535115 7
    endloop
  endfacet
  facet normal 0.3214394653031559 -0.9469301294951076 0
    outer loop
      vertex 32.841161896583195 38.36074106456053 3
      vertex 33.24372115518654 38.497391519338315 7
      vertex 32.841161896583195 38.36074106456053 7
    endloop
  endfacet
  facet normal 0.44228869021900247 -0.8968727415326877 0
    outer loop
      vertex 33.24372115518654 38.497391519338315 3
      vertex 33.625 38.68541743770057 7
      vertex 33.24372115518654 38.497391519338315 7
    endloop
  endfacet
  facet normal 0.55557023301961 -0.83146961230254 0
    outer loop
      vertex 33.625 38.68541743770057 3
      vertex 33.97847464427834 38.92160164405349 7
      vertex 33.625 38.68541743770057 7
    endloop
  endfacet
  facet normal 0.6593458151000728 -0.7518398074789738 0
    outer loop
      vertex 33.97847464427834 38.92160164405349 3
      vertex 34.29809703885628 39.20190296114372 7
      vertex 33.97847464427834 38.92160164405349 7
    endloop
  endfacet
  facet normal 0.7518398074789738 -0.6593458151000728 0
    outer loop
      vertex 34.29809703885628 39.20190296114372 3
      vertex 34.57839835594651 39.52152535572166 7
      vertex 34.29809703885628 39.20190296114372 7
    endloop
  endfacet
  facet normal 0.83146961230254 -0.55557023301961 0
    outer loop
      vertex 34.57839835594651 39.52152535572166 3
      vertex 34.81458256229943 39.875 7
      vertex 34.57839835594651 39.52152535572166 7
    endloop
  endfacet
  facet normal 0.8968727415326877 -0.44228869021900247 0
    outer loop
      vertex 34.81458256229943 39.875 3
      vertex 35.002608480661685 40.25627884481346 7
      vertex 34.81458256229943 39.875 7
    endloop
  endfacet
  facet normal 0.9469301294951076 -0.3214394653031559 0
    outer loop
      vertex 35.002608480661685 40.25627884481346 3
      vertex 35.13925893543947 40.658838103416805 7
      vertex 35.002608480661685 40.25627884481346 7
    endloop
  endfacet
  facet normal 0.9807852804032302 -0.19509032201612947 0
    outer loop
      vertex 35.13925893543947 40.658838103416805 3
      vertex 35.222195799464885 41.07578987528483 7
      vertex 35.13925893543947 40.658838103416805 7
    endloop
  endfacet
  facet normal 0.9978589232386036 -0.0654031292301413 0
    outer loop
      vertex 35.222195799464885 41.07578987528483 3
      vertex 35.25 41.5 7
      vertex 35.222195799464885 41.07578987528483 7
    endloop
  endfacet
  facet normal 0.9978589232386036 0.0654031292301413 0
    outer loop
      vertex 35.25 41.5 3
      vertex 35.222195799464885 41.92421012471517 7
      vertex 35.25 41.5 7
    endloop
  endfacet
  facet normal 0 0 1
    outer loop
      vertex 32 38.25 7
      vertex 32.42421012471517 38.277804200535115 7
      vertex 32.169684049886065 40.21112168021405 7
    endloop
  endfacet
  facet normal 0 0 1
    outer loop
      vertex 32.42421012471517 38.277804200535115 7
      vertex 32.841161896583195 38.36074106456053 7
      vertex 32.33646475863328 40.24429642582421 7
    endloop
  endfacet
  facet normal 0 0 1
    outer loop
      vertex 32.841161896583195 38.36074106456053 7
      vertex 33.24372115518654 38.497391519338315 7
      vertex 32.79138985771134 40.46864065762139 7
    endloop
  endfacet
  facet normal 0 0 1
    outer loop
      vertex 32 38.25 7
      vertex 32 40.2 7
      vertex 31.83031595011393 40.21112168021405 7
    endloop
  endfacet
  facet normal 0 0 1
    outer loop
      vertex 32 38.25 7
      vertex 32.169684049886065 40.21112168021405 7
      vertex 32 40.2 7
    endloop
  endfacet
  facet normal 0 0 1
    outer loop
      vertex 32.42421012471517 38.277804200535115 7
      vertex 32.33646475863328 40.24429642582421 7
      vertex 32.169684049886065 40.21112168021405 7
    endloop
  endfacet
  facet normal 0 0 1
    outer loop
      vertex 32.841161896583195 38.36074106456053 7
      vertex 32.497488462074614 40.29895660773533 7
      vertex 32.33646475863328 40.24429642582421 7
    endloop
  endfacet
  facet normal 0 0 1
    outer loop
      vertex 32.841161896583195 38.36074106456053 7
      vertex 32.65 40.37416697508023 7
      vertex 32.497488462074614 40.29895660773533 7
    endloop
  endfacet
  facet normal 0 0 1
    outer loop
      vertex 32.841161896583195 38.36074106456053 7
      vertex 32.79138985771134 40.46864065762139 7
      vertex 32.65 40.37416697508023 7
    endloop
  endfacet
  facet normal 0 0 1
    outer loop
      vertex 33.24372115518654 38.497391519338315 7
      vertex 32.91923881554251 40.58076118445749 7
      vertex 32.79138985771134 40.46864065762139 7
    endloop
  endfacet
  facet normal 0 0 1
    outer loop
      vertex 33.24372115518654 38.497391519338315 7
      vertex 33.03135934237861 40.70861014228866 7
      vertex 32.91923881554251 40.58076118445749 7
    endloop
  endfacet
  facet normal 0 0 1
    outer loop
      vertex 33.24372115518654 38.497391519338315 7
      vertex 33.12583302491977 40.85 7
      vertex 33.03135934237861 40.70861014228866 7
    endloop
  endfacet
  facet normal 0 0 1
    outer loop
      vertex 33.24372115518654 38.497391519338315 7
      vertex 33.20104339226467 41.002511537925386 7
      vertex 33.12583302491977 40.85 7
    endloop
  endfacet
  facet normal 0 0 1
    outer loop
      vertex 33.24372115518654 38.497391519338315 7
      vertex 33.625 38.68541743770057 7
      vertex 33.20104339226467 41.002511537925386 7
    endloop
  endfacet
  facet normal 0 0 1
    outer loop
      vertex 33.625 38.68541743770057 7
      vertex 33.25570357417579 41.16353524136672 7
      vertex 33.20104339226467 41.002511537925386 7
    endloop
  endfacet
  facet normal 0 0 1
    outer loop
      vertex 33.625 38.68541743770057 7
      vertex 33.28887831978595 41.330315950113935 7
      vertex 33.25570357417579 41.16353524136672 7
    endloop
  endfacet
  facet normal 0 0 1
    outer loop
      vertex 33.625 38.68541743770057 7
      vertex 33.3 41.5 7
      vertex 33.28887831978595 41.330315950113935 7
    endloop
  endfacet
  facet normal 0 0 1
    outer loop
      vertex 33.625 38.68541743770057 7
      vertex 33.97847464427834 38.92160164405349 7
      vertex 33.625 44.31458256229943 7
    endloop
  endfacet
  facet normal 0 0 1
    outer loop
      vertex 33.97847464427834 38.92160164405349 7
      vertex 34.29809703885628 39.20190296114372 7
      vertex 33.97847464427834 44.07839835594651 7
    endloop
  endfacet
  facet normal 0 0 1
    outer loop
      vertex 34.29809703885628 39.20190296114372 7
      vertex 34.57839835594651 39.52152535572166 7
      vertex 34.29809703885628 43.79809703885628 7
    endloop
  endfacet
  facet normal 0 0 1
    outer loop
      vertex 33.625 38.68541743770057 7
      vertex 33.24372115518654 44.502608480661685 7
      vertex 33.3 41.5 7
    endloop
  endfacet
  facet normal 0 0 1
    outer loop
      vertex 34.57839835594651 39.52152535572166 7
      vertex 34.81458256229943 39.875 7
      vertex 34.57839835594651 43.47847464427834 7
    endloop
  endfacet
  facet normal 0 0 1
    outer loop
      vertex 34.81458256229943 39.875 7
      vertex 35.002608480661685 40.25627884481346 7
      vertex 34.81458256229943 43.125 7
    endloop
  endfacet
  facet normal 0 0 1
    outer loop
      vertex 35.002608480661685 40.25627884481346 7
      vertex 35.13925893543947 40.658838103416805 7
      vertex 35.002608480661685 42.74372115518654 7
    endloop
  endfacet
  facet normal 0 0 1
    outer loop
      vertex 35.13925893543947 40.658838103416805 7
      vertex 35.222195799464885 41.07578987528483 7
      vertex 35.13925893543947 42.341161896583195 7
    endloop
  endfacet
  facet normal 0 0 1
    outer loop
      vertex 35.222195799464885 41.07578987528483 7
      vertex 35.222195799464885 41.92421012471517 7
      vertex 35.13925893543947 42.341161896583195 7
    endloop
  endfacet
  facet normal 0 0 1
    outer loop
      vertex 35.13925893543947 40.658838103416805 7
      vertex 35.13925893543947 42.341161896583195 7
      vertex 35.002608480661685 42.74372115518654 7
    endloop
  endfacet
  facet normal 0 0 1
    outer loop
      vertex 35.222195799464885 41.07578987528483 7
      vertex 35.25 41.5 7
      vertex 35.222195799464885 41.92421012471517 7
    endloop
  endfacet
  facet normal -0.9807852804032302 0.19509032201612947 0
    outer loop
      vertex 28.777804200535115 41.92421012471517 3
      vertex 28.777804200535115 41.92421012471517 7
      vertex 28.86074106456053 42.341161896583195 3
    endloop
  endfacet
  facet normal -0.9469301294951049 0.3214394653031634 0
    outer loop
      vertex 28.86074106456053 42.341161896583195 3
      vertex 28.86074106456053 42.341161896583195 7
      vertex 28.99739151933832 42.74372115518654 3
    endloop
  endfacet
  facet normal -0.8968727415326877 0.44228869021900247 0
    outer loop
      vertex 28.99739151933832 42.74372115518654 3
      vertex 28.99739151933832 42.74372115518654 7
      vertex 29.185417437700576 43.125 3
    endloop
  endfacet
  facet normal -0.8314696123025477 0.5555702330195984 0
    outer loop
      vertex 29.185417437700576 43.125 3
      vertex 29.185417437700576 43.125 7
      vertex 29.421601644053485 43.47847464427834 3
    endloop
  endfacet
  facet normal -0.7518398074789738 0.6593458151000728 0
    outer loop
      vertex 29.421601644053485 43.47847464427834 3
      vertex 29.421601644053485 43.47847464427834 7
      vertex 29.70190296114372 43.79809703885628 3
    endloop
  endfacet
  facet normal -0.6593458151000687 0.7518398074789775 0
    outer loop
      vertex 29.70190296114372 43.79809703885628 3
      vertex 29.70190296114372 43.79809703885628 7
      vertex 30.021525355721657 44.07839835594651 3
    endloop
  endfacet
  facet normal -0.55557023301961 0.83146961230254 0
    outer loop
      vertex 30.021525355721657 44.07839835594651 3
      vertex 30.021525355721657 44.07839835594651 7
      vertex 30.375 44.31458256229943 3
    endloop
  endfacet
  facet normal -0.44228869021900247 0.8968727415326877 0
    outer loop
      vertex 30.375 44.31458256229943 3
      vertex 30.375 44.31458256229943 7
      vertex 30.75627884481346 44.502608480661685 3
    endloop
  endfacet
  facet normal -0.32143946530315337 0.9469301294951084 0
    outer loop
      vertex 30.75627884481346 44.502608480661685 3
      vertex 30.75627884481346 44.502608480661685 7
      vertex 31.15883810341681 44.63925893543947 3
    endloop
  endfacet
  facet normal -0.19509032201613105 0.9807852804032299 0
    outer loop
      vertex 31.15883810341681 44.63925893543947 3
      vertex 31.15883810341681 44.63925893543947 7
      vertex 31.575789875284833 44.722195799464885 3
    endloop
  endfacet
  facet normal -0.0654031292301413 0.9978589232386036 0
    outer loop
      vertex 31.575789875284833 44.722195799464885 3
      vertex 31.575789875284833 44.722195799464885 7
      vertex 32 44.75 3
    endloop
  endfacet
  facet normal 0.7518398074789738 0.6593458151000728 0
    outer loop
      vertex 34.29809703885628 43.79809703885628 3
      vertex 34.29809703885628 43.79809703885628 7
      vertex 34.57839835594651 43.47847464427834 3
    endloop
  endfacet
  facet normal 0.3214394653031559 0.9469301294951076 0
    outer loop
      vertex 32.841161896583195 44.63925893543947 3
      vertex 32.841161896583195 44.63925893543947 7
      vertex 33.24372115518654 44.502608480661685 3
    endloop
  endfacet
  facet normal 0.0654031292301413 0.9978589232386036 0
    outer loop
      vertex 32 44.75 3
      vertex 32 44.75 7
      vertex 32.42421012471517 44.722195799464885 3
    endloop
  endfacet
  facet normal 0.19509032201612947 0.9807852804032302 0
    outer loop
      vertex 32.42421012471517 44.722195799464885 3
      vertex 32.42421012471517 44.722195799464885 7
      vertex 32.841161896583195 44.63925893543947 3
    endloop
  endfacet
  facet normal 0.44228869021900247 0.8968727415326877 0
    outer loop
      vertex 33.24372115518654 44.502608480661685 3
      vertex 33.24372115518654 44.502608480661685 7
      vertex 33.625 44.31458256229943 3
    endloop
  endfacet
  facet normal 0.55557023301961 0.83146961230254 0
    outer loop
      vertex 33.625 44.31458256229943 3
      vertex 33.625 44.31458256229943 7
      vertex 33.97847464427834 44.07839835594651 3
    endloop
  endfacet
  facet normal 0.6593458151000728 0.7518398074789738 0
    outer loop
      vertex 33.97847464427834 44.07839835594651 3
      vertex 33.97847464427834 44.07839835594651 7
      vertex 34.29809703885628 43.79809703885628 3
    endloop
  endfacet
  facet normal 0.9807852804032302 0.19509032201612947 2.0348078027264312e-18
    outer loop
      vertex 35.222195799464885 41.92421012471517 3
      vertex 35.13925893543947 42.341161896583195 3
      vertex 35.13925893543947 42.341161896583195 7
    endloop
  endfacet
  facet normal 0.9469301294951076 0.3214394653031559 -2.0316040789269195e-18
    outer loop
      vertex 35.13925893543947 42.341161896583195 3
      vertex 35.002608480661685 42.74372115518654 3
      vertex 35.002608480661685 42.74372115518654 7
    endloop
  endfacet
  facet normal 0.8968727415326877 0.44228869021900247 -1.606670153078468e-18
    outer loop
      vertex 35.002608480661685 42.74372115518654 3
      vertex 34.81458256229943 43.125 3
      vertex 34.81458256229943 43.125 7
    endloop
  endfacet
  facet normal 0.83146961230254 0.55557023301961 3.651665437464317e-18
    outer loop
      vertex 34.81458256229943 43.125 3
      vertex 34.57839835594651 43.47847464427834 3
      vertex 34.57839835594651 43.47847464427834 7
    endloop
  endfacet
  facet normal -0.9807852804032302 0.19509032201612947 0
    outer loop
      vertex 28.86074106456053 42.341161896583195 3
      vertex 28.777804200535115 41.92421012471517 7
      vertex 28.86074106456053 42.341161896583195 7
    endloop
  endfacet
  facet normal -0.9469301294951049 0.3214394653031634 0
    outer loop
      vertex 28.99739151933832 42.74372115518654 3
      vertex 28.86074106456053 42.341161896583195 7
      vertex 28.99739151933832 42.74372115518654 7
    endloop
  endfacet
  facet normal -0.8968727415326877 0.44228869021900247 0
    outer loop
      vertex 29.185417437700576 43.125 3
      vertex 28.99739151933832 42.74372115518654 7
      vertex 29.185417437700576 43.125 7
    endloop
  endfacet
  facet normal -0.8314696123025477 0.5555702330195984 0
    outer loop
      vertex 29.421601644053485 43.47847464427834 3
      vertex 29.185417437700576 43.125 7
      vertex 29.421601644053485 43.47847464427834 7
    endloop
  endfacet
  facet normal -0.7518398074789738 0.6593458151000728 0
    outer loop
      vertex 29.70190296114372 43.79809703885628 3
      vertex 29.421601644053485 43.47847464427834 7
      vertex 29.70190296114372 43.79809703885628 7
    endloop
  endfacet
  facet normal -0.6593458151000687 0.7518398074789775 0
    outer loop
      vertex 30.021525355721657 44.07839835594651 3
      vertex 29.70190296114372 43.79809703885628 7
      vertex 30.021525355721657 44.07839835594651 7
    endloop
  endfacet
  facet normal -0.55557023301961 0.83146961230254 0
    outer loop
      vertex 30.375 44.31458256229943 3
      vertex 30.021525355721657 44.07839835594651 7
      vertex 30.375 44.31458256229943 7
    endloop
  endfacet
  facet normal -0.44228869021900247 0.8968727415326877 0
    outer loop
      vertex 30.75627884481346 44.502608480661685 3
      vertex 30.375 44.31458256229943 7
      vertex 30.75627884481346 44.502608480661685 7
    endloop
  endfacet
  facet normal -0.32143946530315337 0.9469301294951084 0
    outer loop
      vertex 31.15883810341681 44.63925893543947 3
      vertex 30.75627884481346 44.502608480661685 7
      vertex 31.15883810341681 44.63925893543947 7
    endloop
  endfacet
  facet normal -0.19509032201613105 0.9807852804032299 0
    outer loop
      vertex 31.575789875284833 44.722195799464885 3
      vertex 31.15883810341681 44.63925893543947 7
      vertex 31.575789875284833 44.722195799464885 7
    endloop
  endfacet
  facet normal -0.0654031292301413 0.9978589232386036 0
    outer loop
      vertex 32 44.75 3
      vertex 31.575789875284833 44.722195799464885 7
      vertex 32 44.75 7
    endloop
  endfacet
  facet normal 0 0 1
    outer loop
      vertex 29.421601644053485 39.52152535572166 7
      vertex 29.421601644053485 43.47847464427834 7
      vertex 29.185417437700576 43.125 7
    endloop
  endfacet
  facet normal 0 0 1
    outer loop
      vertex 29.70190296114372 39.20190296114372 7
      vertex 29.70190296114372 43.79809703885628 7
      vertex 29.421601644053485 43.47847464427834 7
    endloop
  endfacet
  facet normal 0 0 1
    outer loop
      vertex 30.021525355721657 38.92160164405349 7
      vertex 30.021525355721657 44.07839835594651 7
      vertex 29.70190296114372 43.79809703885628 7
    endloop
  endfacet
  facet normal 0 0 1
    outer loop
      vertex 30.375 38.68541743770057 7
      vertex 30.375 44.31458256229943 7
      vertex 30.021525355721657 44.07839835594651 7
    endloop
  endfacet
  facet normal 0 0 1
    outer loop
      vertex 30.375 44.31458256229943 7
      vertex 30.7 41.5 7
      vertex 30.711121680214045 41.669684049886065 7
    endloop
  endfacet
  facet normal 0 0 1
    outer loop
      vertex 30.375 44.31458256229943 7
      vertex 30.711121680214045 41.669684049886065 7
      vertex 30.74429642582421 41.83646475863328 7
    endloop
  endfacet
  facet normal 0 0 1
    outer loop
      vertex 30.375 44.31458256229943 7
      vertex 30.74429642582421 41.83646475863328 7
      vertex 30.798956607735327 41.997488462074614 7
    endloop
  endfacet
  facet normal 0 0 1
    outer loop
      vertex 30.75627884481346 44.502608480661685 7
      vertex 30.798956607735327 41.997488462074614 7
      vertex 30.87416697508023 42.15 7
    endloop
  endfacet
  facet normal 0 0 1
    outer loop
      vertex 30.75627884481346 44.502608480661685 7
      vertex 30.87416697508023 42.15 7
      vertex 30.968640657621393 42.29138985771134 7
    endloop
  endfacet
  facet normal 0 0 1
    outer loop
      vertex 30.75627884481346 44.502608480661685 7
      vertex 30.968640657621393 42.29138985771134 7
      vertex 31.080761184457486 42.41923881554251 7
    endloop
  endfacet
  facet normal 0 0 1
    outer loop
      vertex 30.75627884481346 44.502608480661685 7
      vertex 31.080761184457486 42.41923881554251 7
      vertex 31.208610142288663 42.53135934237861 7
    endloop
  endfacet
  facet normal 0 0 1
    outer loop
      vertex 30.375 44.31458256229943 7
      vertex 30.798956607735327 41.997488462074614 7
      vertex 30.75627884481346 44.502608480661685 7
    endloop
  endfacet
  facet normal 0 0 1
    outer loop
      vertex 31.15883810341681 44.63925893543947 7
      vertex 31.208610142288663 42.53135934237861 7
      vertex 31.35 42.62583302491977 7
    endloop
  endfacet
  facet normal 0 0 1
    outer loop
      vertex 31.15883810341681 44.63925893543947 7
      vertex 31.35 42.62583302491977 7
      vertex 31.502511537925383 42.70104339226467 7
    endloop
  endfacet
  facet normal 0 0 1
    outer loop
      vertex 31.15883810341681 44.63925893543947 7
      vertex 31.502511537925383 42.70104339226467 7
      vertex 31.663535241366723 42.75570357417579 7
    endloop
  endfacet
  facet normal 0 0 1
    outer loop
      vertex 31.575789875284833 44.722195799464885 7
      vertex 31.663535241366723 42.75570357417579 7
      vertex 31.83031595011393 42.78887831978595 7
    endloop
  endfacet
  facet normal 0 0 1
    outer loop
      vertex 30.75627884481346 44.502608480661685 7
      vertex 31.208610142288663 42.53135934237861 7
      vertex 31.15883810341681 44.63925893543947 7
    endloop
  endfacet
  facet normal 0 0 1
    outer loop
      vertex 31.15883810341681 44.63925893543947 7
      vertex 31.663535241366723 42.75570357417579 7
      vertex 31.575789875284833 44.722195799464885 7
    endloop
  endfacet
  facet normal 0 0 1
    outer loop
      vertex 31.575789875284833 44.722195799464885 7
      vertex 31.83031595011393 42.78887831978595 7
      vertex 32 44.75 7
    endloop
  endfacet
  facet normal 0.7518398074789738 0.6593458151000728 0
    outer loop
      vertex 34.57839835594651 43.47847464427834 3
      vertex 34.29809703885628 43.79809703885628 7
      vertex 34.57839835594651 43.47847464427834 7
    endloop
  endfacet
  facet normal 0.3214394653031559 0.9469301294951076 0
    outer loop
      vertex 33.24372115518654 44.502608480661685 3
      vertex 32.841161896583195 44.63925893543947 7
      vertex 33.24372115518654 44.502608480661685 7
    endloop
  endfacet
  facet normal 0.0654031292301413 0.9978589232386036 0
    outer loop
      vertex 32.42421012471517 44.722195799464885 3
      vertex 32 44.75 7
      vertex 32.42421012471517 44.722195799464885 7
    endloop
  endfacet
  facet normal 0.19509032201612947 0.9807852804032302 0
    outer loop
      vertex 32.841161896583195 44.63925893543947 3
      vertex 32.42421012471517 44.722195799464885 7
      vertex 32.841161896583195 44.63925893543947 7
    endloop
  endfacet
  facet normal 0.55557023301961 0.83146961230254 0
    outer loop
      vertex 33.97847464427834 44.07839835594651 3
      vertex 33.625 44.31458256229943 7
      vertex 33.97847464427834 44.07839835594651 7
    endloop
  endfacet
  facet normal 0.44228869021900247 0.8968727415326877 0
    outer loop
      vertex 33.625 44.31458256229943 3
      vertex 33.24372115518654 44.502608480661685 7
      vertex 33.625 44.31458256229943 7
    endloop
  endfacet
  facet normal 0.6593458151000728 0.7518398074789738 0
    outer loop
      vertex 34.29809703885628 43.79809703885628 3
      vertex 33.97847464427834 44.07839835594651 7
      vertex 34.29809703885628 43.79809703885628 7
    endloop
  endfacet
  facet normal 0.9807852804032302 0.19509032201612947 0
    outer loop
      vertex 35.222195799464885 41.92421012471517 3
      vertex 35.13925893543947 42.341161896583195 7
      vertex 35.222195799464885 41.92421012471517 7
    endloop
  endfacet
  facet normal 0.9469301294951076 0.3214394653031559 0
    outer loop
      vertex 35.13925893543947 42.341161896583195 3
      vertex 35.002608480661685 42.74372115518654 7
      vertex 35.13925893543947 42.341161896583195 7
    endloop
  endfacet
  facet normal 0.8968727415326877 0.44228869021900247 0
    outer loop
      vertex 35.002608480661685 42.74372115518654 3
      vertex 34.81458256229943 43.125 7
      vertex 35.002608480661685 42.74372115518654 7
    endloop
  endfacet
  facet normal 0.83146961230254 0.55557023301961 0
    outer loop
      vertex 34.81458256229943 43.125 3
      vertex 34.57839835594651 43.47847464427834 7
      vertex 34.81458256229943 43.125 7
    endloop
  endfacet
  facet normal 0 0 1
    outer loop
      vertex 32 44.75 7
      vertex 31.83031595011393 42.78887831978595 7
      vertex 32 42.8 7
    endloop
  endfacet
  facet normal 0 0 1
    outer loop
      vertex 32 44.75 7
      vertex 32 42.8 7
      vertex 32.169684049886065 42.78887831978595 7
    endloop
  endfacet
  facet normal 0 0 1
    outer loop
      vertex 32.42421012471517 44.722195799464885 7
      vertex 32.169684049886065 42.78887831978595 7
      vertex 32.33646475863328 42.75570357417579 7
    endloop
  endfacet
  facet normal 0 0 1
    outer loop
      vertex 32.42421012471517 44.722195799464885 7
      vertex 32.33646475863328 42.75570357417579 7
      vertex 32.497488462074614 42.70104339226467 7
    endloop
  endfacet
  facet normal 0 0 1
    outer loop
      vertex 32.42421012471517 44.722195799464885 7
      vertex 32.497488462074614 42.70104339226467 7
      vertex 32.65 42.62583302491977 7
    endloop
  endfacet
  facet normal 0 0 1
    outer loop
      vertex 32.841161896583195 44.63925893543947 7
      vertex 32.79138985771134 42.53135934237861 7
      vertex 32.91923881554251 42.41923881554251 7
    endloop
  endfacet
  facet normal 0 0 1
    outer loop
      vertex 32.841161896583195 44.63925893543947 7
      vertex 32.65 42.62583302491977 7
      vertex 32.79138985771134 42.53135934237861 7
    endloop
  endfacet
  facet normal 0 0 1
    outer loop
      vertex 33.24372115518654 44.502608480661685 7
      vertex 33.12583302491977 42.15 7
      vertex 33.20104339226467 41.997488462074614 7
    endloop
  endfacet
  facet normal 0 0 1
    outer loop
      vertex 33.24372115518654 44.502608480661685 7
      vertex 33.03135934237861 42.29138985771134 7
      vertex 33.12583302491977 42.15 7
    endloop
  endfacet
  facet normal 0 0 1
    outer loop
      vertex 32.841161896583195 44.63925893543947 7
      vertex 32.91923881554251 42.41923881554251 7
      vertex 33.03135934237861 42.29138985771134 7
    endloop
  endfacet
  facet normal 0 0 1
    outer loop
      vertex 33.24372115518654 44.502608480661685 7
      vertex 33.28887831978595 41.669684049886065 7
      vertex 33.3 41.5 7
    endloop
  endfacet
  facet normal 0 0 1
    outer loop
      vertex 33.625 38.68541743770057 7
      vertex 33.625 44.31458256229943 7
      vertex 33.24372115518654 44.502608480661685 7
    endloop
  endfacet
  facet normal 0 0 1
    outer loop
      vertex 33.24372115518654 44.502608480661685 7
      vertex 33.25570357417579 41.83646475863328 7
      vertex 33.28887831978595 41.669684049886065 7
    endloop
  endfacet
  facet normal 0 0 1
    outer loop
      vertex 33.24372115518654 44.502608480661685 7
      vertex 33.20104339226467 41.997488462074614 7
      vertex 33.25570357417579 41.83646475863328 7
    endloop
  endfacet
  facet normal 0 0 1
    outer loop
      vertex 33.97847464427834 38.92160164405349 7
      vertex 33.97847464427834 44.07839835594651 7
      vertex 33.625 44.31458256229943 7
    endloop
  endfacet
  facet normal 0 0 1
    outer loop
      vertex 34.29809703885628 39.20190296114372 7
      vertex 34.29809703885628 43.79809703885628 7
      vertex 33.97847464427834 44.07839835594651 7
    endloop
  endfacet
  facet normal 0 0 1
    outer loop
      vertex 34.57839835594651 39.52152535572166 7
      vertex 34.57839835594651 43.47847464427834 7
      vertex 34.29809703885628 43.79809703885628 7
    endloop
  endfacet
  facet normal 0 0 1
    outer loop
      vertex 32 44.75 7
      vertex 32.169684049886065 42.78887831978595 7
      vertex 32.42421012471517 44.722195799464885 7
    endloop
  endfacet
  facet normal 0 0 1
    outer loop
      vertex 32.42421012471517 44.722195799464885 7
      vertex 32.65 42.62583302491977 7
      vertex 32.841161896583195 44.63925893543947 7
    endloop
  endfacet
  facet normal 0 0 1
    outer loop
      vertex 32.841161896583195 44.63925893543947 7
      vertex 33.03135934237861 42.29138985771134 7
      vertex 33.24372115518654 44.502608480661685 7
    endloop
  endfacet
  facet normal 0 0 1
    outer loop
      vertex 34.81458256229943 39.875 7
      vertex 34.81458256229943 43.125 7
      vertex 34.57839835594651 43.47847464427834 7
    endloop
  endfacet
  facet normal 0 0 1
    outer loop
      vertex 35.002608480661685 40.25627884481346 7
      vertex 35.002608480661685 42.74372115518654 7
      vertex 34.81458256229943 43.125 7
    endloop
  endfacet
  facet normal -0.9469301294951029 -0.3214394653031697 0
    outer loop
      vertex 76.99739151933832 13.256278844813458 3
      vertex 76.99739151933832 13.256278844813458 7
      vertex 76.86074106456053 13.658838103416807 3
    endloop
  endfacet
  facet normal -0.9807852804032299 -0.19509032201613105 0
    outer loop
      vertex 76.86074106456053 13.658838103416807 3
      vertex 76.86074106456053 13.658838103416807 7
      vertex 76.77780420053512 14.075789875284832 3
    endloop
  endfacet
  facet normal -0.5555702330196062 -0.8314696123025426 2.879067122647357e-18
    outer loop
      vertex 78.02152535572166 11.921601644053485 3
      vertex 78.375 11.685417437700576 3
      vertex 78.375 11.685417437700576 7
    endloop
  endfacet
  facet normal -0.6593458151000563 -0.7518398074789885 0
    outer loop
      vertex 78.02152535572166 11.921601644053485 3
      vertex 78.02152535572166 11.921601644053485 7
      vertex 77.70190296114372 12.20190296114372 3
    endloop
  endfacet
  facet normal -0.19509032201613585 -0.980785280403229 1.4418942381643432e-18
    outer loop
      vertex 79.15883810341681 11.360741064560528 3
      vertex 79.57578987528483 11.277804200535115 3
      vertex 79.57578987528483 11.277804200535115 7
    endloop
  endfacet
  facet normal -0.44228869021899586 -0.896872741532691 -3.8042095128050546e-18
    outer loop
      vertex 78.375 11.685417437700576 3
      vertex 78.75627884481347 11.497391519338318 3
      vertex 78.75627884481347 11.497391519338318 7
    endloop
  endfacet
  facet normal -0.3214394653031634 -0.9469301294951049 0
    outer loop
      vertex 79.15883810341681 11.360741064560528 3
      vertex 79.15883810341681 11.360741064560528 7
      vertex 78.75627884481347 11.497391519338318 3
    endloop
  endfacet
  facet normal -0.8314696123025554 -0.5555702330195869 0
    outer loop
      vertex 77.42160164405348 12.521525355721657 3
      vertex 77.42160164405348 12.521525355721657 7
      vertex 77.18541743770058 12.875 3
    endloop
  endfacet
  facet normal -0.7518398074789775 -0.6593458151000687 0
    outer loop
      vertex 77.70190296114372 12.20190296114372 3
      vertex 77.70190296114372 12.20190296114372 7
      vertex 77.42160164405348 12.521525355721657 3
    endloop
  endfacet
  facet normal -0.8968727415326877 -0.44228869021900247 -1.606670153078468e-18
    outer loop
      vertex 76.99739151933832 13.256278844813458 3
      vertex 77.18541743770058 12.875 3
      vertex 77.18541743770058 12.875 7
    endloop
  endfacet
  facet normal -0.06540312923014022 -0.9978589232386037 1.5422000914200176e-19
    outer loop
      vertex 79.57578987528483 11.277804200535115 3
      vertex 80 11.25 3
      vertex 80 11.25 7
    endloop
  endfacet
  facet normal 0.06540312923014022 -0.9978589232386037 -1.5422000914200176e-19
    outer loop
      vertex 80 11.25 3
      vertex 80.42421012471517 11.277804200535115 3
      vertex 80.42421012471517 11.277804200535115 7
    endloop
  endfacet
  facet normal 0.19509032201613585 -0.980785280403229 -1.4418942381643432e-18
    outer loop
      vertex 80.42421012471517 11.277804200535115 3
      vertex 80.84116189658319 11.360741064560528 3
      vertex 80.84116189658319 11.360741064560528 7
    endloop
  endfacet
  facet normal 0.3214394653031634 -0.9469301294951049 -1.5986936039343823e-18
    outer loop
      vertex 80.84116189658319 11.360741064560528 3
      vertex 81.24372115518653 11.497391519338318 3
      vertex 81.24372115518653 11.497391519338318 7
    endloop
  endfacet
  facet normal 0.44228869021899586 -0.896872741532691 3.8042095128050546e-18
    outer loop
      vertex 81.24372115518653 11.497391519338318 3
      vertex 81.625 11.685417437700576 3
      vertex 81.625 11.685417437700576 7
    endloop
  endfacet
  facet normal 0.5555702330196062 -0.8314696123025426 -2.879067122647357e-18
    outer loop
      vertex 81.625 11.685417437700576 3
      vertex 81.97847464427834 11.921601644053485 3
      vertex 81.97847464427834 11.921601644053485 7
    endloop
  endfacet
  facet normal 0.6593458151000563 -0.7518398074789885 1.829596169714417e-18
    outer loop
      vertex 81.97847464427834 11.921601644053485 3
      vertex 82.29809703885628 12.20190296114372 3
      vertex 82.29809703885628 12.20190296114372 7
    endloop
  endfacet
  facet normal 0.7518398074789775 -0.6593458151000687 -3.854187345051578e-19
    outer loop
      vertex 82.29809703885628 12.20190296114372 3
      vertex 82.57839835594652 12.521525355721657 3
      vertex 82.57839835594652 12.521525355721657 7
    endloop
  endfacet
  facet normal 0.8314696123025554 -0.5555702330195869 -3.309191185586759e-18
    outer loop
      vertex 82.57839835594652 12.521525355721657 3
      vertex 82.81458256229942 12.875 3
      vertex 82.81458256229942 12.875 7
    endloop
  endfacet
  facet normal 0.8968727415326877 -0.44228869021900247 1.606670153078468e-18
    outer loop
      vertex 82.81458256229942 12.875 3
      vertex 83.00260848066168 13.256278844813458 3
      vertex 83.00260848066168 13.256278844813458 7
    endloop
  endfacet
  facet normal 0.9469301294951029 -0.3214394653031697 -1.2197869642573696e-18
    outer loop
      vertex 83.00260848066168 13.256278844813458 3
      vertex 83.13925893543947 13.658838103416807 3
      vertex 83.13925893543947 13.658838103416807 7
    endloop
  endfacet
  facet normal 0.9807852804032299 -0.19509032201613105 1.5369402721663284e-19
    outer loop
      vertex 83.13925893543947 13.658838103416807 3
      vertex 83.22219579946488 14.075789875284832 3
      vertex 83.22219579946488 14.075789875284832 7
    endloop
  endfacet
  facet normal -0.9469301294951029 -0.3214394653031697 0
    outer loop
      vertex 76.86074106456053 13.658838103416807 3
      vertex 76.99739151933832 13.256278844813458 7
      vertex 76.86074106456053 13.658838103416807 7
    endloop
  endfacet
  facet normal -0.9807852804032299 -0.19509032201613105 0
    outer loop
      vertex 76.77780420053512 14.075789875284832 3
      vertex 76.86074106456053 13.658838103416807 7
      vertex 76.77780420053512 14.075789875284832 7
    endloop
  endfacet
  facet normal -0.6593458151000563 -0.7518398074789885 0
    outer loop
      vertex 77.70190296114372 12.20190296114372 3
      vertex 78.02152535572166 11.921601644053485 7
      vertex 77.70190296114372 12.20190296114372 7
    endloop
  endfacet
  facet normal -0.5555702330196062 -0.8314696123025426 0
    outer loop
      vertex 78.02152535572166 11.921601644053485 3
      vertex 78.375 11.685417437700576 7
      vertex 78.02152535572166 11.921601644053485 7
    endloop
  endfacet
  facet normal -0.19509032201613585 -0.980785280403229 0
    outer loop
      vertex 79.15883810341681 11.360741064560528 3
      vertex 79.57578987528483 11.277804200535115 7
      vertex 79.15883810341681 11.360741064560528 7
    endloop
  endfacet
  facet normal -0.44228869021899586 -0.896872741532691 0
    outer loop
      vertex 78.375 11.685417437700576 3
      vertex 78.75627884481347 11.497391519338318 7
      vertex 78.375 11.685417437700576 7
    endloop
  endfacet
  facet normal -0.3214394653031634 -0.9469301294951049 0
    outer loop
      vertex 78.75627884481347 11.497391519338318 3
      vertex 79.15883810341681 11.360741064560528 7
      vertex 78.75627884481347 11.497391519338318 7
    endloop
  endfacet
  facet normal -0.7518398074789775 -0.6593458151000687 0
    outer loop
      vertex 77.42160164405348 12.521525355721657 3
      vertex 77.70190296114372 12.20190296114372 7
      vertex 77.42160164405348 12.521525355721657 7
    endloop
  endfacet
  facet normal -0.8314696123025554 -0.5555702330195869 0
    outer loop
      vertex 77.18541743770058 12.875 3
      vertex 77.42160164405348 12.521525355721657 7
      vertex 77.18541743770058 12.875 7
    endloop
  endfacet
  facet normal -0.8968727415326877 -0.44228869021900247 0
    outer loop
      vertex 76.99739151933832 13.256278844813458 3
      vertex 77.18541743770058 12.875 7
      vertex 76.99739151933832 13.256278844813458 7
    endloop
  endfacet
  facet normal -0.06540312923014022 -0.9978589232386037 0
    outer loop
      vertex 79.57578987528483 11.277804200535115 3
      vertex 80 11.25 7
      vertex 79.57578987528483 11.277804200535115 7
    endloop
  endfacet
  facet normal 0.06540312923014022 -0.9978589232386037 0
    outer loop
      vertex 80 11.25 3
      vertex 80.42421012471517 11.277804200535115 7
      vertex 80 11.25 7
    endloop
  endfacet
  facet normal 0.19509032201613585 -0.980785280403229 0
    outer loop
      vertex 80.42421012471517 11.277804200535115 3
      vertex 80.84116189658319 11.360741064560528 7
      vertex 80.42421012471517 11.277804200535115 7
    endloop
  endfacet
  facet normal 0.3214394653031634 -0.9469301294951049 0
    outer loop
      vertex 80.84116189658319 11.360741064560528 3
      vertex 81.24372115518653 11.497391519338318 7
      vertex 80.84116189658319 11.360741064560528 7
    endloop
  endfacet
  facet normal 0.44228869021899586 -0.896872741532691 0
    outer loop
      vertex 81.24372115518653 11.497391519338318 3
      vertex 81.625 11.685417437700576 7
      vertex 81.24372115518653 11.497391519338318 7
    endloop
  endfacet
  facet normal 0.5555702330196062 -0.8314696123025426 0
    outer loop
      vertex 81.625 11.685417437700576 3
      vertex 81.97847464427834 11.921601644053485 7
      vertex 81.625 11.685417437700576 7
    endloop
  endfacet
  facet normal 0.6593458151000563 -0.7518398074789885 0
    outer loop
      vertex 81.97847464427834 11.921601644053485 3
      vertex 82.29809703885628 12.20190296114372 7
      vertex 81.97847464427834 11.921601644053485 7
    endloop
  endfacet
  facet normal 0.7518398074789775 -0.6593458151000687 0
    outer loop
      vertex 82.29809703885628 12.20190296114372 3
      vertex 82.57839835594652 12.521525355721657 7
      vertex 82.29809703885628 12.20190296114372 7
    endloop
  endfacet
  facet normal 0.8314696123025554 -0.5555702330195869 0
    outer loop
      vertex 82.57839835594652 12.521525355721657 3
      vertex 82.81458256229942 12.875 7
      vertex 82.57839835594652 12.521525355721657 7
    endloop
  endfacet
  facet normal 0.8968727415326877 -0.44228869021900247 0
    outer loop
      vertex 82.81458256229942 12.875 3
      vertex 83.00260848066168 13.256278844813458 7
      vertex 82.81458256229942 12.875 7
    endloop
  endfacet
  facet normal 0.9469301294951029 -0.3214394653031697 0
    outer loop
      vertex 83.00260848066168 13.256278844813458 3
      vertex 83.13925893543947 13.658838103416807 7
      vertex 83.00260848066168 13.256278844813458 7
    endloop
  endfacet
  facet normal 0.9807852804032299 -0.19509032201613105 0
    outer loop
      vertex 83.13925893543947 13.658838103416807 3
      vertex 83.22219579946488 14.075789875284832 7
      vertex 83.13925893543947 13.658838103416807 7
    endloop
  endfacet
  facet normal 0 0 1
    outer loop
      vertex 79.15883810341681 11.360741064560528 7
      vertex 78.96864065762139 13.708610142288663 7
      vertex 78.75627884481347 11.497391519338318 7
    endloop
  endfacet
  facet normal 0 0 1
    outer loop
      vertex 79.15883810341681 11.360741064560528 7
      vertex 79.57578987528483 11.277804200535115 7
      vertex 79.35 13.37416697508023 7
    endloop
  endfacet
  facet normal 0 0 1
    outer loop
      vertex 76.99739151933832 13.256278844813458 7
      vertex 77.18541743770058 12.875 7
      vertex 76.99739151933832 15.743721155186542 7
    endloop
  endfacet
  facet normal 0 0 1
    outer loop
      vertex 77.42160164405348 12.521525355721657 7
      vertex 77.18541743770058 16.125 7
      vertex 77.18541743770058 12.875 7
    endloop
  endfacet
  facet normal 0 0 1
    outer loop
      vertex 77.70190296114372 12.20190296114372 7
      vertex 77.42160164405348 16.478474644278343 7
      vertex 77.42160164405348 12.521525355721657 7
    endloop
  endfacet
  facet normal 0 0 1
    outer loop
      vertex 78.02152535572166 11.921601644053485 7
      vertex 78.375 11.685417437700576 7
      vertex 78.02152535572166 17.078398355946515 7
    endloop
  endfacet
  facet normal 0 0 1
    outer loop
      vertex 78.02152535572166 11.921601644053485 7
      vertex 77.70190296114372 16.79809703885628 7
      vertex 77.70190296114372 12.20190296114372 7
    endloop
  endfacet
  facet normal 0 0 1
    outer loop
      vertex 78.75627884481347 11.497391519338318 7
      vertex 78.87416697508023 13.85 7
      vertex 78.79895660773532 14.002511537925383 7
    endloop
  endfacet
  facet normal 0 0 1
    outer loop
      vertex 78.75627884481347 11.497391519338318 7
      vertex 78.96864065762139 13.708610142288663 7
      vertex 78.87416697508023 13.85 7
    endloop
  endfacet
  facet normal 0 0 1
    outer loop
      vertex 79.57578987528483 11.277804200535115 7
      vertex 79.50251153792539 13.298956607735327 7
      vertex 79.35 13.37416697508023 7
    endloop
  endfacet
  facet normal 0 0 1
    outer loop
      vertex 79.57578987528483 11.277804200535115 7
      vertex 79.66353524136672 13.244296425824212 7
      vertex 79.50251153792539 13.298956607735327 7
    endloop
  endfacet
  facet normal 0 0 1
    outer loop
      vertex 79.15883810341681 11.360741064560528 7
      vertex 79.08076118445749 13.580761184457488 7
      vertex 78.96864065762139 13.708610142288663 7
    endloop
  endfacet
  facet normal 0 0 1
    outer loop
      vertex 79.15883810341681 11.360741064560528 7
      vertex 79.20861014228866 13.468640657621394 7
      vertex 79.08076118445749 13.580761184457488 7
    endloop
  endfacet
  facet normal 0 0 1
    outer loop
      vertex 79.15883810341681 11.360741064560528 7
      vertex 79.35 13.37416697508023 7
      vertex 79.20861014228866 13.468640657621394 7
    endloop
  endfacet
  facet normal 0 0 1
    outer loop
      vertex 78.375 11.685417437700576 7
      vertex 78.75627884481347 11.497391519338318 7
      vertex 78.375 17.314582562299424 7
    endloop
  endfacet
  facet normal 0 0 1
    outer loop
      vertex 78.75627884481347 11.497391519338318 7
      vertex 78.79895660773532 14.002511537925383 7
      vertex 78.74429642582422 14.163535241366723 7
    endloop
  endfacet
  facet normal 0 0 1
    outer loop
      vertex 78.75627884481347 11.497391519338318 7
      vertex 78.74429642582422 14.163535241366723 7
      vertex 78.71112168021405 14.330315950113933 7
    endloop
  endfacet
  facet normal 0 0 1
    outer loop
      vertex 78.75627884481347 11.497391519338318 7
      vertex 78.71112168021405 14.330315950113933 7
      vertex 78.7 14.5 7
    endloop
  endfacet
  facet normal 0 0 1
    outer loop
      vertex 79.57578987528483 11.277804200535115 7
      vertex 80 11.25 7
      vertex 79.83031595011393 13.211121680214047 7
    endloop
  endfacet
  facet normal 0 0 1
    outer loop
      vertex 80 11.25 7
      vertex 80.42421012471517 11.277804200535115 7
      vertex 80.16968404988607 13.211121680214047 7
    endloop
  endfacet
  facet normal 0 0 1
    outer loop
      vertex 80.42421012471517 11.277804200535115 7
      vertex 80.84116189658319 11.360741064560528 7
      vertex 80.33646475863328 13.244296425824212 7
    endloop
  endfacet
  facet normal 0 0 1
    outer loop
      vertex 80.84116189658319 11.360741064560528 7
      vertex 81.24372115518653 11.497391519338318 7
      vertex 80.79138985771134 13.468640657621394 7
    endloop
  endfacet
  facet normal 0 0 1
    outer loop
      vertex 79.57578987528483 11.277804200535115 7
      vertex 79.83031595011393 13.211121680214047 7
      vertex 79.66353524136672 13.244296425824212 7
    endloop
  endfacet
  facet normal 0 0 1
    outer loop
      vertex 80 11.25 7
      vertex 80 13.2 7
      vertex 79.83031595011393 13.211121680214047 7
    endloop
  endfacet
  facet normal 0 0 1
    outer loop
      vertex 80 11.25 7
      vertex 80.16968404988607 13.211121680214047 7
      vertex 80 13.2 7
    endloop
  endfacet
  facet normal 0 0 1
    outer loop
      vertex 80.42421012471517 11.277804200535115 7
      vertex 80.33646475863328 13.244296425824212 7
      vertex 80.16968404988607 13.211121680214047 7
    endloop
  endfacet
  facet normal 0 0 1
    outer loop
      vertex 80.84116189658319 11.360741064560528 7
      vertex 80.49748846207461 13.298956607735327 7
      vertex 80.33646475863328 13.244296425824212 7
    endloop
  endfacet
  facet normal 0 0 1
    outer loop
      vertex 80.84116189658319 11.360741064560528 7
      vertex 80.65 13.37416697508023 7
      vertex 80.49748846207461 13.298956607735327 7
    endloop
  endfacet
  facet normal 0 0 1
    outer loop
      vertex 80.84116189658319 11.360741064560528 7
      vertex 80.79138985771134 13.468640657621394 7
      vertex 80.65 13.37416697508023 7
    endloop
  endfacet
  facet normal 0 0 1
    outer loop
      vertex 81.24372115518653 11.497391519338318 7
      vertex 80.91923881554251 13.580761184457488 7
      vertex 80.79138985771134 13.468640657621394 7
    endloop
  endfacet
  facet normal 0 0 1
    outer loop
      vertex 81.24372115518653 11.497391519338318 7
      vertex 81.625 11.685417437700576 7
      vertex 81.20104339226468 14.002511537925383 7
    endloop
  endfacet
  facet normal 0 0 1
    outer loop
      vertex 81.24372115518653 11.497391519338318 7
      vertex 81.03135934237861 13.708610142288663 7
      vertex 80.91923881554251 13.580761184457488 7
    endloop
  endfacet
  facet normal 0 0 1
    outer loop
      vertex 81.24372115518653 11.497391519338318 7
      vertex 81.12583302491977 13.85 7
      vertex 81.03135934237861 13.708610142288663 7
    endloop
  endfacet
  facet normal 0 0 1
    outer loop
      vertex 81.24372115518653 11.497391519338318 7
      vertex 81.20104339226468 14.002511537925383 7
      vertex 81.12583302491977 13.85 7
    endloop
  endfacet
  facet normal 0 0 1
    outer loop
      vertex 81.625 11.685417437700576 7
      vertex 81.25570357417578 14.163535241366723 7
      vertex 81.20104339226468 14.002511537925383 7
    endloop
  endfacet
  facet normal 0 0 1
    outer loop
      vertex 81.625 11.685417437700576 7
      vertex 81.28887831978595 14.330315950113933 7
      vertex 81.25570357417578 14.163535241366723 7
    endloop
  endfacet
  facet normal 0 0 1
    outer loop
      vertex 81.625 11.685417437700576 7
      vertex 81.3 14.5 7
      vertex 81.28887831978595 14.330315950113933 7
    endloop
  endfacet
  facet normal 0 0 1
    outer loop
      vertex 81.625 11.685417437700576 7
      vertex 81.97847464427834 11.921601644053485 7
      vertex 81.625 17.314582562299424 7
    endloop
  endfacet
  facet normal 0 0 1
    outer loop
      vertex 81.97847464427834 11.921601644053485 7
      vertex 82.29809703885628 12.20190296114372 7
      vertex 81.97847464427834 17.078398355946515 7
    endloop
  endfacet
  facet normal 0 0 1
    outer loop
      vertex 82.29809703885628 12.20190296114372 7
      vertex 82.57839835594652 12.521525355721657 7
      vertex 82.29809703885628 16.79809703885628 7
    endloop
  endfacet
  facet normal 0 0 1
    outer loop
      vertex 82.57839835594652 12.521525355721657 7
      vertex 82.81458256229942 12.875 7
      vertex 82.57839835594652 16.478474644278343 7
    endloop
  endfacet
  facet normal -0.9978589232386036 -0.06540312923014102 0
    outer loop
      vertex 76.77780420053512 14.075789875284832 3
      vertex 76.77780420053512 14.075789875284832 7
      vertex 76.75 14.5 3
    endloop
  endfacet
  facet normal -0.9978589232386036 0.06540312923014102 0
    outer loop
      vertex 76.75 14.5 3
      vertex 76.75 14.5 7
      vertex 76.77780420053512 14.924210124715168 3
    endloop
  endfacet
  facet normal -0.9807852804032299 0.19509032201613105 0
    outer loop
      vertex 76.77780420053512 14.924210124715168 3
      vertex 76.77780420053512 14.924210124715168 7
      vertex 76.86074106456053 15.341161896583193 3
    endloop
  endfacet
  facet normal -0.9469301294951029 0.3214394653031697 0
    outer loop
      vertex 76.86074106456053 15.341161896583193 3
      vertex 76.86074106456053 15.341161896583193 7
      vertex 76.99739151933832 15.743721155186542 3
    endloop
  endfacet
  facet normal -0.8968727415326877 0.44228869021900247 0
    outer loop
      vertex 76.99739151933832 15.743721155186542 3
      vertex 76.99739151933832 15.743721155186542 7
      vertex 77.18541743770058 16.125 3
    endloop
  endfacet
  facet normal -0.8314696123025554 0.5555702330195869 0
    outer loop
      vertex 77.18541743770058 16.125 3
      vertex 77.18541743770058 16.125 7
      vertex 77.42160164405348 16.478474644278343 3
    endloop
  endfacet
  facet normal -0.7518398074789775 0.6593458151000687 0
    outer loop
      vertex 77.42160164405348 16.478474644278343 3
      vertex 77.42160164405348 16.478474644278343 7
      vertex 77.70190296114372 16.79809703885628 3
    endloop
  endfacet
  facet normal -0.6593458151000563 0.7518398074789885 0
    outer loop
      vertex 77.70190296114372 16.79809703885628 3
      vertex 77.70190296114372 16.79809703885628 7
      vertex 78.02152535572166 17.078398355946515 3
    endloop
  endfacet
  facet normal -0.5555702330196062 0.8314696123025426 0
    outer loop
      vertex 78.02152535572166 17.078398355946515 3
      vertex 78.02152535572166 17.078398355946515 7
      vertex 78.375 17.314582562299424 3
    endloop
  endfacet
  facet normal -0.44228869021899586 0.896872741532691 0
    outer loop
      vertex 78.375 17.314582562299424 3
      vertex 78.375 17.314582562299424 7
      vertex 78.75627884481347 17.50260848066168 3
    endloop
  endfacet
  facet normal -0.3214394653031634 0.9469301294951049 0
    outer loop
      vertex 78.75627884481347 17.50260848066168 3
      vertex 78.75627884481347 17.50260848066168 7
      vertex 79.15883810341681 17.63925893543947 3
    endloop
  endfacet
  facet normal -0.19509032201613585 0.980785280403229 0
    outer loop
      vertex 79.15883810341681 17.63925893543947 3
      vertex 79.15883810341681 17.63925893543947 7
      vertex 79.57578987528483 17.722195799464885 3
    endloop
  endfacet
  facet normal 0.44228869021899586 0.896872741532691 -3.8042095128050546e-18
    outer loop
      vertex 81.625 17.314582562299424 3
      vertex 81.24372115518653 17.50260848066168 3
      vertex 81.24372115518653 17.50260848066168 7
    endloop
  endfacet
  facet normal 0.6593458151000563 0.7518398074789885 -1.829596169714417e-18
    outer loop
      vertex 82.29809703885628 16.79809703885628 3
      vertex 81.97847464427834 17.078398355946515 3
      vertex 81.97847464427834 17.078398355946515 7
    endloop
  endfacet
  facet normal 0.5555702330196062 0.8314696123025426 0
    outer loop
      vertex 81.625 17.314582562299424 3
      vertex 81.625 17.314582562299424 7
      vertex 81.97847464427834 17.078398355946515 3
    endloop
  endfacet
  facet normal 0.9978589232386036 -0.06540312923014102 4.430659147627472e-19
    outer loop
      vertex 83.22219579946488 14.075789875284832 3
      vertex 83.25 14.5 3
      vertex 83.25 14.5 7
    endloop
  endfacet
  facet normal 0.9978589232386036 0.06540312923014102 -4.430659147627472e-19
    outer loop
      vertex 83.25 14.5 3
      vertex 83.22219579946488 14.924210124715168 3
      vertex 83.22219579946488 14.924210124715168 7
    endloop
  endfacet
  facet normal 0.9807852804032299 0.19509032201613105 -1.5369402721663284e-19
    outer loop
      vertex 83.22219579946488 14.924210124715168 3
      vertex 83.13925893543947 15.341161896583193 3
      vertex 83.13925893543947 15.341161896583193 7
    endloop
  endfacet
  facet normal 0.9469301294951029 0.3214394653031697 0
    outer loop
      vertex 83.00260848066168 15.743721155186542 3
      vertex 83.00260848066168 15.743721155186542 7
      vertex 83.13925893543947 15.341161896583193 3
    endloop
  endfacet
  facet normal 0.8968727415326877 0.44228869021900247 -1.606670153078468e-18
    outer loop
      vertex 83.00260848066168 15.743721155186542 3
      vertex 82.81458256229942 16.125 3
      vertex 82.81458256229942 16.125 7
    endloop
  endfacet
  facet normal 0.8314696123025554 0.5555702330195869 3.309191185586759e-18
    outer loop
      vertex 82.81458256229942 16.125 3
      vertex 82.57839835594652 16.478474644278343 3
      vertex 82.57839835594652 16.478474644278343 7
    endloop
  endfacet
  facet normal 0.7518398074789775 0.6593458151000687 0
    outer loop
      vertex 82.29809703885628 16.79809703885628 3
      vertex 82.29809703885628 16.79809703885628 7
      vertex 82.57839835594652 16.478474644278343 3
    endloop
  endfacet
  facet normal -0.06540312923014022 0.9978589232386037 0
    outer loop
      vertex 79.57578987528483 17.722195799464885 3
      vertex 79.57578987528483 17.722195799464885 7
      vertex 80 17.75 3
    endloop
  endfacet
  facet normal 0.06540312923014022 0.9978589232386037 0
    outer loop
      vertex 80 17.75 3
      vertex 80 17.75 7
      vertex 80.42421012471517 17.722195799464885 3
    endloop
  endfacet
  facet normal 0.19509032201613585 0.980785280403229 0
    outer loop
      vertex 80.42421012471517 17.722195799464885 3
      vertex 80.42421012471517 17.722195799464885 7
      vertex 80.84116189658319 17.63925893543947 3
    endloop
  endfacet
  facet normal 0.3214394653031634 0.9469301294951049 0
    outer loop
      vertex 80.84116189658319 17.63925893543947 3
      vertex 80.84116189658319 17.63925893543947 7
      vertex 81.24372115518653 17.50260848066168 3
    endloop
  endfacet
  facet normal -0.9978589232386036 -0.06540312923014102 0
    outer loop
      vertex 76.75 14.5 3
      vertex 76.77780420053512 14.075789875284832 7
      vertex 76.75 14.5 7
    endloop
  endfacet
  facet normal -0.9978589232386036 0.06540312923014102 0
    outer loop
      vertex 76.77780420053512 14.924210124715168 3
      vertex 76.75 14.5 7
      vertex 76.77780420053512 14.924210124715168 7
    endloop
  endfacet
  facet normal -0.9807852804032299 0.19509032201613105 0
    outer loop
      vertex 76.86074106456053 15.341161896583193 3
      vertex 76.77780420053512 14.924210124715168 7
      vertex 76.86074106456053 15.341161896583193 7
    endloop
  endfacet
  facet normal -0.9469301294951029 0.3214394653031697 0
    outer loop
      vertex 76.99739151933832 15.743721155186542 3
      vertex 76.86074106456053 15.341161896583193 7
      vertex 76.99739151933832 15.743721155186542 7
    endloop
  endfacet
  facet normal -0.8968727415326877 0.44228869021900247 0
    outer loop
      vertex 77.18541743770058 16.125 3
      vertex 76.99739151933832 15.743721155186542 7
      vertex 77.18541743770058 16.125 7
    endloop
  endfacet
  facet normal -0.8314696123025554 0.5555702330195869 0
    outer loop
      vertex 77.42160164405348 16.478474644278343 3
      vertex 77.18541743770058 16.125 7
      vertex 77.42160164405348 16.478474644278343 7
    endloop
  endfacet
  facet normal -0.7518398074789775 0.6593458151000687 0
    outer loop
      vertex 77.70190296114372 16.79809703885628 3
      vertex 77.42160164405348 16.478474644278343 7
      vertex 77.70190296114372 16.79809703885628 7
    endloop
  endfacet
  facet normal -0.6593458151000563 0.7518398074789885 0
    outer loop
      vertex 78.02152535572166 17.078398355946515 3
      vertex 77.70190296114372 16.79809703885628 7
      vertex 78.02152535572166 17.078398355946515 7
    endloop
  endfacet
  facet normal -0.5555702330196062 0.8314696123025426 0
    outer loop
      vertex 78.375 17.314582562299424 3
      vertex 78.02152535572166 17.078398355946515 7
      vertex 78.375 17.314582562299424 7
    endloop
  endfacet
  facet normal -0.44228869021899586 0.896872741532691 0
    outer loop
      vertex 78.75627884481347 17.50260848066168 3
      vertex 78.375 17.314582562299424 7
      vertex 78.75627884481347 17.50260848066168 7
    endloop
  endfacet
  facet normal -0.3214394653031634 0.9469301294951049 0
    outer loop
      vertex 79.15883810341681 17.63925893543947 3
      vertex 78.75627884481347 17.50260848066168 7
      vertex 79.15883810341681 17.63925893543947 7
    endloop
  endfacet
  facet normal -0.19509032201613585 0.980785280403229 0
    outer loop
      vertex 79.57578987528483 17.722195799464885 3
      vertex 79.15883810341681 17.63925893543947 7
      vertex 79.57578987528483 17.722195799464885 7
    endloop
  endfacet
  facet normal 0.44228869021899586 0.896872741532691 0
    outer loop
      vertex 81.625 17.314582562299424 3
      vertex 81.24372115518653 17.50260848066168 7
      vertex 81.625 17.314582562299424 7
    endloop
  endfacet
  facet normal 0.6593458151000563 0.7518398074789885 0
    outer loop
      vertex 82.29809703885628 16.79809703885628 3
      vertex 81.97847464427834 17.078398355946515 7
      vertex 82.29809703885628 16.79809703885628 7
    endloop
  endfacet
  facet normal 0.5555702330196062 0.8314696123025426 0
    outer loop
      vertex 81.97847464427834 17.078398355946515 3
      vertex 81.625 17.314582562299424 7
      vertex 81.97847464427834 17.078398355946515 7
    endloop
  endfacet
  facet normal 0.9978589232386036 -0.06540312923014102 0
    outer loop
      vertex 83.22219579946488 14.075789875284832 3
      vertex 83.25 14.5 7
      vertex 83.22219579946488 14.075789875284832 7
    endloop
  endfacet
  facet normal 0.9978589232386036 0.06540312923014102 0
    outer loop
      vertex 83.25 14.5 3
      vertex 83.22219579946488 14.924210124715168 7
      vertex 83.25 14.5 7
    endloop
  endfacet
  facet normal 0.9807852804032299 0.19509032201613105 0
    outer loop
      vertex 83.22219579946488 14.924210124715168 3
      vertex 83.13925893543947 15.341161896583193 7
      vertex 83.22219579946488 14.924210124715168 7
    endloop
  endfacet
  facet normal 0.9469301294951029 0.3214394653031697 0
    outer loop
      vertex 83.13925893543947 15.341161896583193 3
      vertex 83.00260848066168 15.743721155186542 7
      vertex 83.13925893543947 15.341161896583193 7
    endloop
  endfacet
  facet normal 0.8968727415326877 0.44228869021900247 0
    outer loop
      vertex 83.00260848066168 15.743721155186542 3
      vertex 82.81458256229942 16.125 7
      vertex 83.00260848066168 15.743721155186542 7
    endloop
  endfacet
  facet normal 0.7518398074789775 0.6593458151000687 0
    outer loop
      vertex 82.57839835594652 16.478474644278343 3
      vertex 82.29809703885628 16.79809703885628 7
      vertex 82.57839835594652 16.478474644278343 7
    endloop
  endfacet
  facet normal 0.8314696123025554 0.5555702330195869 0
    outer loop
      vertex 82.81458256229942 16.125 3
      vertex 82.57839835594652 16.478474644278343 7
      vertex 82.81458256229942 16.125 7
    endloop
  endfacet
  facet normal -0.06540312923014022 0.9978589232386037 0
    outer loop
      vertex 80 17.75 3
      vertex 79.57578987528483 17.722195799464885 7
      vertex 80 17.75 7
    endloop
  endfacet
  facet normal 0.06540312923014022 0.9978589232386037 0
    outer loop
      vertex 80.42421012471517 17.722195799464885 3
      vertex 80 17.75 7
      vertex 80.42421012471517 17.722195799464885 7
    endloop
  endfacet
  facet normal 0.19509032201613585 0.980785280403229 0
    outer loop
      vertex 80.84116189658319 17.63925893543947 3
      vertex 80.42421012471517 17.722195799464885 7
      vertex 80.84116189658319 17.63925893543947 7
    endloop
  endfacet
  facet normal 0.3214394653031634 0.9469301294951049 0
    outer loop
      vertex 81.24372115518653 17.50260848066168 3
      vertex 80.84116189658319 17.63925893543947 7
      vertex 81.24372115518653 17.50260848066168 7
    endloop
  endfacet
  facet normal 0 0 1
    outer loop
      vertex 76.99739151933832 13.256278844813458 7
      vertex 76.86074106456053 15.341161896583193 7
      vertex 76.86074106456053 13.658838103416807 7
    endloop
  endfacet
  facet normal 0 0 1
    outer loop
      vertex 76.86074106456053 13.658838103416807 7
      vertex 76.77780420053512 14.924210124715168 7
      vertex 76.77780420053512 14.075789875284832 7
    endloop
  endfacet
  facet normal 0 0 1
    outer loop
      vertex 76.77780420053512 14.075789875284832 7
      vertex 76.77780420053512 14.924210124715168 7
      vertex 76.75 14.5 7
    endloop
  endfacet
  facet normal 0 0 1
    outer loop
      vertex 76.86074106456053 13.658838103416807 7
      vertex 76.86074106456053 15.341161896583193 7
      vertex 76.77780420053512 14.924210124715168 7
    endloop
  endfacet
  facet normal 0 0 1
    outer loop
      vertex 76.99739151933832 13.256278844813458 7
      vertex 76.99739151933832 15.743721155186542 7
      vertex 76.86074106456053 15.341161896583193 7
    endloop
  endfacet
  facet normal 0 0 1
    outer loop
      vertex 77.18541743770058 12.875 7
      vertex 77.18541743770058 16.125 7
      vertex 76.99739151933832 15.743721155186542 7
    endloop
  endfacet
  facet normal 0 0 1
    outer loop
      vertex 77.42160164405348 12.521525355721657 7
      vertex 77.42160164405348 16.478474644278343 7
      vertex 77.18541743770058 16.125 7
    endloop
  endfacet
  facet normal 0 0 1
    outer loop
      vertex 77.70190296114372 12.20190296114372 7
      vertex 77.70190296114372 16.79809703885628 7
      vertex 77.42160164405348 16.478474644278343 7
    endloop
  endfacet
  facet normal 0 0 1
    outer loop
      vertex 78.02152535572166 11.921601644053485 7
      vertex 78.02152535572166 17.078398355946515 7
      vertex 77.70190296114372 16.79809703885628 7
    endloop
  endfacet
  facet normal 0 0 1
    outer loop
      vertex 78.375 11.685417437700576 7
      vertex 78.375 17.314582562299424 7
      vertex 78.02152535572166 17.078398355946515 7
    endloop
  endfacet
  facet normal 0 0 1
    outer loop
      vertex 78.75627884481347 11.497391519338318 7
      vertex 78.7 14.5 7
      vertex 78.375 17.314582562299424 7
    endloop
  endfacet
  facet normal 0 0 1
    outer loop
      vertex 78.375 17.314582562299424 7
      vertex 78.7 14.5 7
      vertex 78.71112168021405 14.669684049886067 7
    endloop
  endfacet
  facet normal 0 0 1
    outer loop
      vertex 78.375 17.314582562299424 7
      vertex 78.71112168021405 14.669684049886067 7
      vertex 78.74429642582422 14.836464758633277 7
    endloop
  endfacet
  facet normal 0 0 1
    outer loop
      vertex 78.375 17.314582562299424 7
      vertex 78.74429642582422 14.836464758633277 7
      vertex 78.79895660773532 14.997488462074617 7
    endloop
  endfacet
  facet normal 0 0 1
    outer loop
      vertex 78.75627884481347 17.50260848066168 7
      vertex 78.79895660773532 14.997488462074617 7
      vertex 78.87416697508023 15.15 7
    endloop
  endfacet
  facet normal 0 0 1
    outer loop
      vertex 78.75627884481347 17.50260848066168 7
      vertex 78.87416697508023 15.15 7
      vertex 78.96864065762139 15.291389857711337 7
    endloop
  endfacet
  facet normal 0 0 1
    outer loop
      vertex 78.75627884481347 17.50260848066168 7
      vertex 78.96864065762139 15.291389857711337 7
      vertex 79.08076118445749 15.419238815542512 7
    endloop
  endfacet
  facet normal 0 0 1
    outer loop
      vertex 78.75627884481347 17.50260848066168 7
      vertex 79.08076118445749 15.419238815542512 7
      vertex 79.20861014228866 15.531359342378606 7
    endloop
  endfacet
  facet normal 0 0 1
    outer loop
      vertex 78.375 17.314582562299424 7
      vertex 78.79895660773532 14.997488462074617 7
      vertex 78.75627884481347 17.50260848066168 7
    endloop
  endfacet
  facet normal 0 0 1
    outer loop
      vertex 79.15883810341681 17.63925893543947 7
      vertex 79.20861014228866 15.531359342378606 7
      vertex 79.35 15.62583302491977 7
    endloop
  endfacet
  facet normal 0 0 1
    outer loop
      vertex 79.15883810341681 17.63925893543947 7
      vertex 79.35 15.62583302491977 7
      vertex 79.50251153792539 15.701043392264673 7
    endloop
  endfacet
  facet normal 0 0 1
    outer loop
      vertex 79.15883810341681 17.63925893543947 7
      vertex 79.50251153792539 15.701043392264673 7
      vertex 79.66353524136672 15.755703574175788 7
    endloop
  endfacet
  facet normal 0 0 1
    outer loop
      vertex 78.75627884481347 17.50260848066168 7
      vertex 79.20861014228866 15.531359342378606 7
      vertex 79.15883810341681 17.63925893543947 7
    endloop
  endfacet
  facet normal 0 0 1
    outer loop
      vertex 79.15883810341681 17.63925893543947 7
      vertex 79.66353524136672 15.755703574175788 7
      vertex 79.57578987528483 17.722195799464885 7
    endloop
  endfacet
  facet normal 0 0 1
    outer loop
      vertex 81.625 11.685417437700576 7
      vertex 81.24372115518653 17.50260848066168 7
      vertex 81.3 14.5 7
    endloop
  endfacet
  facet normal 0 0 1
    outer loop
      vertex 81.24372115518653 17.50260848066168 7
      vertex 81.28887831978595 14.669684049886067 7
      vertex 81.3 14.5 7
    endloop
  endfacet
  facet normal 0 0 1
    outer loop
      vertex 81.24372115518653 17.50260848066168 7
      vertex 81.25570357417578 14.836464758633277 7
      vertex 81.28887831978595 14.669684049886067 7
    endloop
  endfacet
  facet normal 0 0 1
    outer loop
      vertex 81.625 11.685417437700576 7
      vertex 81.625 17.314582562299424 7
      vertex 81.24372115518653 17.50260848066168 7
    endloop
  endfacet
  facet normal 0 0 1
    outer loop
      vertex 81.97847464427834 11.921601644053485 7
      vertex 81.97847464427834 17.078398355946515 7
      vertex 81.625 17.314582562299424 7
    endloop
  endfacet
  facet normal 0 0 1
    outer loop
      vertex 82.29809703885628 12.20190296114372 7
      vertex 82.29809703885628 16.79809703885628 7
      vertex 81.97847464427834 17.078398355946515 7
    endloop
  endfacet
  facet normal 0 0 1
    outer loop
      vertex 79.57578987528483 17.722195799464885 7
      vertex 79.66353524136672 15.755703574175788 7
      vertex 79.83031595011393 15.788878319785953 7
    endloop
  endfacet
  facet normal 0 0 1
    outer loop
      vertex 80 17.75 7
      vertex 79.83031595011393 15.788878319785953 7
      vertex 80 15.8 7
    endloop
  endfacet
  facet normal 0 0 1
    outer loop
      vertex 80 17.75 7
      vertex 80 15.8 7
      vertex 80.16968404988607 15.788878319785953 7
    endloop
  endfacet
  facet normal 0 0 1
    outer loop
      vertex 80.42421012471517 17.722195799464885 7
      vertex 80.16968404988607 15.788878319785953 7
      vertex 80.33646475863328 15.755703574175788 7
    endloop
  endfacet
  facet normal 0 0 1
    outer loop
      vertex 80.84116189658319 17.63925893543947 7
      vertex 80.91923881554251 15.419238815542512 7
      vertex 81.03135934237861 15.291389857711337 7
    endloop
  endfacet
  facet normal 0 0 1
    outer loop
      vertex 80.42421012471517 17.722195799464885 7
      vertex 80.33646475863328 15.755703574175788 7
      vertex 80.49748846207461 15.701043392264673 7
    endloop
  endfacet
  facet normal 0 0 1
    outer loop
      vertex 80.42421012471517 17.722195799464885 7
      vertex 80.49748846207461 15.701043392264673 7
      vertex 80.65 15.62583302491977 7
    endloop
  endfacet
  facet normal 0 0 1
    outer loop
      vertex 80.84116189658319 17.63925893543947 7
      vertex 80.65 15.62583302491977 7
      vertex 80.79138985771134 15.531359342378606 7
    endloop
  endfacet
  facet normal 0 0 1
    outer loop
      vertex 80.84116189658319 17.63925893543947 7
      vertex 80.79138985771134 15.531359342378606 7
      vertex 80.91923881554251 15.419238815542512 7
    endloop
  endfacet
  facet normal 0 0 1
    outer loop
      vertex 79.57578987528483 17.722195799464885 7
      vertex 79.83031595011393 15.788878319785953 7
      vertex 80 17.75 7
    endloop
  endfacet
  facet normal 0 0 1
    outer loop
      vertex 80 17.75 7
      vertex 80.16968404988607 15.788878319785953 7
      vertex 80.42421012471517 17.722195799464885 7
    endloop
  endfacet
  facet normal 0 0 1
    outer loop
      vertex 80.42421012471517 17.722195799464885 7
      vertex 80.65 15.62583302491977 7
      vertex 80.84116189658319 17.63925893543947 7
    endloop
  endfacet
  facet normal 0 0 1
    outer loop
      vertex 81.24372115518653 17.50260848066168 7
      vertex 81.20104339226468 14.997488462074617 7
      vertex 81.25570357417578 14.836464758633277 7
    endloop
  endfacet
  facet normal 0 0 1
    outer loop
      vertex 81.24372115518653 17.50260848066168 7
      vertex 81.12583302491977 15.15 7
      vertex 81.20104339226468 14.997488462074617 7
    endloop
  endfacet
  facet normal 0 0 1
    outer loop
      vertex 81.24372115518653 17.50260848066168 7
      vertex 81.03135934237861 15.291389857711337 7
      vertex 81.12583302491977 15.15 7
    endloop
  endfacet
  facet normal 0 0 1
    outer loop
      vertex 80.84116189658319 17.63925893543947 7
      vertex 81.03135934237861 15.291389857711337 7
      vertex 81.24372115518653 17.50260848066168 7
    endloop
  endfacet
  facet normal 0 0 1
    outer loop
      vertex 82.81458256229942 12.875 7
      vertex 83.00260848066168 13.256278844813458 7
      vertex 82.81458256229942 16.125 7
    endloop
  endfacet
  facet normal 0 0 1
    outer loop
      vertex 83.00260848066168 13.256278844813458 7
      vertex 83.13925893543947 13.658838103416807 7
      vertex 83.00260848066168 15.743721155186542 7
    endloop
  endfacet
  facet normal 0 0 1
    outer loop
      vertex 83.13925893543947 13.658838103416807 7
      vertex 83.22219579946488 14.075789875284832 7
      vertex 83.13925893543947 15.341161896583193 7
    endloop
  endfacet
  facet normal 0 0 1
    outer loop
      vertex 83.22219579946488 14.075789875284832 7
      vertex 83.25 14.5 7
      vertex 83.22219579946488 14.924210124715168 7
    endloop
  endfacet
  facet normal 0 0 1
    outer loop
      vertex 83.22219579946488 14.075789875284832 7
      vertex 83.22219579946488 14.924210124715168 7
      vertex 83.13925893543947 15.341161896583193 7
    endloop
  endfacet
  facet normal 0 0 1
    outer loop
      vertex 82.57839835594652 12.521525355721657 7
      vertex 82.57839835594652 16.478474644278343 7
      vertex 82.29809703885628 16.79809703885628 7
    endloop
  endfacet
  facet normal 0 0 1
    outer loop
      vertex 83.00260848066168 13.256278844813458 7
      vertex 83.00260848066168 15.743721155186542 7
      vertex 82.81458256229942 16.125 7
    endloop
  endfacet
  facet normal 0 0 1
    outer loop
      vertex 82.81458256229942 12.875 7
      vertex 82.81458256229942 16.125 7
      vertex 82.57839835594652 16.478474644278343 7
    endloop
  endfacet
  facet normal 0 0 1
    outer loop
      vertex 83.13925893543947 13.658838103416807 7
      vertex 83.13925893543947 15.341161896583193 7
      vertex 83.00260848066168 15.743721155186542 7
    endloop
  endfacet
  facet normal -0.3214394653031559 -0.9469301294951076 -2.0316040789269195e-18
    outer loop
      vertex 78.75627884481347 38.497391519338315 3
      vertex 79.15883810341681 38.36074106456053 3
      vertex 79.15883810341681 38.36074106456053 7
    endloop
  endfacet
  facet normal -0.19509032201613585 -0.980785280403229 1.4418942381643432e-18
    outer loop
      vertex 79.15883810341681 38.36074106456053 3
      vertex 79.57578987528483 38.277804200535115 3
      vertex 79.57578987528483 38.277804200535115 7
    endloop
  endfacet
  facet normal -0.9469301294951025 -0.3214394653031709 0
    outer loop
      vertex 76.99739151933832 40.25627884481346 3
      vertex 76.99739151933832 40.25627884481346 7
      vertex 76.86074106456053 40.658838103416805 3
    endloop
  endfacet
  facet normal -0.9807852804032302 -0.19509032201612947 0
    outer loop
      vertex 76.86074106456053 40.658838103416805 3
      vertex 76.86074106456053 40.658838103416805 7
      vertex 76.77780420053512 41.07578987528483 3
    endloop
  endfacet
  facet normal -0.9978589232386036 -0.0654031292301413 0
    outer loop
      vertex 76.77780420053512 41.07578987528483 3
      vertex 76.77780420053512 41.07578987528483 7
      vertex 76.75 41.5 3
    endloop
  endfacet
  facet normal -0.9978589232386036 0.0654031292301413 0
    outer loop
      vertex 76.75 41.5 3
      vertex 76.75 41.5 7
      vertex 76.77780420053512 41.92421012471517 3
    endloop
  endfacet
  facet normal -0.7518398074789738 -0.6593458151000728 0
    outer loop
      vertex 77.70190296114372 39.20190296114372 3
      vertex 77.70190296114372 39.20190296114372 7
      vertex 77.42160164405348 39.52152535572166 3
    endloop
  endfacet
  facet normal -0.5555702330196177 -0.8314696123025349 3.0503042486158327e-18
    outer loop
      vertex 78.02152535572166 38.92160164405349 3
      vertex 78.375 38.68541743770057 3
      vertex 78.375 38.68541743770057 7
    endloop
  endfacet
  facet normal -0.6593458151000563 -0.7518398074789885 0
    outer loop
      vertex 78.02152535572166 38.92160164405349 3
      vertex 78.02152535572166 38.92160164405349 7
      vertex 77.70190296114372 39.20190296114372 3
    endloop
  endfacet
  facet normal -0.8314696123025554 -0.5555702330195869 0
    outer loop
      vertex 77.42160164405348 39.52152535572166 3
      vertex 77.42160164405348 39.52152535572166 7
      vertex 77.18541743770058 39.875 3
    endloop
  endfacet
  facet normal -0.8968727415326877 -0.44228869021900247 -1.606670153078468e-18
    outer loop
      vertex 76.99739151933832 40.25627884481346 3
      vertex 77.18541743770058 39.875 3
      vertex 77.18541743770058 39.875 7
    endloop
  endfacet
  facet normal -0.44228869021899586 -0.896872741532691 0
    outer loop
      vertex 78.75627884481347 38.497391519338315 3
      vertex 78.75627884481347 38.497391519338315 7
      vertex 78.375 38.68541743770057 3
    endloop
  endfacet
  facet normal -0.06540312923014022 -0.9978589232386037 1.5422000914200176e-19
    outer loop
      vertex 79.57578987528483 38.277804200535115 3
      vertex 80 38.25 3
      vertex 80 38.25 7
    endloop
  endfacet
  facet normal 0.06540312923014022 -0.9978589232386037 -1.5422000914200176e-19
    outer loop
      vertex 80 38.25 3
      vertex 80.42421012471517 38.277804200535115 3
      vertex 80.42421012471517 38.277804200535115 7
    endloop
  endfacet
  facet normal 0.19509032201613585 -0.980785280403229 -1.4418942381643432e-18
    outer loop
      vertex 80.42421012471517 38.277804200535115 3
      vertex 80.84116189658319 38.36074106456053 3
      vertex 80.84116189658319 38.36074106456053 7
    endloop
  endfacet
  facet normal 0.3214394653031559 -0.9469301294951076 2.0316040789269195e-18
    outer loop
      vertex 80.84116189658319 38.36074106456053 3
      vertex 81.24372115518653 38.497391519338315 3
      vertex 81.24372115518653 38.497391519338315 7
    endloop
  endfacet
  facet normal 0.44228869021899586 -0.896872741532691 3.8042095128050546e-18
    outer loop
      vertex 81.24372115518653 38.497391519338315 3
      vertex 81.625 38.68541743770057 3
      vertex 81.625 38.68541743770057 7
    endloop
  endfacet
  facet normal 0.5555702330196177 -0.8314696123025349 -3.0503042486158327e-18
    outer loop
      vertex 81.625 38.68541743770057 3
      vertex 81.97847464427834 38.92160164405349 3
      vertex 81.97847464427834 38.92160164405349 7
    endloop
  endfacet
  facet normal 0.6593458151000563 -0.7518398074789885 1.829596169714417e-18
    outer loop
      vertex 81.97847464427834 38.92160164405349 3
      vertex 82.29809703885628 39.20190296114372 3
      vertex 82.29809703885628 39.20190296114372 7
    endloop
  endfacet
  facet normal 0.7518398074789738 -0.6593458151000728 1.5966075491583787e-18
    outer loop
      vertex 82.29809703885628 39.20190296114372 3
      vertex 82.57839835594652 39.52152535572166 3
      vertex 82.57839835594652 39.52152535572166 7
    endloop
  endfacet
  facet normal 0.8314696123025554 -0.5555702330195869 -3.309191185586759e-18
    outer loop
      vertex 82.57839835594652 39.52152535572166 3
      vertex 82.81458256229942 39.875 3
      vertex 82.81458256229942 39.875 7
    endloop
  endfacet
  facet normal 0.8968727415326877 -0.44228869021900247 1.606670153078468e-18
    outer loop
      vertex 82.81458256229942 39.875 3
      vertex 83.00260848066168 40.25627884481346 3
      vertex 83.00260848066168 40.25627884481346 7
    endloop
  endfacet
  facet normal 0.9469301294951025 -0.3214394653031709 -1.1484444091905616e-18
    outer loop
      vertex 83.00260848066168 40.25627884481346 3
      vertex 83.13925893543947 40.658838103416805 3
      vertex 83.13925893543947 40.658838103416805 7
    endloop
  endfacet
  facet normal 0.9807852804032302 -0.19509032201612947 -2.0348078027264312e-18
    outer loop
      vertex 83.13925893543947 40.658838103416805 3
      vertex 83.22219579946488 41.07578987528483 3
      vertex 83.22219579946488 41.07578987528483 7
    endloop
  endfacet
  facet normal 0.9978589232386036 -0.0654031292301413 -3.7929923536516904e-20
    outer loop
      vertex 83.22219579946488 41.07578987528483 3
      vertex 83.25 41.5 3
      vertex 83.25 41.5 7
    endloop
  endfacet
  facet normal 0.9978589232386036 0.0654031292301413 3.7929923536516904e-20
    outer loop
      vertex 83.25 41.5 3
      vertex 83.22219579946488 41.92421012471517 3
      vertex 83.22219579946488 41.92421012471517 7
    endloop
  endfacet
  facet normal -0.3214394653031559 -0.9469301294951076 0
    outer loop
      vertex 78.75627884481347 38.497391519338315 3
      vertex 79.15883810341681 38.36074106456053 7
      vertex 78.75627884481347 38.497391519338315 7
    endloop
  endfacet
  facet normal -0.19509032201613585 -0.980785280403229 0
    outer loop
      vertex 79.15883810341681 38.36074106456053 3
      vertex 79.57578987528483 38.277804200535115 7
      vertex 79.15883810341681 38.36074106456053 7
    endloop
  endfacet
  facet normal -0.9469301294951025 -0.3214394653031709 0
    outer loop
      vertex 76.86074106456053 40.658838103416805 3
      vertex 76.99739151933832 40.25627884481346 7
      vertex 76.86074106456053 40.658838103416805 7
    endloop
  endfacet
  facet normal -0.9807852804032302 -0.19509032201612947 0
    outer loop
      vertex 76.77780420053512 41.07578987528483 3
      vertex 76.86074106456053 40.658838103416805 7
      vertex 76.77780420053512 41.07578987528483 7
    endloop
  endfacet
  facet normal -0.9978589232386036 -0.0654031292301413 0
    outer loop
      vertex 76.75 41.5 3
      vertex 76.77780420053512 41.07578987528483 7
      vertex 76.75 41.5 7
    endloop
  endfacet
  facet normal -0.9978589232386036 0.0654031292301413 0
    outer loop
      vertex 76.77780420053512 41.92421012471517 3
      vertex 76.75 41.5 7
      vertex 76.77780420053512 41.92421012471517 7
    endloop
  endfacet
  facet normal -0.5555702330196177 -0.8314696123025349 0
    outer loop
      vertex 78.02152535572166 38.92160164405349 3
      vertex 78.375 38.68541743770057 7
      vertex 78.02152535572166 38.92160164405349 7
    endloop
  endfacet
  facet normal -0.6593458151000563 -0.7518398074789885 0
    outer loop
      vertex 77.70190296114372 39.20190296114372 3
      vertex 78.02152535572166 38.92160164405349 7
      vertex 77.70190296114372 39.20190296114372 7
    endloop
  endfacet
  facet normal -0.8314696123025554 -0.5555702330195869 0
    outer loop
      vertex 77.18541743770058 39.875 3
      vertex 77.42160164405348 39.52152535572166 7
      vertex 77.18541743770058 39.875 7
    endloop
  endfacet
  facet normal -0.7518398074789738 -0.6593458151000728 0
    outer loop
      vertex 77.42160164405348 39.52152535572166 3
      vertex 77.70190296114372 39.20190296114372 7
      vertex 77.42160164405348 39.52152535572166 7
    endloop
  endfacet
  facet normal -0.8968727415326877 -0.44228869021900247 0
    outer loop
      vertex 76.99739151933832 40.25627884481346 3
      vertex 77.18541743770058 39.875 7
      vertex 76.99739151933832 40.25627884481346 7
    endloop
  endfacet
  facet normal -0.44228869021899586 -0.896872741532691 0
    outer loop
      vertex 78.375 38.68541743770057 3
      vertex 78.75627884481347 38.497391519338315 7
      vertex 78.375 38.68541743770057 7
    endloop
  endfacet
  facet normal -0.06540312923014022 -0.9978589232386037 0
    outer loop
      vertex 79.57578987528483 38.277804200535115 3
      vertex 80 38.25 7
      vertex 79.57578987528483 38.277804200535115 7
    endloop
  endfacet
  facet normal 0.06540312923014022 -0.9978589232386037 0
    outer loop
      vertex 80 38.25 3
      vertex 80.42421012471517 38.277804200535115 7
      vertex 80 38.25 7
    endloop
  endfacet
  facet normal 0.19509032201613585 -0.980785280403229 0
    outer loop
      vertex 80.42421012471517 38.277804200535115 3
      vertex 80.84116189658319 38.36074106456053 7
      vertex 80.42421012471517 38.277804200535115 7
    endloop
  endfacet
  facet normal 0.3214394653031559 -0.9469301294951076 0
    outer loop
      vertex 80.84116189658319 38.36074106456053 3
      vertex 81.24372115518653 38.497391519338315 7
      vertex 80.84116189658319 38.36074106456053 7
    endloop
  endfacet
  facet normal 0.44228869021899586 -0.896872741532691 0
    outer loop
      vertex 81.24372115518653 38.497391519338315 3
      vertex 81.625 38.68541743770057 7
      vertex 81.24372115518653 38.497391519338315 7
    endloop
  endfacet
  facet normal 0.5555702330196177 -0.8314696123025349 0
    outer loop
      vertex 81.625 38.68541743770057 3
      vertex 81.97847464427834 38.92160164405349 7
      vertex 81.625 38.68541743770057 7
    endloop
  endfacet
  facet normal 0.6593458151000563 -0.7518398074789885 0
    outer loop
      vertex 81.97847464427834 38.92160164405349 3
      vertex 82.29809703885628 39.20190296114372 7
      vertex 81.97847464427834 38.92160164405349 7
    endloop
  endfacet
  facet normal 0.7518398074789738 -0.6593458151000728 0
    outer loop
      vertex 82.29809703885628 39.20190296114372 3
      vertex 82.57839835594652 39.52152535572166 7
      vertex 82.29809703885628 39.20190296114372 7
    endloop
  endfacet
  facet normal 0.8314696123025554 -0.5555702330195869 0
    outer loop
      vertex 82.57839835594652 39.52152535572166 3
      vertex 82.81458256229942 39.875 7
      vertex 82.57839835594652 39.52152535572166 7
    endloop
  endfacet
  facet normal 0.8968727415326877 -0.44228869021900247 0
    outer loop
      vertex 82.81458256229942 39.875 3
      vertex 83.00260848066168 40.25627884481346 7
      vertex 82.81458256229942 39.875 7
    endloop
  endfacet
  facet normal 0.9469301294951025 -0.3214394653031709 0
    outer loop
      vertex 83.00260848066168 40.25627884481346 3
      vertex 83.13925893543947 40.658838103416805 7
      vertex 83.00260848066168 40.25627884481346 7
    endloop
  endfacet
  facet normal 0.9807852804032302 -0.19509032201612947 0
    outer loop
      vertex 83.13925893543947 40.658838103416805 3
      vertex 83.22219579946488 41.07578987528483 7
      vertex 83.13925893543947 40.658838103416805 7
    endloop
  endfacet
  facet normal 0.9978589232386036 -0.0654031292301413 0
    outer loop
      vertex 83.22219579946488 41.07578987528483 3
      vertex 83.25 41.5 7
      vertex 83.22219579946488 41.07578987528483 7
    endloop
  endfacet
  facet normal 0.9978589232386036 0.0654031292301413 0
    outer loop
      vertex 83.25 41.5 3
      vertex 83.22219579946488 41.92421012471517 7
      vertex 83.25 41.5 7
    endloop
  endfacet
  facet normal 0 0 1
    outer loop
      vertex 76.99739151933832 40.25627884481346 7
      vertex 76.86074106456053 42.341161896583195 7
      vertex 76.86074106456053 40.658838103416805 7
    endloop
  endfacet
  facet normal 0 0 1
    outer loop
      vertex 76.86074106456053 40.658838103416805 7
      vertex 76.77780420053512 41.92421012471517 7
      vertex 76.77780420053512 41.07578987528483 7
    endloop
  endfacet
  facet normal 0 0 1
    outer loop
      vertex 76.77780420053512 41.07578987528483 7
      vertex 76.77780420053512 41.92421012471517 7
      vertex 76.75 41.5 7
    endloop
  endfacet
  facet normal 0 0 1
    outer loop
      vertex 76.86074106456053 40.658838103416805 7
      vertex 76.86074106456053 42.341161896583195 7
      vertex 76.77780420053512 41.92421012471517 7
    endloop
  endfacet
  facet normal 0 0 1
    outer loop
      vertex 76.99739151933832 40.25627884481346 7
      vertex 76.99739151933832 42.74372115518654 7
      vertex 76.86074106456053 42.341161896583195 7
    endloop
  endfacet
  facet normal 0 0 1
    outer loop
      vertex 78.75627884481347 38.497391519338315 7
      vertex 79.15883810341681 38.36074106456053 7
      vertex 78.96864065762139 40.70861014228866 7
    endloop
  endfacet
  facet normal 0 0 1
    outer loop
      vertex 79.15883810341681 38.36074106456053 7
      vertex 79.57578987528483 38.277804200535115 7
      vertex 79.35 40.37416697508023 7
    endloop
  endfacet
  facet normal 0 0 1
    outer loop
      vertex 78.75627884481347 38.497391519338315 7
      vertex 78.96864065762139 40.70861014228866 7
      vertex 78.87416697508023 40.85 7
    endloop
  endfacet
  facet normal 0 0 1
    outer loop
      vertex 78.75627884481347 38.497391519338315 7
      vertex 78.87416697508023 40.85 7
      vertex 78.79895660773532 41.002511537925386 7
    endloop
  endfacet
  facet normal 0 0 1
    outer loop
      vertex 78.75627884481347 38.497391519338315 7
      vertex 78.79895660773532 41.002511537925386 7
      vertex 78.74429642582422 41.16353524136672 7
    endloop
  endfacet
  facet normal 0 0 1
    outer loop
      vertex 79.15883810341681 38.36074106456053 7
      vertex 79.20861014228866 40.46864065762139 7
      vertex 79.08076118445749 40.58076118445749 7
    endloop
  endfacet
  facet normal 0 0 1
    outer loop
      vertex 79.15883810341681 38.36074106456053 7
      vertex 79.35 40.37416697508023 7
      vertex 79.20861014228866 40.46864065762139 7
    endloop
  endfacet
  facet normal 0 0 1
    outer loop
      vertex 79.57578987528483 38.277804200535115 7
      vertex 79.50251153792539 40.29895660773533 7
      vertex 79.35 40.37416697508023 7
    endloop
  endfacet
  facet normal 0 0 1
    outer loop
      vertex 79.57578987528483 38.277804200535115 7
      vertex 79.66353524136672 40.24429642582421 7
      vertex 79.50251153792539 40.29895660773533 7
    endloop
  endfacet
  facet normal 0 0 1
    outer loop
      vertex 79.15883810341681 38.36074106456053 7
      vertex 79.08076118445749 40.58076118445749 7
      vertex 78.96864065762139 40.70861014228866 7
    endloop
  endfacet
  facet normal 0 0 1
    outer loop
      vertex 77.42160164405348 39.52152535572166 7
      vertex 77.18541743770058 43.125 7
      vertex 77.18541743770058 39.875 7
    endloop
  endfacet
  facet normal 0 0 1
    outer loop
      vertex 76.99739151933832 40.25627884481346 7
      vertex 77.18541743770058 39.875 7
      vertex 76.99739151933832 42.74372115518654 7
    endloop
  endfacet
  facet normal 0 0 1
    outer loop
      vertex 77.70190296114372 39.20190296114372 7
      vertex 77.42160164405348 43.47847464427834 7
      vertex 77.42160164405348 39.52152535572166 7
    endloop
  endfacet
  facet normal 0 0 1
    outer loop
      vertex 78.02152535572166 38.92160164405349 7
      vertex 77.70190296114372 43.79809703885628 7
      vertex 77.70190296114372 39.20190296114372 7
    endloop
  endfacet
  facet normal 0 0 1
    outer loop
      vertex 78.02152535572166 38.92160164405349 7
      vertex 78.375 38.68541743770057 7
      vertex 78.02152535572166 44.07839835594651 7
    endloop
  endfacet
  facet normal 0 0 1
    outer loop
      vertex 77.18541743770058 39.875 7
      vertex 77.18541743770058 43.125 7
      vertex 76.99739151933832 42.74372115518654 7
    endloop
  endfacet
  facet normal 0 0 1
    outer loop
      vertex 78.75627884481347 38.497391519338315 7
      vertex 78.375 44.31458256229943 7
      vertex 78.375 38.68541743770057 7
    endloop
  endfacet
  facet normal 0 0 1
    outer loop
      vertex 78.75627884481347 38.497391519338315 7
      vertex 78.74429642582422 41.16353524136672 7
      vertex 78.71112168021405 41.330315950113935 7
    endloop
  endfacet
  facet normal 0 0 1
    outer loop
      vertex 78.75627884481347 38.497391519338315 7
      vertex 78.71112168021405 41.330315950113935 7
      vertex 78.7 41.5 7
    endloop
  endfacet
  facet normal 0 0 1
    outer loop
      vertex 78.75627884481347 38.497391519338315 7
      vertex 78.7 41.5 7
      vertex 78.375 44.31458256229943 7
    endloop
  endfacet
  facet normal 0 0 1
    outer loop
      vertex 79.57578987528483 38.277804200535115 7
      vertex 80 38.25 7
      vertex 79.83031595011393 40.21112168021405 7
    endloop
  endfacet
  facet normal 0 0 1
    outer loop
      vertex 80 38.25 7
      vertex 80.42421012471517 38.277804200535115 7
      vertex 80.16968404988607 40.21112168021405 7
    endloop
  endfacet
  facet normal 0 0 1
    outer loop
      vertex 80.42421012471517 38.277804200535115 7
      vertex 80.84116189658319 38.36074106456053 7
      vertex 80.33646475863328 40.24429642582421 7
    endloop
  endfacet
  facet normal 0 0 1
    outer loop
      vertex 80.84116189658319 38.36074106456053 7
      vertex 81.24372115518653 38.497391519338315 7
      vertex 80.79138985771134 40.46864065762139 7
    endloop
  endfacet
  facet normal 0 0 1
    outer loop
      vertex 79.57578987528483 38.277804200535115 7
      vertex 79.83031595011393 40.21112168021405 7
      vertex 79.66353524136672 40.24429642582421 7
    endloop
  endfacet
  facet normal 0 0 1
    outer loop
      vertex 80 38.25 7
      vertex 80 40.2 7
      vertex 79.83031595011393 40.21112168021405 7
    endloop
  endfacet
  facet normal 0 0 1
    outer loop
      vertex 80 38.25 7
      vertex 80.16968404988607 40.21112168021405 7
      vertex 80 40.2 7
    endloop
  endfacet
  facet normal 0 0 1
    outer loop
      vertex 80.42421012471517 38.277804200535115 7
      vertex 80.33646475863328 40.24429642582421 7
      vertex 80.16968404988607 40.21112168021405 7
    endloop
  endfacet
  facet normal 0 0 1
    outer loop
      vertex 80.84116189658319 38.36074106456053 7
      vertex 80.49748846207461 40.29895660773533 7
      vertex 80.33646475863328 40.24429642582421 7
    endloop
  endfacet
  facet normal 0 0 1
    outer loop
      vertex 80.84116189658319 38.36074106456053 7
      vertex 80.65 40.37416697508023 7
      vertex 80.49748846207461 40.29895660773533 7
    endloop
  endfacet
  facet normal 0 0 1
    outer loop
      vertex 80.84116189658319 38.36074106456053 7
      vertex 80.79138985771134 40.46864065762139 7
      vertex 80.65 40.37416697508023 7
    endloop
  endfacet
  facet normal 0 0 1
    outer loop
      vertex 81.24372115518653 38.497391519338315 7
      vertex 80.91923881554251 40.58076118445749 7
      vertex 80.79138985771134 40.46864065762139 7
    endloop
  endfacet
  facet normal 0 0 1
    outer loop
      vertex 81.24372115518653 38.497391519338315 7
      vertex 81.625 38.68541743770057 7
      vertex 81.20104339226468 41.002511537925386 7
    endloop
  endfacet
  facet normal 0 0 1
    outer loop
      vertex 81.24372115518653 38.497391519338315 7
      vertex 81.03135934237861 40.70861014228866 7
      vertex 80.91923881554251 40.58076118445749 7
    endloop
  endfacet
  facet normal 0 0 1
    outer loop
      vertex 81.24372115518653 38.497391519338315 7
      vertex 81.12583302491977 40.85 7
      vertex 81.03135934237861 40.70861014228866 7
    endloop
  endfacet
  facet normal 0 0 1
    outer loop
      vertex 81.24372115518653 38.497391519338315 7
      vertex 81.20104339226468 41.002511537925386 7
      vertex 81.12583302491977 40.85 7
    endloop
  endfacet
  facet normal 0 0 1
    outer loop
      vertex 81.625 38.68541743770057 7
      vertex 81.25570357417578 41.16353524136672 7
      vertex 81.20104339226468 41.002511537925386 7
    endloop
  endfacet
  facet normal 0 0 1
    outer loop
      vertex 81.625 38.68541743770057 7
      vertex 81.28887831978595 41.330315950113935 7
      vertex 81.25570357417578 41.16353524136672 7
    endloop
  endfacet
  facet normal 0 0 1
    outer loop
      vertex 81.625 38.68541743770057 7
      vertex 81.3 41.5 7
      vertex 81.28887831978595 41.330315950113935 7
    endloop
  endfacet
  facet normal 0 0 1
    outer loop
      vertex 81.625 38.68541743770057 7
      vertex 81.97847464427834 38.92160164405349 7
      vertex 81.625 44.31458256229943 7
    endloop
  endfacet
  facet normal 0 0 1
    outer loop
      vertex 81.97847464427834 38.92160164405349 7
      vertex 82.29809703885628 39.20190296114372 7
      vertex 81.97847464427834 44.07839835594651 7
    endloop
  endfacet
  facet normal 0 0 1
    outer loop
      vertex 81.625 38.68541743770057 7
      vertex 81.24372115518653 44.502608480661685 7
      vertex 81.3 41.5 7
    endloop
  endfacet
  facet normal 0 0 1
    outer loop
      vertex 82.29809703885628 39.20190296114372 7
      vertex 82.57839835594652 39.52152535572166 7
      vertex 82.29809703885628 43.79809703885628 7
    endloop
  endfacet
  facet normal 0 0 1
    outer loop
      vertex 82.57839835594652 39.52152535572166 7
      vertex 82.81458256229942 39.875 7
      vertex 82.57839835594652 43.47847464427834 7
    endloop
  endfacet
  facet normal 0 0 1
    outer loop
      vertex 82.81458256229942 39.875 7
      vertex 83.00260848066168 40.25627884481346 7
      vertex 82.81458256229942 43.125 7
    endloop
  endfacet
  facet normal 0 0 1
    outer loop
      vertex 83.00260848066168 40.25627884481346 7
      vertex 83.13925893543947 40.658838103416805 7
      vertex 83.00260848066168 42.74372115518654 7
    endloop
  endfacet
  facet normal 0 0 1
    outer loop
      vertex 83.13925893543947 40.658838103416805 7
      vertex 83.22219579946488 41.07578987528483 7
      vertex 83.13925893543947 42.341161896583195 7
    endloop
  endfacet
  facet normal 0 0 1
    outer loop
      vertex 83.22219579946488 41.07578987528483 7
      vertex 83.25 41.5 7
      vertex 83.22219579946488 41.92421012471517 7
    endloop
  endfacet
  facet normal 0 0 1
    outer loop
      vertex 83.22219579946488 41.07578987528483 7
      vertex 83.22219579946488 41.92421012471517 7
      vertex 83.13925893543947 42.341161896583195 7
    endloop
  endfacet
  facet normal 0 0 1
    outer loop
      vertex 83.13925893543947 40.658838103416805 7
      vertex 83.13925893543947 42.341161896583195 7
      vertex 83.00260848066168 42.74372115518654 7
    endloop
  endfacet
  facet normal -0.9807852804032302 0.19509032201612947 0
    outer loop
      vertex 76.77780420053512 41.92421012471517 3
      vertex 76.77780420053512 41.92421012471517 7
      vertex 76.86074106456053 42.341161896583195 3
    endloop
  endfacet
  facet normal -0.9469301294951025 0.3214394653031709 0
    outer loop
      vertex 76.86074106456053 42.341161896583195 3
      vertex 76.86074106456053 42.341161896583195 7
      vertex 76.99739151933832 42.74372115518654 3
    endloop
  endfacet
  facet normal -0.8968727415326877 0.44228869021900247 0
    outer loop
      vertex 76.99739151933832 42.74372115518654 3
      vertex 76.99739151933832 42.74372115518654 7
      vertex 77.18541743770058 43.125 3
    endloop
  endfacet
  facet normal -0.8314696123025554 0.5555702330195869 0
    outer loop
      vertex 77.18541743770058 43.125 3
      vertex 77.18541743770058 43.125 7
      vertex 77.42160164405348 43.47847464427834 3
    endloop
  endfacet
  facet normal -0.7518398074789738 0.6593458151000728 0
    outer loop
      vertex 77.42160164405348 43.47847464427834 3
      vertex 77.42160164405348 43.47847464427834 7
      vertex 77.70190296114372 43.79809703885628 3
    endloop
  endfacet
  facet normal -0.6593458151000563 0.7518398074789885 0
    outer loop
      vertex 77.70190296114372 43.79809703885628 3
      vertex 77.70190296114372 43.79809703885628 7
      vertex 78.02152535572166 44.07839835594651 3
    endloop
  endfacet
  facet normal -0.5555702330196177 0.8314696123025349 0
    outer loop
      vertex 78.02152535572166 44.07839835594651 3
      vertex 78.02152535572166 44.07839835594651 7
      vertex 78.375 44.31458256229943 3
    endloop
  endfacet
  facet normal -0.44228869021899586 0.896872741532691 0
    outer loop
      vertex 78.375 44.31458256229943 3
      vertex 78.375 44.31458256229943 7
      vertex 78.75627884481347 44.502608480661685 3
    endloop
  endfacet
  facet normal -0.3214394653031559 0.9469301294951076 0
    outer loop
      vertex 78.75627884481347 44.502608480661685 3
      vertex 78.75627884481347 44.502608480661685 7
      vertex 79.15883810341681 44.63925893543947 3
    endloop
  endfacet
  facet normal -0.19509032201613585 0.980785280403229 0
    outer loop
      vertex 79.15883810341681 44.63925893543947 3
      vertex 79.15883810341681 44.63925893543947 7
      vertex 79.57578987528483 44.722195799464885 3
    endloop
  endfacet
  facet normal 0.3214394653031559 0.9469301294951076 0
    outer loop
      vertex 80.84116189658319 44.63925893543947 3
      vertex 80.84116189658319 44.63925893543947 7
      vertex 81.24372115518653 44.502608480661685 3
    endloop
  endfacet
  facet normal -0.06540312923014022 0.9978589232386037 0
    outer loop
      vertex 79.57578987528483 44.722195799464885 3
      vertex 79.57578987528483 44.722195799464885 7
      vertex 80 44.75 3
    endloop
  endfacet
  facet normal 0.06540312923014022 0.9978589232386037 0
    outer loop
      vertex 80 44.75 3
      vertex 80 44.75 7
      vertex 80.42421012471517 44.722195799464885 3
    endloop
  endfacet
  facet normal 0.19509032201613585 0.980785280403229 0
    outer loop
      vertex 80.42421012471517 44.722195799464885 3
      vertex 80.42421012471517 44.722195799464885 7
      vertex 80.84116189658319 44.63925893543947 3
    endloop
  endfacet
  facet normal 0.44228869021899586 0.896872741532691 0
    outer loop
      vertex 81.24372115518653 44.502608480661685 3
      vertex 81.24372115518653 44.502608480661685 7
      vertex 81.625 44.31458256229943 3
    endloop
  endfacet
  facet normal 0.6593458151000563 0.7518398074789885 0
    outer loop
      vertex 81.97847464427834 44.07839835594651 3
      vertex 81.97847464427834 44.07839835594651 7
      vertex 82.29809703885628 43.79809703885628 3
    endloop
  endfacet
  facet normal 0.5555702330196177 0.8314696123025349 0
    outer loop
      vertex 81.625 44.31458256229943 3
      vertex 81.625 44.31458256229943 7
      vertex 81.97847464427834 44.07839835594651 3
    endloop
  endfacet
  facet normal 0.9807852804032302 0.19509032201612947 2.0348078027264312e-18
    outer loop
      vertex 83.22219579946488 41.92421012471517 3
      vertex 83.13925893543947 42.341161896583195 3
      vertex 83.13925893543947 42.341161896583195 7
    endloop
  endfacet
  facet normal 0.9469301294951025 0.3214394653031709 0
    outer loop
      vertex 83.00260848066168 42.74372115518654 3
      vertex 83.00260848066168 42.74372115518654 7
      vertex 83.13925893543947 42.341161896583195 3
    endloop
  endfacet
  facet normal 0.8968727415326877 0.44228869021900247 -1.606670153078468e-18
    outer loop
      vertex 83.00260848066168 42.74372115518654 3
      vertex 82.81458256229942 43.125 3
      vertex 82.81458256229942 43.125 7
    endloop
  endfacet
  facet normal 0.8314696123025554 0.5555702330195869 3.309191185586759e-18
    outer loop
      vertex 82.81458256229942 43.125 3
      vertex 82.57839835594652 43.47847464427834 3
      vertex 82.57839835594652 43.47847464427834 7
    endloop
  endfacet
  facet normal 0.7518398074789738 0.6593458151000728 0
    outer loop
      vertex 82.29809703885628 43.79809703885628 3
      vertex 82.29809703885628 43.79809703885628 7
      vertex 82.57839835594652 43.47847464427834 3
    endloop
  endfacet
  facet normal -0.9807852804032302 0.19509032201612947 0
    outer loop
      vertex 76.86074106456053 42.341161896583195 3
      vertex 76.77780420053512 41.92421012471517 7
      vertex 76.86074106456053 42.341161896583195 7
    endloop
  endfacet
  facet normal -0.9469301294951025 0.3214394653031709 0
    outer loop
      vertex 76.99739151933832 42.74372115518654 3
      vertex 76.86074106456053 42.341161896583195 7
      vertex 76.99739151933832 42.74372115518654 7
    endloop
  endfacet
  facet normal -0.8968727415326877 0.44228869021900247 0
    outer loop
      vertex 77.18541743770058 43.125 3
      vertex 76.99739151933832 42.74372115518654 7
      vertex 77.18541743770058 43.125 7
    endloop
  endfacet
  facet normal -0.8314696123025554 0.5555702330195869 0
    outer loop
      vertex 77.42160164405348 43.47847464427834 3
      vertex 77.18541743770058 43.125 7
      vertex 77.42160164405348 43.47847464427834 7
    endloop
  endfacet
  facet normal -0.7518398074789738 0.6593458151000728 0
    outer loop
      vertex 77.70190296114372 43.79809703885628 3
      vertex 77.42160164405348 43.47847464427834 7
      vertex 77.70190296114372 43.79809703885628 7
    endloop
  endfacet
  facet normal -0.6593458151000563 0.7518398074789885 0
    outer loop
      vertex 78.02152535572166 44.07839835594651 3
      vertex 77.70190296114372 43.79809703885628 7
      vertex 78.02152535572166 44.07839835594651 7
    endloop
  endfacet
  facet normal -0.5555702330196177 0.8314696123025349 0
    outer loop
      vertex 78.375 44.31458256229943 3
      vertex 78.02152535572166 44.07839835594651 7
      vertex 78.375 44.31458256229943 7
    endloop
  endfacet
  facet normal -0.44228869021899586 0.896872741532691 0
    outer loop
      vertex 78.75627884481347 44.502608480661685 3
      vertex 78.375 44.31458256229943 7
      vertex 78.75627884481347 44.502608480661685 7
    endloop
  endfacet
  facet normal -0.3214394653031559 0.9469301294951076 0
    outer loop
      vertex 79.15883810341681 44.63925893543947 3
      vertex 78.75627884481347 44.502608480661685 7
      vertex 79.15883810341681 44.63925893543947 7
    endloop
  endfacet
  facet normal -0.19509032201613585 0.980785280403229 0
    outer loop
      vertex 79.57578987528483 44.722195799464885 3
      vertex 79.15883810341681 44.63925893543947 7
      vertex 79.57578987528483 44.722195799464885 7
    endloop
  endfacet
  facet normal -0.06540312923014022 0.9978589232386037 0
    outer loop
      vertex 80 44.75 3
      vertex 79.57578987528483 44.722195799464885 7
      vertex 80 44.75 7
    endloop
  endfacet
  facet normal 0.06540312923014022 0.9978589232386037 0
    outer loop
      vertex 80.42421012471517 44.722195799464885 3
      vertex 80 44.75 7
      vertex 80.42421012471517 44.722195799464885 7
    endloop
  endfacet
  facet normal 0.19509032201613585 0.980785280403229 0
    outer loop
      vertex 80.84116189658319 44.63925893543947 3
      vertex 80.42421012471517 44.722195799464885 7
      vertex 80.84116189658319 44.63925893543947 7
    endloop
  endfacet
  facet normal 0.3214394653031559 0.9469301294951076 0
    outer loop
      vertex 81.24372115518653 44.502608480661685 3
      vertex 80.84116189658319 44.63925893543947 7
      vertex 81.24372115518653 44.502608480661685 7
    endloop
  endfacet
  facet normal 0.44228869021899586 0.896872741532691 0
    outer loop
      vertex 81.625 44.31458256229943 3
      vertex 81.24372115518653 44.502608480661685 7
      vertex 81.625 44.31458256229943 7
    endloop
  endfacet
  facet normal 0.5555702330196177 0.8314696123025349 0
    outer loop
      vertex 81.97847464427834 44.07839835594651 3
      vertex 81.625 44.31458256229943 7
      vertex 81.97847464427834 44.07839835594651 7
    endloop
  endfacet
  facet normal 0.6593458151000563 0.7518398074789885 0
    outer loop
      vertex 82.29809703885628 43.79809703885628 3
      vertex 81.97847464427834 44.07839835594651 7
      vertex 82.29809703885628 43.79809703885628 7
    endloop
  endfacet
  facet normal 0.8968727415326877 0.44228869021900247 0
    outer loop
      vertex 83.00260848066168 42.74372115518654 3
      vertex 82.81458256229942 43.125 7
      vertex 83.00260848066168 42.74372115518654 7
    endloop
  endfacet
  facet normal 0.9807852804032302 0.19509032201612947 0
    outer loop
      vertex 83.22219579946488 41.92421012471517 3
      vertex 83.13925893543947 42.341161896583195 7
      vertex 83.22219579946488 41.92421012471517 7
    endloop
  endfacet
  facet normal 0.9469301294951025 0.3214394653031709 0
    outer loop
      vertex 83.13925893543947 42.341161896583195 3
      vertex 83.00260848066168 42.74372115518654 7
      vertex 83.13925893543947 42.341161896583195 7
    endloop
  endfacet
  facet normal 0.8314696123025554 0.5555702330195869 0
    outer loop
      vertex 82.81458256229942 43.125 3
      vertex 82.57839835594652 43.47847464427834 7
      vertex 82.81458256229942 43.125 7
    endloop
  endfacet
  facet normal 0.7518398074789738 0.6593458151000728 0
    outer loop
      vertex 82.57839835594652 43.47847464427834 3
      vertex 82.29809703885628 43.79809703885628 7
      vertex 82.57839835594652 43.47847464427834 7
    endloop
  endfacet
  facet normal 0 0 1
    outer loop
      vertex 77.42160164405348 39.52152535572166 7
      vertex 77.42160164405348 43.47847464427834 7
      vertex 77.18541743770058 43.125 7
    endloop
  endfacet
  facet normal 0 0 1
    outer loop
      vertex 77.70190296114372 39.20190296114372 7
      vertex 77.70190296114372 43.79809703885628 7
      vertex 77.42160164405348 43.47847464427834 7
    endloop
  endfacet
  facet normal 0 0 1
    outer loop
      vertex 78.02152535572166 38.92160164405349 7
      vertex 78.02152535572166 44.07839835594651 7
      vertex 77.70190296114372 43.79809703885628 7
    endloop
  endfacet
  facet normal 0 0 1
    outer loop
      vertex 78.375 38.68541743770057 7
      vertex 78.375 44.31458256229943 7
      vertex 78.02152535572166 44.07839835594651 7
    endloop
  endfacet
  facet normal 0 0 1
    outer loop
      vertex 78.375 44.31458256229943 7
      vertex 78.7 41.5 7
      vertex 78.71112168021405 41.669684049886065 7
    endloop
  endfacet
  facet normal 0 0 1
    outer loop
      vertex 78.375 44.31458256229943 7
      vertex 78.71112168021405 41.669684049886065 7
      vertex 78.74429642582422 41.83646475863328 7
    endloop
  endfacet
  facet normal 0 0 1
    outer loop
      vertex 78.375 44.31458256229943 7
      vertex 78.74429642582422 41.83646475863328 7
      vertex 78.79895660773532 41.997488462074614 7
    endloop
  endfacet
  facet normal 0 0 1
    outer loop
      vertex 78.75627884481347 44.502608480661685 7
      vertex 78.79895660773532 41.997488462074614 7
      vertex 78.87416697508023 42.15 7
    endloop
  endfacet
  facet normal 0 0 1
    outer loop
      vertex 78.75627884481347 44.502608480661685 7
      vertex 78.87416697508023 42.15 7
      vertex 78.96864065762139 42.29138985771134 7
    endloop
  endfacet
  facet normal 0 0 1
    outer loop
      vertex 78.75627884481347 44.502608480661685 7
      vertex 78.96864065762139 42.29138985771134 7
      vertex 79.08076118445749 42.41923881554251 7
    endloop
  endfacet
  facet normal 0 0 1
    outer loop
      vertex 78.75627884481347 44.502608480661685 7
      vertex 79.08076118445749 42.41923881554251 7
      vertex 79.20861014228866 42.53135934237861 7
    endloop
  endfacet
  facet normal 0 0 1
    outer loop
      vertex 78.375 44.31458256229943 7
      vertex 78.79895660773532 41.997488462074614 7
      vertex 78.75627884481347 44.502608480661685 7
    endloop
  endfacet
  facet normal 0 0 1
    outer loop
      vertex 79.15883810341681 44.63925893543947 7
      vertex 79.20861014228866 42.53135934237861 7
      vertex 79.35 42.62583302491977 7
    endloop
  endfacet
  facet normal 0 0 1
    outer loop
      vertex 79.15883810341681 44.63925893543947 7
      vertex 79.35 42.62583302491977 7
      vertex 79.50251153792539 42.70104339226467 7
    endloop
  endfacet
  facet normal 0 0 1
    outer loop
      vertex 79.15883810341681 44.63925893543947 7
      vertex 79.50251153792539 42.70104339226467 7
      vertex 79.66353524136672 42.75570357417579 7
    endloop
  endfacet
  facet normal 0 0 1
    outer loop
      vertex 78.75627884481347 44.502608480661685 7
      vertex 79.20861014228866 42.53135934237861 7
      vertex 79.15883810341681 44.63925893543947 7
    endloop
  endfacet
  facet normal 0 0 1
    outer loop
      vertex 79.15883810341681 44.63925893543947 7
      vertex 79.66353524136672 42.75570357417579 7
      vertex 79.57578987528483 44.722195799464885 7
    endloop
  endfacet
  facet normal 0 0 1
    outer loop
      vertex 79.57578987528483 44.722195799464885 7
      vertex 79.66353524136672 42.75570357417579 7
      vertex 79.83031595011393 42.78887831978595 7
    endloop
  endfacet
  facet normal 0 0 1
    outer loop
      vertex 80 44.75 7
      vertex 79.83031595011393 42.78887831978595 7
      vertex 80 42.8 7
    endloop
  endfacet
  facet normal 0 0 1
    outer loop
      vertex 80 44.75 7
      vertex 80 42.8 7
      vertex 80.16968404988607 42.78887831978595 7
    endloop
  endfacet
  facet normal 0 0 1
    outer loop
      vertex 80.42421012471517 44.722195799464885 7
      vertex 80.16968404988607 42.78887831978595 7
      vertex 80.33646475863328 42.75570357417579 7
    endloop
  endfacet
  facet normal 0 0 1
    outer loop
      vertex 80.84116189658319 44.63925893543947 7
      vertex 80.65 42.62583302491977 7
      vertex 80.79138985771134 42.53135934237861 7
    endloop
  endfacet
  facet normal 0 0 1
    outer loop
      vertex 80.84116189658319 44.63925893543947 7
      vertex 80.91923881554251 42.41923881554251 7
      vertex 81.03135934237861 42.29138985771134 7
    endloop
  endfacet
  facet normal 0 0 1
    outer loop
      vertex 80.84116189658319 44.63925893543947 7
      vertex 80.79138985771134 42.53135934237861 7
      vertex 80.91923881554251 42.41923881554251 7
    endloop
  endfacet
  facet normal 0 0 1
    outer loop
      vertex 80.42421012471517 44.722195799464885 7
      vertex 80.33646475863328 42.75570357417579 7
      vertex 80.49748846207461 42.70104339226467 7
    endloop
  endfacet
  facet normal 0 0 1
    outer loop
      vertex 80.42421012471517 44.722195799464885 7
      vertex 80.49748846207461 42.70104339226467 7
      vertex 80.65 42.62583302491977 7
    endloop
  endfacet
  facet normal 0 0 1
    outer loop
      vertex 81.24372115518653 44.502608480661685 7
      vertex 81.28887831978595 41.669684049886065 7
      vertex 81.3 41.5 7
    endloop
  endfacet
  facet normal 0 0 1
    outer loop
      vertex 81.24372115518653 44.502608480661685 7
      vertex 81.25570357417578 41.83646475863328 7
      vertex 81.28887831978595 41.669684049886065 7
    endloop
  endfacet
  facet normal 0 0 1
    outer loop
      vertex 81.24372115518653 44.502608480661685 7
      vertex 81.20104339226468 41.997488462074614 7
      vertex 81.25570357417578 41.83646475863328 7
    endloop
  endfacet
  facet normal 0 0 1
    outer loop
      vertex 81.625 38.68541743770057 7
      vertex 81.625 44.31458256229943 7
      vertex 81.24372115518653 44.502608480661685 7
    endloop
  endfacet
  facet normal 0 0 1
    outer loop
      vertex 82.29809703885628 39.20190296114372 7
      vertex 82.29809703885628 43.79809703885628 7
      vertex 81.97847464427834 44.07839835594651 7
    endloop
  endfacet
  facet normal 0 0 1
    outer loop
      vertex 81.97847464427834 38.92160164405349 7
      vertex 81.97847464427834 44.07839835594651 7
      vertex 81.625 44.31458256229943 7
    endloop
  endfacet
  facet normal 0 0 1
    outer loop
      vertex 81.24372115518653 44.502608480661685 7
      vertex 81.03135934237861 42.29138985771134 7
      vertex 81.12583302491977 42.15 7
    endloop
  endfacet
  facet normal 0 0 1
    outer loop
      vertex 81.24372115518653 44.502608480661685 7
      vertex 81.12583302491977 42.15 7
      vertex 81.20104339226468 41.997488462074614 7
    endloop
  endfacet
  facet normal 0 0 1
    outer loop
      vertex 79.57578987528483 44.722195799464885 7
      vertex 79.83031595011393 42.78887831978595 7
      vertex 80 44.75 7
    endloop
  endfacet
  facet normal 0 0 1
    outer loop
      vertex 80 44.75 7
      vertex 80.16968404988607 42.78887831978595 7
      vertex 80.42421012471517 44.722195799464885 7
    endloop
  endfacet
  facet normal 0 0 1
    outer loop
      vertex 80.42421012471517 44.722195799464885 7
      vertex 80.65 42.62583302491977 7
      vertex 80.84116189658319 44.63925893543947 7
    endloop
  endfacet
  facet normal 0 0 1
    outer loop
      vertex 80.84116189658319 44.63925893543947 7
      vertex 81.03135934237861 42.29138985771134 7
      vertex 81.24372115518653 44.502608480661685 7
    endloop
  endfacet
  facet normal 0 0 1
    outer loop
      vertex 82.57839835594652 39.52152535572166 7
      vertex 82.57839835594652 43.47847464427834 7
      vertex 82.29809703885628 43.79809703885628 7
    endloop
  endfacet
  facet normal 0 0 1
    outer loop
      vertex 82.81458256229942 39.875 7
      vertex 82.81458256229942 43.125 7
      vertex 82.57839835594652 43.47847464427834 7
    endloop
  endfacet
  facet normal 0 0 1
    outer loop
      vertex 83.00260848066168 40.25627884481346 7
      vertex 83.00260848066168 42.74372115518654 7
      vertex 82.81458256229942 43.125 7
    endloop
  endfacet
  facet normal 0 0 -1
    outer loop
      vertex 0.22836140543222427 1.8519496992230415 0
      vertex 0.10222252458333969 2.2235428616404533 0
      vertex 2.775 2.244263164512564 0
    endloop
  endfacet
  facet normal 0 0 -1
    outer loop
      vertex 0.10222252458333969 2.2235428616404533 0
      vertex 0.025665417313575745 2.6084214225411415 0
      vertex 2.062404951007975 3.310737021280925 0
    endloop
  endfacet
  facet normal 0 0 -1
    outer loop
      vertex 0.025665417313575745 2.6084214225411415 0
      vertex 0 3 0
      vertex 2.062404951007975 3.689262978719075 0
    endloop
  endfacet
  facet normal 0 0 -1
    outer loop
      vertex 0.22836140543222427 1.8519496992230415 0
      vertex 2.775 2.244263164512564 0
      vertex 2.9451090230706196 2.160374677858634 0
    endloop
  endfacet
  facet normal 0 0 -1
    outer loop
      vertex 0.10222252458333969 2.2235428616404533 0
      vertex 2.349637656577709 2.617295927937355 0
      vertex 2.4746951672795063 2.4746951672795063 0
    endloop
  endfacet
  facet normal 0 0 -1
    outer loop
      vertex 0.10222252458333969 2.2235428616404533 0
      vertex 2.244263164512564 2.775 0
      vertex 2.349637656577709 2.617295927937355 0
    endloop
  endfacet
  facet normal 0 0 -1
    outer loop
      vertex 0.10222252458333969 2.2235428616404533 0
      vertex 2.4746951672795063 2.4746951672795063 0
      vertex 2.617295927937355 2.349637656577709 0
    endloop
  endfacet
  facet normal 0 0 -1
    outer loop
      vertex 0.10222252458333969 2.2235428616404533 0
      vertex 2.617295927937355 2.349637656577709 0
      vertex 2.775 2.244263164512564 0
    endloop
  endfacet
  facet normal 0 0 -1
    outer loop
      vertex 0.22836140543222427 1.8519496992230415 0
      vertex 2.9451090230706196 2.160374677858634 0
      vertex 3.124712384601345 2.099407551880851 0
    endloop
  endfacet
  facet normal 0 0 -1
    outer loop
      vertex 0.22836140543222427 1.8519496992230415 0
      vertex 3.124712384601345 2.099407551880851 0
      vertex 3.310737021280925 2.062404951007975 0
    endloop
  endfacet
  facet normal 0 0 -1
    outer loop
      vertex 0.22836140543222427 1.8519496992230415 0
      vertex 3.310737021280925 2.062404951007975 0
      vertex 3.5 2.05 0
    endloop
  endfacet
  facet normal 0 0 -1
    outer loop
      vertex 0.10222252458333969 2.2235428616404533 0
      vertex 2.099407551880851 3.124712384601345 0
      vertex 2.160374677858634 2.9451090230706196 0
    endloop
  endfacet
  facet normal 0 0 -1
    outer loop
      vertex 0.10222252458333969 2.2235428616404533 0
      vertex 2.160374677858634 2.9451090230706196 0
      vertex 2.244263164512564 2.775 0
    endloop
  endfacet
  facet normal 0 0 -1
    outer loop
      vertex 0.10222252458333969 2.2235428616404533 0
      vertex 2.062404951007975 3.310737021280925 0
      vertex 2.099407551880851 3.124712384601345 0
    endloop
  endfacet
  facet normal 0 0 -1
    outer loop
      vertex 0.025665417313575745 2.6084214225411415 0
      vertex 2.05 3.5 0
      vertex 2.062404951007975 3.310737021280925 0
    endloop
  endfacet
  facet normal 0 0 -1
    outer loop
      vertex 0.025665417313575745 2.6084214225411415 0
      vertex 2.062404951007975 3.689262978719075 0
      vertex 2.05 3.5 0
    endloop
  endfacet
  facet normal 0 0 -1
    outer loop
      vertex 0 3 0
      vertex 2.099407551880851 3.875287615398655 0
      vertex 2.062404951007975 3.689262978719075 0
    endloop
  endfacet
  facet normal 0 0 -1
    outer loop
      vertex 0 3 0
      vertex 2.160374677858634 4.05489097692938 0
      vertex 2.099407551880851 3.875287615398655 0
    endloop
  endfacet
  facet normal 0 0 -1
    outer loop
      vertex 0 3 0
      vertex 2.244263164512564 4.225 0
      vertex 2.160374677858634 4.05489097692938 0
    endloop
  endfacet
  facet normal 0 0 -1
    outer loop
      vertex 0 3 0
      vertex 2.349637656577709 4.382704072062645 0
      vertex 2.244263164512564 4.225 0
    endloop
  endfacet
  facet normal -0.6593458207943228 -0.7518398024852507 0
    outer loop
      vertex 1.1737157106399536 0.6199399754405022 0
      vertex 0.8786796554923058 0.8786796554923058 3
      vertex 0.8786796554923058 0.8786796554923058 0
    endloop
  endfacet
  facet normal -0.5555702203832522 -0.8314696207458843 0
    outer loop
      vertex 1.1737157106399536 0.6199399754405022 0
      vertex 1.5 0.4019237905740738 0
      vertex 1.1737157106399536 0.6199399754405022 3
    endloop
  endfacet
  facet normal -0.8968727407473451 -0.4422886918115197 0
    outer loop
      vertex 0.4019237905740738 1.5 0
      vertex 0.22836140543222427 1.8519496992230415 3
      vertex 0.22836140543222427 1.8519496992230415 0
    endloop
  endfacet
  facet normal -0.8314696207458843 -0.5555702203832522 0
    outer loop
      vertex 0.6199399754405022 1.1737157106399536 0
      vertex 0.4019237905740738 1.5 3
      vertex 0.4019237905740738 1.5 0
    endloop
  endfacet
  facet normal -0.7518398024852507 -0.6593458207943228 0
    outer loop
      vertex 0.6199399754405022 1.1737157106399536 0
      vertex 0.8786796554923058 0.8786796554923058 0
      vertex 0.6199399754405022 1.1737157106399536 3
    endloop
  endfacet
  facet normal -0.4422886918115197 -0.8968727407473451 0
    outer loop
      vertex 1.5 0.4019237905740738 0
      vertex 1.8519496992230415 0.22836140543222427 0
      vertex 1.5 0.4019237905740738 3
    endloop
  endfacet
  facet normal -0.3214394637077385 -0.9469301300366789 0
    outer loop
      vertex 1.8519496992230415 0.22836140543222427 0
      vertex 2.2235428616404533 0.10222252458333969 0
      vertex 1.8519496992230415 0.22836140543222427 3
    endloop
  endfacet
  facet normal -0.19509032585814412 -0.9807852796390061 0
    outer loop
      vertex 2.2235428616404533 0.10222252458333969 0
      vertex 2.6084214225411415 0.025665417313575745 0
      vertex 2.2235428616404533 0.10222252458333969 3
    endloop
  endfacet
  facet normal -0.9469301300366789 -0.3214394637077385 0
    outer loop
      vertex 0.22836140543222427 1.8519496992230415 0
      vertex 0.10222252458333969 2.2235428616404533 3
      vertex 0.10222252458333969 2.2235428616404533 0
    endloop
  endfacet
  facet normal -0.9807852796390061 -0.19509032585814412 0
    outer loop
      vertex 0.10222252458333969 2.2235428616404533 0
      vertex 0.025665417313575745 2.6084214225411415 3
      vertex 0.025665417313575745 2.6084214225411415 0
    endloop
  endfacet
  facet normal -0.9978589230086541 -0.06540313273849395 0
    outer loop
      vertex 0.025665417313575745 2.6084214225411415 0
      vertex 0 3 3
      vertex 0 3 0
    endloop
  endfacet
  facet normal -0.06540313273849395 -0.9978589230086541 0
    outer loop
      vertex 2.6084214225411415 0.025665417313575745 0
      vertex 3 0 0
      vertex 2.6084214225411415 0.025665417313575745 3
    endloop
  endfacet
  facet normal 0 0 -1
    outer loop
      vertex 4.755736835487436 2.775 0
      vertex 31.663535241366723 13.244296425824212 0
      vertex 4.650362343422291 2.617295927937355 0
    endloop
  endfacet
  facet normal 0 0 -1
    outer loop
      vertex 4.839625322141366 2.9451090230706196 0
      vertex 31.502511537925383 13.298956607735327 0
      vertex 4.755736835487436 2.775 0
    endloop
  endfacet
  facet normal 0 0 -1
    outer loop
      vertex 4.9005924481191485 3.124712384601345 0
      vertex 31.35 13.37416697508023 0
      vertex 4.839625322141366 2.9451090230706196 0
    endloop
  endfacet
  facet normal 0 0 -1
    outer loop
      vertex 4.937595048992025 3.310737021280925 0
      vertex 31.208610142288663 13.468640657621394 0
      vertex 4.9005924481191485 3.124712384601345 0
    endloop
  endfacet
  facet normal 0 0 -1
    outer loop
      vertex 4.95 3.5 0
      vertex 31.080761184457486 13.580761184457488 0
      vertex 4.937595048992025 3.310737021280925 0
    endloop
  endfacet
  facet normal 0 0 -1
    outer loop
      vertex 4.937595048992025 3.689262978719075 0
      vertex 30.968640657621393 13.708610142288663 0
      vertex 4.95 3.5 0
    endloop
  endfacet
  facet normal 0 0 -1
    outer loop
      vertex 0.4019237905740738 1.5 0
      vertex 0.22836140543222427 1.8519496992230415 0
      vertex 60.617295927937356 2.349637656577709 0
    endloop
  endfacet
  facet normal 0 0 -1
    outer loop
      vertex 4.382704072062645 4.650362343422291 0
      vertex 4.225 4.755736835487436 0
      vertex 30.7 14.5 0
    endloop
  endfacet
  facet normal 0 0 -1
    outer loop
      vertex 4.382704072062645 4.650362343422291 0
      vertex 30.7 14.5 0
      vertex 4.525304832720494 4.525304832720494 0
    endloop
  endfacet
  facet normal 0 0 -1
    outer loop
      vertex 4.9005924481191485 3.875287615398655 0
      vertex 30.87416697508023 13.85 0
      vertex 4.937595048992025 3.689262978719075 0
    endloop
  endfacet
  facet normal 0 0 -1
    outer loop
      vertex 4.839625322141366 4.05489097692938 0
      vertex 30.798956607735327 14.002511537925383 0
      vertex 4.9005924481191485 3.875287615398655 0
    endloop
  endfacet
  facet normal 0 0 -1
    outer loop
      vertex 4.755736835487436 4.225 0
      vertex 30.74429642582421 14.163535241366723 0
      vertex 4.839625322141366 4.05489097692938 0
    endloop
  endfacet
  facet normal 0 0 -1
    outer loop
      vertex 4.650362343422291 4.382704072062645 0
      vertex 30.711121680214045 14.330315950113933 0
      vertex 4.755736835487436 4.225 0
    endloop
  endfacet
  facet normal 0 0 -1
    outer loop
      vertex 4.525304832720494 4.525304832720494 0
      vertex 30.7 14.5 0
      vertex 4.650362343422291 4.382704072062645 0
    endloop
  endfacet
  facet normal -0.6593458207943228 -0.7518398024852507 0
    outer loop
      vertex 1.1737157106399536 0.6199399754405022 0
      vertex 1.1737157106399536 0.6199399754405022 3
      vertex 0.8786796554923058 0.8786796554923058 3
    endloop
  endfacet
  facet normal -0.8314696207458843 -0.5555702203832522 0
    outer loop
      vertex 0.6199399754405022 1.1737157106399536 0
      vertex 0.6199399754405022 1.1737157106399536 3
      vertex 0.4019237905740738 1.5 3
    endloop
  endfacet
  facet normal -0.8968727407473451 -0.4422886918115197 0
    outer loop
      vertex 0.4019237905740738 1.5 0
      vertex 0.4019237905740738 1.5 3
      vertex 0.22836140543222427 1.8519496992230415 3
    endloop
  endfacet
  facet normal -0.7518398024852507 -0.6593458207943228 0
    outer loop
      vertex 0.8786796554923058 0.8786796554923058 0
      vertex 0.8786796554923058 0.8786796554923058 3
      vertex 0.6199399754405022 1.1737157106399536 3
    endloop
  endfacet
  facet normal -0.4422886918115197 -0.8968727407473451 0
    outer loop
      vertex 1.8519496992230415 0.22836140543222427 0
      vertex 1.8519496992230415 0.22836140543222427 3
      vertex 1.5 0.4019237905740738 3
    endloop
  endfacet
  facet normal -0.5555702203832522 -0.8314696207458843 0
    outer loop
      vertex 1.5 0.4019237905740738 0
      vertex 1.5 0.4019237905740738 3
      vertex 1.1737157106399536 0.6199399754405022 3
    endloop
  endfacet
  facet normal -0.3214394637077385 -0.9469301300366789 0
    outer loop
      vertex 2.2235428616404533 0.10222252458333969 0
      vertex 2.2235428616404533 0.10222252458333969 3
      vertex 1.8519496992230415 0.22836140543222427 3
    endloop
  endfacet
  facet normal -0.19509032585814412 -0.9807852796390061 0
    outer loop
      vertex 2.6084214225411415 0.025665417313575745 0
      vertex 2.6084214225411415 0.025665417313575745 3
      vertex 2.2235428616404533 0.10222252458333969 3
    endloop
  endfacet
  facet normal -0.9469301300366789 -0.3214394637077385 0
    outer loop
      vertex 0.22836140543222427 1.8519496992230415 0
      vertex 0.22836140543222427 1.8519496992230415 3
      vertex 0.10222252458333969 2.2235428616404533 3
    endloop
  endfacet
  facet normal -0.9807852796390061 -0.19509032585814412 0
    outer loop
      vertex 0.10222252458333969 2.2235428616404533 0
      vertex 0.10222252458333969 2.2235428616404533 3
      vertex 0.025665417313575745 2.6084214225411415 3
    endloop
  endfacet
  facet normal -0.9978589230086541 -0.06540313273849395 0
    outer loop
      vertex 0.025665417313575745 2.6084214225411415 0
      vertex 0.025665417313575745 2.6084214225411415 3
      vertex 0 3 3
    endloop
  endfacet
  facet normal -0.06540313273849395 -0.9978589230086541 0
    outer loop
      vertex 3 0 0
      vertex 3 0 3
      vertex 2.6084214225411415 0.025665417313575745 3
    endloop
  endfacet
  facet normal 0 0 1
    outer loop
      vertex 0.22836140543222427 1.8519496992230415 3
      vertex 2.617295927937355 2.349637656577709 3
      vertex 0.10222252458333969 2.2235428616404533 3
    endloop
  endfacet
  facet normal 0 0 1
    outer loop
      vertex 0.10222252458333969 2.2235428616404533 3
      vertex 2.05 3.5 3
      vertex 0.025665417313575745 2.6084214225411415 3
    endloop
  endfacet
  facet normal 0 0 1
    outer loop
      vertex 0.025665417313575745 2.6084214225411415 3
      vertex 2.099407551880851 3.875287615398655 3
      vertex 0 3 3
    endloop
  endfacet
  facet normal 0 0 1
    outer loop
      vertex 0.22836140543222427 1.8519496992230415 3
      vertex 2.775 2.244263164512564 3
      vertex 2.617295927937355 2.349637656577709 3
    endloop
  endfacet
  facet normal 0 0 1
    outer loop
      vertex 0.22836140543222427 1.8519496992230415 3
      vertex 2.9451090230706196 2.160374677858634 3
      vertex 2.775 2.244263164512564 3
    endloop
  endfacet
  facet normal 0 0 1
    outer loop
      vertex 0.10222252458333969 2.2235428616404533 3
      vertex 2.4746951672795063 2.4746951672795063 3
      vertex 2.349637656577709 2.617295927937355 3
    endloop
  endfacet
  facet normal 0 0 1
    outer loop
      vertex 0.10222252458333969 2.2235428616404533 3
      vertex 2.349637656577709 2.617295927937355 3
      vertex 2.244263164512564 2.775 3
    endloop
  endfacet
  facet normal 0 0 1
    outer loop
      vertex 0.10222252458333969 2.2235428616404533 3
      vertex 2.617295927937355 2.349637656577709 3
      vertex 2.4746951672795063 2.4746951672795063 3
    endloop
  endfacet
  facet normal 0 0 1
    outer loop
      vertex 0.22836140543222427 1.8519496992230415 3
      vertex 3.124712384601345 2.099407551880851 3
      vertex 2.9451090230706196 2.160374677858634 3
    endloop
  endfacet
  facet normal 0 0 1
    outer loop
      vertex 0.22836140543222427 1.8519496992230415 3
      vertex 3.310737021280925 2.062404951007975 3
      vertex 3.124712384601345 2.099407551880851 3
    endloop
  endfacet
  facet normal 0 0 1
    outer loop
      vertex 0.22836140543222427 1.8519496992230415 3
      vertex 3.5 2.05 3
      vertex 3.310737021280925 2.062404951007975 3
    endloop
  endfacet
  facet normal 0 0 1
    outer loop
      vertex 0.10222252458333969 2.2235428616404533 3
      vertex 2.160374677858634 2.9451090230706196 3
      vertex 2.099407551880851 3.124712384601345 3
    endloop
  endfacet
  facet normal 0 0 1
    outer loop
      vertex 0.10222252458333969 2.2235428616404533 3
      vertex 2.244263164512564 2.775 3
      vertex 2.160374677858634 2.9451090230706196 3
    endloop
  endfacet
  facet normal 0 0 1
    outer loop
      vertex 0.10222252458333969 2.2235428616404533 3
      vertex 2.099407551880851 3.124712384601345 3
      vertex 2.062404951007975 3.310737021280925 3
    endloop
  endfacet
  facet normal 0 0 1
    outer loop
      vertex 0.10222252458333969 2.2235428616404533 3
      vertex 2.062404951007975 3.310737021280925 3
      vertex 2.05 3.5 3
    endloop
  endfacet
  facet normal 0 0 1
    outer loop
      vertex 0.025665417313575745 2.6084214225411415 3
      vertex 2.05 3.5 3
      vertex 2.062404951007975 3.689262978719075 3
    endloop
  endfacet
  facet normal 0 0 1
    outer loop
      vertex 0.025665417313575745 2.6084214225411415 3
      vertex 2.062404951007975 3.689262978719075 3
      vertex 2.099407551880851 3.875287615398655 3
    endloop
  endfacet
  facet normal 0 0 1
    outer loop
      vertex 0 3 3
      vertex 2.099407551880851 3.875287615398655 3
      vertex 2.160374677858634 4.05489097692938 3
    endloop
  endfacet
  facet normal 0 0 1
    outer loop
      vertex 0 3 3
      vertex 2.160374677858634 4.05489097692938 3
      vertex 2.244263164512564 4.225 3
    endloop
  endfacet
  facet normal 0 0 1
    outer loop
      vertex 0 3 3
      vertex 2.244263164512564 4.225 3
      vertex 2.349637656577709 4.382704072062645 3
    endloop
  endfacet
  facet normal 0 0 1
    outer loop
      vertex 0 3 3
      vertex 2.349637656577709 4.382704072062645 3
      vertex 2.4746951672795063 4.525304832720494 3
    endloop
  endfacet
  facet normal 0 0 1
    outer loop
      vertex 0 3 3
      vertex 2.4746951672795063 4.525304832720494 3
      vertex 2.617295927937355 4.650362343422291 3
    endloop
  endfacet
  facet normal 0 0 1
    outer loop
      vertex 0 3 3
      vertex 2.617295927937355 4.650362343422291 3
      vertex 2.775 4.755736835487436 3
    endloop
  endfacet
  facet normal 0 0 1
    outer loop
      vertex 29.421601644053485 12.521525355721657 3
      vertex 4.9005924481191485 3.875287615398655 3
      vertex 4.937595048992025 3.689262978719075 3
    endloop
  endfacet
  facet normal 0 0 1
    outer loop
      vertex 32.841161896583195 11.360741064560528 3
      vertex 4.650362343422291 2.617295927937355 3
      vertex 4.525304832720494 2.4746951672795063 3
    endloop
  endfacet
  facet normal 0 0 1
    outer loop
      vertex 32.841161896583195 11.360741064560528 3
      vertex 4.755736835487436 2.775 3
      vertex 4.650362343422291 2.617295927937355 3
    endloop
  endfacet
  facet normal 0 0 1
    outer loop
      vertex 32.841161896583195 11.360741064560528 3
      vertex 4.839625322141366 2.9451090230706196 3
      vertex 4.755736835487436 2.775 3
    endloop
  endfacet
  facet normal 0 0 1
    outer loop
      vertex 32.841161896583195 11.360741064560528 3
      vertex 4.9005924481191485 3.124712384601345 3
      vertex 4.839625322141366 2.9451090230706196 3
    endloop
  endfacet
  facet normal 0 0 1
    outer loop
      vertex 32.841161896583195 11.360741064560528 3
      vertex 4.937595048992025 3.310737021280925 3
      vertex 4.9005924481191485 3.124712384601345 3
    endloop
  endfacet
  facet normal 0 0 1
    outer loop
      vertex 32.841161896583195 11.360741064560528 3
      vertex 4.95 3.5 3
      vertex 4.937595048992025 3.310737021280925 3
    endloop
  endfacet
  facet normal 0 0 1
    outer loop
      vertex 30.375 11.685417437700576 3
      vertex 4.937595048992025 3.689262978719075 3
      vertex 4.95 3.5 3
    endloop
  endfacet
  facet normal 0 0 1
    outer loop
      vertex 0.4019237905740738 1.5 3
      vertex 60.474695167279506 2.4746951672795063 3
      vertex 0.22836140543222427 1.8519496992230415 3
    endloop
  endfacet
  facet normal 0 0 1
    outer loop
      vertex 28.99739151933832 13.256278844813458 3
      vertex 4.839625322141366 4.05489097692938 3
      vertex 4.9005924481191485 3.875287615398655 3
    endloop
  endfacet
  facet normal 0 0 1
    outer loop
      vertex 28.75 14.5 3
      vertex 4.755736835487436 4.225 3
      vertex 4.839625322141366 4.05489097692938 3
    endloop
  endfacet
  facet normal 0 0 1
    outer loop
      vertex 28.99739151933832 15.743721155186542 3
      vertex 4.650362343422291 4.382704072062645 3
      vertex 4.755736835487436 4.225 3
    endloop
  endfacet
  facet normal 0 0 1
    outer loop
      vertex 30.375 17.314582562299424 3
      vertex 4.525304832720494 4.525304832720494 3
      vertex 4.650362343422291 4.382704072062645 3
    endloop
  endfacet
  facet normal 0 0 1
    outer loop
      vertex 29.185417437700576 12.875 3
      vertex 4.9005924481191485 3.875287615398655 3
      vertex 29.421601644053485 12.521525355721657 3
    endloop
  endfacet
  facet normal 0 0 1
    outer loop
      vertex 29.185417437700576 12.875 3
      vertex 28.99739151933832 13.256278844813458 3
      vertex 4.9005924481191485 3.875287615398655 3
    endloop
  endfacet
  facet normal 0 0 1
    outer loop
      vertex 28.99739151933832 13.256278844813458 3
      vertex 28.86074106456053 13.658838103416807 3
      vertex 4.839625322141366 4.05489097692938 3
    endloop
  endfacet
  facet normal 0 0 1
    outer loop
      vertex 28.86074106456053 13.658838103416807 3
      vertex 28.777804200535115 14.075789875284832 3
      vertex 4.839625322141366 4.05489097692938 3
    endloop
  endfacet
  facet normal 0 0 1
    outer loop
      vertex 28.777804200535115 14.075789875284832 3
      vertex 28.75 14.5 3
      vertex 4.839625322141366 4.05489097692938 3
    endloop
  endfacet
  facet normal 0 0 1
    outer loop
      vertex 28.75 14.5 3
      vertex 28.777804200535115 14.924210124715168 3
      vertex 4.755736835487436 4.225 3
    endloop
  endfacet
  facet normal 0 0 1
    outer loop
      vertex 28.777804200535115 14.924210124715168 3
      vertex 28.86074106456053 15.341161896583193 3
      vertex 4.755736835487436 4.225 3
    endloop
  endfacet
  facet normal 0 0 1
    outer loop
      vertex 28.86074106456053 15.341161896583193 3
      vertex 28.99739151933832 15.743721155186542 3
      vertex 4.755736835487436 4.225 3
    endloop
  endfacet
  facet normal 0 0 1
    outer loop
      vertex 28.99739151933832 15.743721155186542 3
      vertex 29.185417437700576 16.125 3
      vertex 4.650362343422291 4.382704072062645 3
    endloop
  endfacet
  facet normal 0 0 1
    outer loop
      vertex 29.185417437700576 16.125 3
      vertex 29.421601644053485 16.478474644278343 3
      vertex 4.650362343422291 4.382704072062645 3
    endloop
  endfacet
  facet normal 0 0 -1
    outer loop
      vertex 0 3 0
      vertex 3.875287615398655 51.09940755188085 0
      vertex 2.349637656577709 4.382704072062645 0
    endloop
  endfacet
  facet normal 0 0 -1
    outer loop
      vertex 2.349637656577709 4.382704072062645 0
      vertex 3.875287615398655 51.09940755188085 0
      vertex 2.4746951672795063 4.525304832720494 0
    endloop
  endfacet
  facet normal 0 0 -1
    outer loop
      vertex 2.617295927937355 4.650362343422291 0
      vertex 2.4746951672795063 4.525304832720494 0
      vertex 3.875287615398655 51.09940755188085 0
    endloop
  endfacet
  facet normal 0 0 -1
    outer loop
      vertex 2.775 4.755736835487436 0
      vertex 2.617295927937355 4.650362343422291 0
      vertex 3.875287615398655 51.09940755188085 0
    endloop
  endfacet
  facet normal 0 0 -1
    outer loop
      vertex 2.9451090230706196 4.839625322141366 0
      vertex 2.775 4.755736835487436 0
      vertex 3.875287615398655 51.09940755188085 0
    endloop
  endfacet
  facet normal 0 0 -1
    outer loop
      vertex 3.124712384601345 4.9005924481191485 0
      vertex 2.9451090230706196 4.839625322141366 0
      vertex 3.875287615398655 51.09940755188085 0
    endloop
  endfacet
  facet normal -1 0 0
    outer loop
      vertex 0 3 0
      vertex 0 3 3
      vertex 0 53 3
    endloop
  endfacet
  facet normal 0 0 1
    outer loop
      vertex 0 3 3
      vertex 2.775 4.755736835487436 3
      vertex 34.29809703885628 39.20190296114372 3
    endloop
  endfacet
  facet normal 0 0 1
    outer loop
      vertex 34.29809703885628 39.20190296114372 3
      vertex 2.775 4.755736835487436 3
      vertex 2.9451090230706196 4.839625322141366 3
    endloop
  endfacet
  facet normal 0 0 1
    outer loop
      vertex 34.29809703885628 39.20190296114372 3
      vertex 2.9451090230706196 4.839625322141366 3
      vertex 3.124712384601345 4.9005924481191485 3
    endloop
  endfacet
  facet normal 0 0 1
    outer loop
      vertex 34.29809703885628 39.20190296114372 3
      vertex 3.124712384601345 4.9005924481191485 3
      vertex 3.310737021280925 4.937595048992025 3
    endloop
  endfacet
  facet normal 0 0 1
    outer loop
      vertex 0 3 3
      vertex 30.021525355721657 38.92160164405349 3
      vertex 29.70190296114372 39.20190296114372 3
    endloop
  endfacet
  facet normal 0 0 1
    outer loop
      vertex 0 3 3
      vertex 29.70190296114372 39.20190296114372 3
      vertex 29.421601644053485 39.52152535572166 3
    endloop
  endfacet
  facet normal 0 0 1
    outer loop
      vertex 0 3 3
      vertex 30.375 38.68541743770057 3
      vertex 30.021525355721657 38.92160164405349 3
    endloop
  endfacet
  facet normal 0 0 1
    outer loop
      vertex 0 3 3
      vertex 30.75627884481346 38.497391519338315 3
      vertex 30.375 38.68541743770057 3
    endloop
  endfacet
  facet normal 0 0 1
    outer loop
      vertex 0 3 3
      vertex 31.15883810341681 38.36074106456053 3
      vertex 30.75627884481346 38.497391519338315 3
    endloop
  endfacet
  facet normal 0 0 1
    outer loop
      vertex 0 3 3
      vertex 31.575789875284833 38.277804200535115 3
      vertex 31.15883810341681 38.36074106456053 3
    endloop
  endfacet
  facet normal 0 0 1
    outer loop
      vertex 0 3 3
      vertex 32 38.25 3
      vertex 31.575789875284833 38.277804200535115 3
    endloop
  endfacet
  facet normal 0 0 -1
    outer loop
      vertex 0.22836140543222427 1.8519496992230415 0
      vertex 3.5 2.05 0
      vertex 60.34963765657771 2.617295927937355 0
    endloop
  endfacet
  facet normal 0 0 -1
    outer loop
      vertex 60.34963765657771 2.617295927937355 0
      vertex 3.5 2.05 0
      vertex 3.689262978719075 2.062404951007975 0
    endloop
  endfacet
  facet normal 0 0 -1
    outer loop
      vertex 60.34963765657771 2.617295927937355 0
      vertex 3.689262978719075 2.062404951007975 0
      vertex 3.875287615398655 2.099407551880851 0
    endloop
  endfacet
  facet normal 0 0 -1
    outer loop
      vertex 60.34963765657771 2.617295927937355 0
      vertex 3.875287615398655 2.099407551880851 0
      vertex 4.05489097692938 2.160374677858634 0
    endloop
  endfacet
  facet normal 0 0 -1
    outer loop
      vertex 60.34963765657771 2.617295927937355 0
      vertex 4.05489097692938 2.160374677858634 0
      vertex 4.225 2.244263164512564 0
    endloop
  endfacet
  facet normal 0 0 -1
    outer loop
      vertex 4.382704072062645 2.349637656577709 0
      vertex 60.34963765657771 2.617295927937355 0
      vertex 4.225 2.244263164512564 0
    endloop
  endfacet
  facet normal 0 0 -1
    outer loop
      vertex 4.382704072062645 2.349637656577709 0
      vertex 4.525304832720494 2.4746951672795063 0
      vertex 60.24426316451257 2.775 0
    endloop
  endfacet
  facet normal 0 0 -1
    outer loop
      vertex 4.525304832720494 2.4746951672795063 0
      vertex 4.650362343422291 2.617295927937355 0
      vertex 60.24426316451257 2.775 0
    endloop
  endfacet
  facet normal 0 0 -1
    outer loop
      vertex 1.5 0.4019237905740738 0
      vertex 84.1213203445077 0.8786796554923058 0
      vertex 1.8519496992230415 0.22836140543222427 0
    endloop
  endfacet
  facet normal 0 0 -1
    outer loop
      vertex 1.1737157106399536 0.6199399754405022 0
      vertex 84.3800600245595 1.1737157106399536 0
      vertex 1.5 0.4019237905740738 0
    endloop
  endfacet
  facet normal 0 0 -1
    outer loop
      vertex 1.1737157106399536 0.6199399754405022 0
      vertex 0.8786796554923058 0.8786796554923058 0
      vertex 84.59807620942593 1.5 0
    endloop
  endfacet
  facet normal 0 0 -1
    outer loop
      vertex 0.6199399754405022 1.1737157106399536 0
      vertex 84.77163859456778 1.8519496992230415 0
      vertex 0.8786796554923058 0.8786796554923058 0
    endloop
  endfacet
  facet normal 0 0 -1
    outer loop
      vertex 0.6199399754405022 1.1737157106399536 0
      vertex 0.4019237905740738 1.5 0
      vertex 84.89777747541666 2.2235428616404533 0
    endloop
  endfacet
  facet normal 0 0 -1
    outer loop
      vertex 2.2235428616404533 0.10222252458333969 0
      vertex 83.5 0.4019237905740738 0
      vertex 2.6084214225411415 0.025665417313575745 0
    endloop
  endfacet
  facet normal 0 0 -1
    outer loop
      vertex 1.8519496992230415 0.22836140543222427 0
      vertex 83.82628428936005 0.6199399754405022 0
      vertex 2.2235428616404533 0.10222252458333969 0
    endloop
  endfacet
  facet normal 0 0 -1
    outer loop
      vertex 2.6084214225411415 0.025665417313575745 0
      vertex 83.14805030077696 0.22836140543222427 0
      vertex 3 0 0
    endloop
  endfacet
  facet normal 0 -1 0
    outer loop
      vertex 3 0 0
      vertex 82 0 0
      vertex 3 0 3
    endloop
  endfacet
  facet normal 0 0 -1
    outer loop
      vertex 4.839625322141366 2.9451090230706196 0
      vertex 31.35 13.37416697508023 0
      vertex 31.502511537925383 13.298956607735327 0
    endloop
  endfacet
  facet normal 0 0 -1
    outer loop
      vertex 4.9005924481191485 3.124712384601345 0
      vertex 31.208610142288663 13.468640657621394 0
      vertex 31.35 13.37416697508023 0
    endloop
  endfacet
  facet normal 0 0 -1
    outer loop
      vertex 4.937595048992025 3.310737021280925 0
      vertex 31.080761184457486 13.580761184457488 0
      vertex 31.208610142288663 13.468640657621394 0
    endloop
  endfacet
  facet normal 0 0 -1
    outer loop
      vertex 4.95 3.5 0
      vertex 30.968640657621393 13.708610142288663 0
      vertex 31.080761184457486 13.580761184457488 0
    endloop
  endfacet
  facet normal 0 0 -1
    outer loop
      vertex 4.937595048992025 3.689262978719075 0
      vertex 30.87416697508023 13.85 0
      vertex 30.968640657621393 13.708610142288663 0
    endloop
  endfacet
  facet normal 0 0 -1
    outer loop
      vertex 4.650362343422291 2.617295927937355 0
      vertex 31.663535241366723 13.244296425824212 0
      vertex 31.83031595011393 13.211121680214047 0
    endloop
  endfacet
  facet normal 0 0 -1
    outer loop
      vertex 4.755736835487436 2.775 0
      vertex 31.502511537925383 13.298956607735327 0
      vertex 31.663535241366723 13.244296425824212 0
    endloop
  endfacet
  facet normal 0 0 -1
    outer loop
      vertex 4.225 4.755736835487436 0
      vertex 30.711121680214045 14.669684049886067 0
      vertex 30.7 14.5 0
    endloop
  endfacet
  facet normal 0 0 -1
    outer loop
      vertex 4.9005924481191485 3.875287615398655 0
      vertex 30.798956607735327 14.002511537925383 0
      vertex 30.87416697508023 13.85 0
    endloop
  endfacet
  facet normal 0 0 -1
    outer loop
      vertex 4.755736835487436 4.225 0
      vertex 30.711121680214045 14.330315950113933 0
      vertex 30.74429642582421 14.163535241366723 0
    endloop
  endfacet
  facet normal 0 0 -1
    outer loop
      vertex 4.839625322141366 4.05489097692938 0
      vertex 30.74429642582421 14.163535241366723 0
      vertex 30.798956607735327 14.002511537925383 0
    endloop
  endfacet
  facet normal 0 0 -1
    outer loop
      vertex 4.650362343422291 4.382704072062645 0
      vertex 30.7 14.5 0
      vertex 30.711121680214045 14.330315950113933 0
    endloop
  endfacet
  facet normal 0 0 -1
    outer loop
      vertex 4.225 4.755736835487436 0
      vertex 30.74429642582421 14.836464758633277 0
      vertex 30.711121680214045 14.669684049886067 0
    endloop
  endfacet
  facet normal 0 0 -1
    outer loop
      vertex 4.225 4.755736835487436 0
      vertex 30.798956607735327 14.997488462074617 0
      vertex 30.74429642582421 14.836464758633277 0
    endloop
  endfacet
  facet normal 0 0 -1
    outer loop
      vertex 4.225 4.755736835487436 0
      vertex 30.87416697508023 15.15 0
      vertex 30.798956607735327 14.997488462074617 0
    endloop
  endfacet
  facet normal 0 0 -1
    outer loop
      vertex 4.225 4.755736835487436 0
      vertex 30.968640657621393 15.291389857711337 0
      vertex 30.87416697508023 15.15 0
    endloop
  endfacet
  facet normal 0 0 -1
    outer loop
      vertex 4.225 4.755736835487436 0
      vertex 31.080761184457486 15.419238815542512 0
      vertex 30.968640657621393 15.291389857711337 0
    endloop
  endfacet
  facet normal 0 0 -1
    outer loop
      vertex 4.225 4.755736835487436 0
      vertex 31.208610142288663 15.531359342378606 0
      vertex 31.080761184457486 15.419238815542512 0
    endloop
  endfacet
  facet normal 0 0 -1
    outer loop
      vertex 4.225 4.755736835487436 0
      vertex 31.35 15.62583302491977 0
      vertex 31.208610142288663 15.531359342378606 0
    endloop
  endfacet
  facet normal 0 0 -1
    outer loop
      vertex 4.650362343422291 2.617295927937355 0
      vertex 31.83031595011393 13.211121680214047 0
      vertex 60.24426316451257 2.775 0
    endloop
  endfacet
  facet normal 0 0 -1
    outer loop
      vertex 0.22836140543222427 1.8519496992230415 0
      vertex 60.474695167279506 2.4746951672795063 0
      vertex 60.617295927937356 2.349637656577709 0
    endloop
  endfacet
  facet normal 0 0 -1
    outer loop
      vertex 0.22836140543222427 1.8519496992230415 0
      vertex 60.34963765657771 2.617295927937355 0
      vertex 60.474695167279506 2.4746951672795063 0
    endloop
  endfacet
  facet normal 0 0 -1
    outer loop
      vertex 0.4019237905740738 1.5 0
      vertex 60.775 2.244263164512564 0
      vertex 60.94510902307062 2.160374677858634 0
    endloop
  endfacet
  facet normal 0 0 -1
    outer loop
      vertex 0.4019237905740738 1.5 0
      vertex 60.94510902307062 2.160374677858634 0
      vertex 61.124712384601345 2.099407551880851 0
    endloop
  endfacet
  facet normal 0 0 -1
    outer loop
      vertex 0.4019237905740738 1.5 0
      vertex 60.617295927937356 2.349637656577709 0
      vertex 60.775 2.244263164512564 0
    endloop
  endfacet
  facet normal 0 0 -1
    outer loop
      vertex 0.4019237905740738 1.5 0
      vertex 61.124712384601345 2.099407551880851 0
      vertex 61.31073702128093 2.062404951007975 0
    endloop
  endfacet
  facet normal 0 0 -1
    outer loop
      vertex 0.4019237905740738 1.5 0
      vertex 61.31073702128093 2.062404951007975 0
      vertex 61.5 2.05 0
    endloop
  endfacet
  facet normal 0 0 -1
    outer loop
      vertex 4.382704072062645 2.349637656577709 0
      vertex 60.24426316451257 2.775 0
      vertex 60.34963765657771 2.617295927937355 0
    endloop
  endfacet
  facet normal 0 0 -1
    outer loop
      vertex 31.83031595011393 13.211121680214047 0
      vertex 32 13.2 0
      vertex 60.24426316451257 2.775 0
    endloop
  endfacet
  facet normal 0 0 -1
    outer loop
      vertex 32 13.2 0
      vertex 32.169684049886065 13.211121680214047 0
      vertex 60.24426316451257 2.775 0
    endloop
  endfacet
  facet normal 0 0 -1
    outer loop
      vertex 32.169684049886065 13.211121680214047 0
      vertex 32.33646475863328 13.244296425824212 0
      vertex 60.160374677858634 2.9451090230706196 0
    endloop
  endfacet
  facet normal 0 0 -1
    outer loop
      vertex 32.33646475863328 13.244296425824212 0
      vertex 32.497488462074614 13.298956607735327 0
      vertex 60.09940755188085 3.124712384601345 0
    endloop
  endfacet
  facet normal 0 0 -1
    outer loop
      vertex 32.497488462074614 13.298956607735327 0
      vertex 32.65 13.37416697508023 0
      vertex 60.05 3.5 0
    endloop
  endfacet
  facet normal 0 0 1
    outer loop
      vertex 0.22836140543222427 1.8519496992230415 3
      vertex 60.24426316451257 2.775 3
      vertex 3.5 2.05 3
    endloop
  endfacet
  facet normal 0 0 1
    outer loop
      vertex 60.24426316451257 2.775 3
      vertex 3.689262978719075 2.062404951007975 3
      vertex 3.5 2.05 3
    endloop
  endfacet
  facet normal 0 0 1
    outer loop
      vertex 60.24426316451257 2.775 3
      vertex 3.875287615398655 2.099407551880851 3
      vertex 3.689262978719075 2.062404951007975 3
    endloop
  endfacet
  facet normal 0 0 1
    outer loop
      vertex 60.24426316451257 2.775 3
      vertex 4.05489097692938 2.160374677858634 3
      vertex 3.875287615398655 2.099407551880851 3
    endloop
  endfacet
  facet normal 0 0 1
    outer loop
      vertex 60.24426316451257 2.775 3
      vertex 4.225 2.244263164512564 3
      vertex 4.05489097692938 2.160374677858634 3
    endloop
  endfacet
  facet normal 0 0 1
    outer loop
      vertex 4.382704072062645 2.349637656577709 3
      vertex 4.225 2.244263164512564 3
      vertex 60.24426316451257 2.775 3
    endloop
  endfacet
  facet normal 0 0 1
    outer loop
      vertex 4.525304832720494 2.4746951672795063 3
      vertex 4.382704072062645 2.349637656577709 3
      vertex 60.24426316451257 2.775 3
    endloop
  endfacet
  facet normal 0 0 1
    outer loop
      vertex 1.5 0.4019237905740738 3
      vertex 1.8519496992230415 0.22836140543222427 3
      vertex 84.1213203445077 0.8786796554923058 3
    endloop
  endfacet
  facet normal 0 0 1
    outer loop
      vertex 1.1737157106399536 0.6199399754405022 3
      vertex 1.5 0.4019237905740738 3
      vertex 84.3800600245595 1.1737157106399536 3
    endloop
  endfacet
  facet normal 0 0 1
    outer loop
      vertex 1.1737157106399536 0.6199399754405022 3
      vertex 84.59807620942593 1.5 3
      vertex 0.8786796554923058 0.8786796554923058 3
    endloop
  endfacet
  facet normal 0 0 1
    outer loop
      vertex 0.6199399754405022 1.1737157106399536 3
      vertex 0.8786796554923058 0.8786796554923058 3
      vertex 84.77163859456778 1.8519496992230415 3
    endloop
  endfacet
  facet normal 0 0 1
    outer loop
      vertex 0.6199399754405022 1.1737157106399536 3
      vertex 84.89777747541666 2.2235428616404533 3
      vertex 0.4019237905740738 1.5 3
    endloop
  endfacet
  facet normal 0 0 1
    outer loop
      vertex 2.2235428616404533 0.10222252458333969 3
      vertex 2.6084214225411415 0.025665417313575745 3
      vertex 83.5 0.4019237905740738 3
    endloop
  endfacet
  facet normal 0 0 1
    outer loop
      vertex 1.8519496992230415 0.22836140543222427 3
      vertex 2.2235428616404533 0.10222252458333969 3
      vertex 83.82628428936005 0.6199399754405022 3
    endloop
  endfacet
  facet normal 0 0 1
    outer loop
      vertex 2.6084214225411415 0.025665417313575745 3
      vertex 3 0 3
      vertex 83.14805030077696 0.22836140543222427 3
    endloop
  endfacet
  facet normal 0 0 1
    outer loop
      vertex 31.15883810341681 11.360741064560528 3
      vertex 4.95 3.5 3
      vertex 31.575789875284833 11.277804200535115 3
    endloop
  endfacet
  facet normal 0 0 1
    outer loop
      vertex 31.575789875284833 11.277804200535115 3
      vertex 4.95 3.5 3
      vertex 32 11.25 3
    endloop
  endfacet
  facet normal 0 0 1
    outer loop
      vertex 32 11.25 3
      vertex 4.95 3.5 3
      vertex 32.42421012471517 11.277804200535115 3
    endloop
  endfacet
  facet normal 0 0 1
    outer loop
      vertex 32.42421012471517 11.277804200535115 3
      vertex 4.95 3.5 3
      vertex 32.841161896583195 11.360741064560528 3
    endloop
  endfacet
  facet normal 0 0 1
    outer loop
      vertex 30.375 11.685417437700576 3
      vertex 30.021525355721657 11.921601644053485 3
      vertex 4.937595048992025 3.689262978719075 3
    endloop
  endfacet
  facet normal 0 0 1
    outer loop
      vertex 29.70190296114372 12.20190296114372 3
      vertex 4.937595048992025 3.689262978719075 3
      vertex 30.021525355721657 11.921601644053485 3
    endloop
  endfacet
  facet normal 0 0 1
    outer loop
      vertex 29.70190296114372 12.20190296114372 3
      vertex 29.421601644053485 12.521525355721657 3
      vertex 4.937595048992025 3.689262978719075 3
    endloop
  endfacet
  facet normal 0 0 1
    outer loop
      vertex 30.375 11.685417437700576 3
      vertex 4.95 3.5 3
      vertex 30.75627884481346 11.497391519338318 3
    endloop
  endfacet
  facet normal 0 0 1
    outer loop
      vertex 31.15883810341681 11.360741064560528 3
      vertex 30.75627884481346 11.497391519338318 3
      vertex 4.95 3.5 3
    endloop
  endfacet
  facet normal 0 0 1
    outer loop
      vertex 29.421601644053485 16.478474644278343 3
      vertex 29.70190296114372 16.79809703885628 3
      vertex 4.650362343422291 4.382704072062645 3
    endloop
  endfacet
  facet normal 0 0 1
    outer loop
      vertex 29.70190296114372 16.79809703885628 3
      vertex 30.021525355721657 17.078398355946515 3
      vertex 4.650362343422291 4.382704072062645 3
    endloop
  endfacet
  facet normal 0 0 1
    outer loop
      vertex 30.021525355721657 17.078398355946515 3
      vertex 30.375 17.314582562299424 3
      vertex 4.650362343422291 4.382704072062645 3
    endloop
  endfacet
  facet normal 0 0 1
    outer loop
      vertex 32.841161896583195 11.360741064560528 3
      vertex 4.525304832720494 2.4746951672795063 3
      vertex 60.24426316451257 2.775 3
    endloop
  endfacet
  facet normal 0 0 1
    outer loop
      vertex 0.4019237905740738 1.5 3
      vertex 60.617295927937356 2.349637656577709 3
      vertex 60.474695167279506 2.4746951672795063 3
    endloop
  endfacet
  facet normal 0 0 1
    outer loop
      vertex 0.22836140543222427 1.8519496992230415 3
      vertex 60.474695167279506 2.4746951672795063 3
      vertex 60.34963765657771 2.617295927937355 3
    endloop
  endfacet
  facet normal 0 0 1
    outer loop
      vertex 0.22836140543222427 1.8519496992230415 3
      vertex 60.34963765657771 2.617295927937355 3
      vertex 60.24426316451257 2.775 3
    endloop
  endfacet
  facet normal 0 0 1
    outer loop
      vertex 0.4019237905740738 1.5 3
      vertex 60.94510902307062 2.160374677858634 3
      vertex 60.775 2.244263164512564 3
    endloop
  endfacet
  facet normal 0 0 1
    outer loop
      vertex 0.4019237905740738 1.5 3
      vertex 61.124712384601345 2.099407551880851 3
      vertex 60.94510902307062 2.160374677858634 3
    endloop
  endfacet
  facet normal 0 0 1
    outer loop
      vertex 0.4019237905740738 1.5 3
      vertex 60.775 2.244263164512564 3
      vertex 60.617295927937356 2.349637656577709 3
    endloop
  endfacet
  facet normal 0 0 1
    outer loop
      vertex 0.4019237905740738 1.5 3
      vertex 61.31073702128093 2.062404951007975 3
      vertex 61.124712384601345 2.099407551880851 3
    endloop
  endfacet
  facet normal 0 0 1
    outer loop
      vertex 0.4019237905740738 1.5 3
      vertex 61.5 2.05 3
      vertex 61.31073702128093 2.062404951007975 3
    endloop
  endfacet
  facet normal 0 0 -1
    outer loop
      vertex 85 53 0
      vertex 3.875287615398655 4.9005924481191485 0
      vertex 3.689262978719075 4.937595048992025 0
    endloop
  endfacet
  facet normal 0 0 -1
    outer loop
      vertex 85 53 0
      vertex 4.05489097692938 4.839625322141366 0
      vertex 3.875287615398655 4.9005924481191485 0
    endloop
  endfacet
  facet normal 0 0 -1
    outer loop
      vertex 85 53 0
      vertex 4.225 4.755736835487436 0
      vertex 4.05489097692938 4.839625322141366 0
    endloop
  endfacet
  facet normal 0 0 -1
    outer loop
      vertex 84.97433458268642 53.39157857745886 0
      vertex 3.310737021280925 4.937595048992025 0
      vertex 3.124712384601345 4.9005924481191485 0
    endloop
  endfacet
  facet normal 0 0 -1
    outer loop
      vertex 84.97433458268642 53.39157857745886 0
      vertex 3.5 4.95 0
      vertex 3.310737021280925 4.937595048992025 0
    endloop
  endfacet
  facet normal 0 0 -1
    outer loop
      vertex 84.97433458268642 53.39157857745886 0
      vertex 3.689262978719075 4.937595048992025 0
      vertex 3.5 4.95 0
    endloop
  endfacet
  facet normal 0 0 -1
    outer loop
      vertex 4.225 4.755736835487436 0
      vertex 80.16968404988607 40.21112168021405 0
      vertex 31.35 15.62583302491977 0
    endloop
  endfacet
  facet normal 0 0 1
    outer loop
      vertex 78.02152535572166 44.07839835594651 3
      vertex 4.382704072062645 4.650362343422291 3
      vertex 4.525304832720494 4.525304832720494 3
    endloop
  endfacet
  facet normal 0 0 1
    outer loop
      vertex 85 53 3
      vertex 3.875287615398655 4.9005924481191485 3
      vertex 4.05489097692938 4.839625322141366 3
    endloop
  endfacet
  facet normal 0 0 1
    outer loop
      vertex 85 53 3
      vertex 4.05489097692938 4.839625322141366 3
      vertex 4.225 4.755736835487436 3
    endloop
  endfacet
  facet normal 0 0 1
    outer loop
      vertex 85 53 3
      vertex 4.225 4.755736835487436 3
      vertex 4.382704072062645 4.650362343422291 3
    endloop
  endfacet
  facet normal 0 0 1
    outer loop
      vertex 0 3 3
      vertex 32.42421012471517 38.277804200535115 3
      vertex 32 38.25 3
    endloop
  endfacet
  facet normal 0 0 1
    outer loop
      vertex 0 3 3
      vertex 32.841161896583195 38.36074106456053 3
      vertex 32.42421012471517 38.277804200535115 3
    endloop
  endfacet
  facet normal 0 0 1
    outer loop
      vertex 0 3 3
      vertex 33.24372115518654 38.497391519338315 3
      vertex 32.841161896583195 38.36074106456053 3
    endloop
  endfacet
  facet normal 0 0 1
    outer loop
      vertex 0 3 3
      vertex 33.625 38.68541743770057 3
      vertex 33.24372115518654 38.497391519338315 3
    endloop
  endfacet
  facet normal 0 0 1
    outer loop
      vertex 0 3 3
      vertex 33.97847464427834 38.92160164405349 3
      vertex 33.625 38.68541743770057 3
    endloop
  endfacet
  facet normal 0 0 1
    outer loop
      vertex 0 3 3
      vertex 34.29809703885628 39.20190296114372 3
      vertex 33.97847464427834 38.92160164405349 3
    endloop
  endfacet
  facet normal 0 0 1
    outer loop
      vertex 84.97433458268642 53.39157857745886 3
      vertex 3.310737021280925 4.937595048992025 3
      vertex 3.5 4.95 3
    endloop
  endfacet
  facet normal 0 0 1
    outer loop
      vertex 84.97433458268642 53.39157857745886 3
      vertex 3.5 4.95 3
      vertex 3.689262978719075 4.937595048992025 3
    endloop
  endfacet
  facet normal 0 0 1
    outer loop
      vertex 84.97433458268642 53.39157857745886 3
      vertex 3.689262978719075 4.937595048992025 3
      vertex 3.875287615398655 4.9005924481191485 3
    endloop
  endfacet
  facet normal 0 0 1
    outer loop
      vertex 30.375 17.314582562299424 3
      vertex 77.70190296114372 43.79809703885628 3
      vertex 4.525304832720494 4.525304832720494 3
    endloop
  endfacet
  facet normal 0 0 -1
    outer loop
      vertex 3.124712384601345 4.9005924481191485 0
      vertex 4.05489097692938 51.160374677858634 0
      vertex 8 47 0
    endloop
  endfacet
  facet normal 0 0 -1
    outer loop
      vertex 0 3 0
      vertex 0 53 0
      vertex 2.062404951007975 52.31073702128093 0
    endloop
  endfacet
  facet normal 0 0 -1
    outer loop
      vertex 0 3 0
      vertex 2.349637656577709 51.617295927937356 0
      vertex 2.4746951672795063 51.474695167279506 0
    endloop
  endfacet
  facet normal 0 0 -1
    outer loop
      vertex 0 3 0
      vertex 2.617295927937355 51.34963765657771 0
      vertex 2.775 51.24426316451257 0
    endloop
  endfacet
  facet normal 0 0 -1
    outer loop
      vertex 0 3 0
      vertex 2.775 51.24426316451257 0
      vertex 2.9451090230706196 51.160374677858634 0
    endloop
  endfacet
  facet normal 0 0 -1
    outer loop
      vertex 0 3 0
      vertex 2.4746951672795063 51.474695167279506 0
      vertex 2.617295927937355 51.34963765657771 0
    endloop
  endfacet
  facet normal 0 0 -1
    outer loop
      vertex 0 3 0
      vertex 2.160374677858634 51.94510902307062 0
      vertex 2.244263164512564 51.775 0
    endloop
  endfacet
  facet normal 0 0 -1
    outer loop
      vertex 0 3 0
      vertex 2.244263164512564 51.775 0
      vertex 2.349637656577709 51.617295927937356 0
    endloop
  endfacet
  facet normal 0 0 -1
    outer loop
      vertex 0 3 0
      vertex 2.099407551880851 52.124712384601345 0
      vertex 2.160374677858634 51.94510902307062 0
    endloop
  endfacet
  facet normal 0 0 -1
    outer loop
      vertex 0 3 0
      vertex 2.062404951007975 52.31073702128093 0
      vertex 2.099407551880851 52.124712384601345 0
    endloop
  endfacet
  facet normal 0 0 -1
    outer loop
      vertex 0 3 0
      vertex 2.9451090230706196 51.160374677858634 0
      vertex 3.124712384601345 51.09940755188085 0
    endloop
  endfacet
  facet normal 0 0 -1
    outer loop
      vertex 0 3 0
      vertex 3.124712384601345 51.09940755188085 0
      vertex 3.310737021280925 51.06240495100798 0
    endloop
  endfacet
  facet normal 0 0 -1
    outer loop
      vertex 0 3 0
      vertex 3.310737021280925 51.06240495100798 0
      vertex 3.5 51.05 0
    endloop
  endfacet
  facet normal 0 0 -1
    outer loop
      vertex 0 3 0
      vertex 3.5 51.05 0
      vertex 3.689262978719075 51.06240495100798 0
    endloop
  endfacet
  facet normal 0 0 -1
    outer loop
      vertex 0 3 0
      vertex 3.689262978719075 51.06240495100798 0
      vertex 3.875287615398655 51.09940755188085 0
    endloop
  endfacet
  facet normal 0 0 -1
    outer loop
      vertex 3.124712384601345 4.9005924481191485 0
      vertex 3.875287615398655 51.09940755188085 0
      vertex 4.05489097692938 51.160374677858634 0
    endloop
  endfacet
  facet normal -1 0 0
    outer loop
      vertex 0 3 0
      vertex 0 53 3
      vertex 0 53 0
    endloop
  endfacet
  facet normal 0 0 -1
    outer loop
      vertex 3.124712384601345 4.9005924481191485 0
      vertex 8 47 0
      vertex 30.7 41.5 0
    endloop
  endfacet
  facet normal 0 0 1
    outer loop
      vertex 0 3 3
      vertex 8 47 3
      vertex 3.875287615398655 51.09940755188085 3
    endloop
  endfacet
  facet normal 0 0 1
    outer loop
      vertex 0 3 3
      vertex 2.099407551880851 52.124712384601345 3
      vertex 0 53 3
    endloop
  endfacet
  facet normal 0 0 1
    outer loop
      vertex 0 3 3
      vertex 2.4746951672795063 51.474695167279506 3
      vertex 2.349637656577709 51.617295927937356 3
    endloop
  endfacet
  facet normal 0 0 1
    outer loop
      vertex 0 3 3
      vertex 2.775 51.24426316451257 3
      vertex 2.617295927937355 51.34963765657771 3
    endloop
  endfacet
  facet normal 0 0 1
    outer loop
      vertex 0 3 3
      vertex 2.9451090230706196 51.160374677858634 3
      vertex 2.775 51.24426316451257 3
    endloop
  endfacet
  facet normal 0 0 1
    outer loop
      vertex 0 3 3
      vertex 2.617295927937355 51.34963765657771 3
      vertex 2.4746951672795063 51.474695167279506 3
    endloop
  endfacet
  facet normal 0 0 1
    outer loop
      vertex 0 3 3
      vertex 2.244263164512564 51.775 3
      vertex 2.160374677858634 51.94510902307062 3
    endloop
  endfacet
  facet normal 0 0 1
    outer loop
      vertex 0 3 3
      vertex 2.349637656577709 51.617295927937356 3
      vertex 2.244263164512564 51.775 3
    endloop
  endfacet
  facet normal 0 0 1
    outer loop
      vertex 0 3 3
      vertex 2.160374677858634 51.94510902307062 3
      vertex 2.099407551880851 52.124712384601345 3
    endloop
  endfacet
  facet normal 0 0 1
    outer loop
      vertex 0 3 3
      vertex 3.124712384601345 51.09940755188085 3
      vertex 2.9451090230706196 51.160374677858634 3
    endloop
  endfacet
  facet normal 0 0 1
    outer loop
      vertex 0 3 3
      vertex 3.310737021280925 51.06240495100798 3
      vertex 3.124712384601345 51.09940755188085 3
    endloop
  endfacet
  facet normal 0 0 1
    outer loop
      vertex 0 3 3
      vertex 3.5 51.05 3
      vertex 3.310737021280925 51.06240495100798 3
    endloop
  endfacet
  facet normal 0 0 1
    outer loop
      vertex 0 3 3
      vertex 3.689262978719075 51.06240495100798 3
      vertex 3.5 51.05 3
    endloop
  endfacet
  facet normal 0 0 1
    outer loop
      vertex 0 3 3
      vertex 3.875287615398655 51.09940755188085 3
      vertex 3.689262978719075 51.06240495100798 3
    endloop
  endfacet
  facet normal 0 0 1
    outer loop
      vertex 0 3 3
      vertex 29.421601644053485 39.52152535572166 3
      vertex 8 47 3
    endloop
  endfacet
  facet normal 0 0 -1
    outer loop
      vertex 0 53 0
      vertex 0.025665417313575745 53.39157857745886 0
      vertex 2.099407551880851 52.875287615398655 0
    endloop
  endfacet
  facet normal 0 0 -1
    outer loop
      vertex 0.025665417313575745 53.39157857745886 0
      vertex 0.10222252458333969 53.77645713835955 0
      vertex 2.349637656577709 53.382704072062644 0
    endloop
  endfacet
  facet normal 0 0 -1
    outer loop
      vertex 0.10222252458333969 53.77645713835955 0
      vertex 0.22836140543222427 54.14805030077696 0
      vertex 2.775 53.75573683548743 0
    endloop
  endfacet
  facet normal 0 0 -1
    outer loop
      vertex 0 53 0
      vertex 2.05 52.5 0
      vertex 2.062404951007975 52.31073702128093 0
    endloop
  endfacet
  facet normal 0 0 -1
    outer loop
      vertex 0 53 0
      vertex 2.062404951007975 52.68926297871907 0
      vertex 2.05 52.5 0
    endloop
  endfacet
  facet normal 0 0 -1
    outer loop
      vertex 0 53 0
      vertex 2.099407551880851 52.875287615398655 0
      vertex 2.062404951007975 52.68926297871907 0
    endloop
  endfacet
  facet normal 0 0 -1
    outer loop
      vertex 0.025665417313575745 53.39157857745886 0
      vertex 2.160374677858634 53.05489097692938 0
      vertex 2.099407551880851 52.875287615398655 0
    endloop
  endfacet
  facet normal 0 0 -1
    outer loop
      vertex 0.025665417313575745 53.39157857745886 0
      vertex 2.244263164512564 53.225 0
      vertex 2.160374677858634 53.05489097692938 0
    endloop
  endfacet
  facet normal 0 0 -1
    outer loop
      vertex 0.025665417313575745 53.39157857745886 0
      vertex 2.349637656577709 53.382704072062644 0
      vertex 2.244263164512564 53.225 0
    endloop
  endfacet
  facet normal 0 0 -1
    outer loop
      vertex 0.10222252458333969 53.77645713835955 0
      vertex 2.4746951672795063 53.525304832720494 0
      vertex 2.349637656577709 53.382704072062644 0
    endloop
  endfacet
  facet normal 0 0 -1
    outer loop
      vertex 0.10222252458333969 53.77645713835955 0
      vertex 2.617295927937355 53.65036234342229 0
      vertex 2.4746951672795063 53.525304832720494 0
    endloop
  endfacet
  facet normal 0 0 -1
    outer loop
      vertex 0.10222252458333969 53.77645713835955 0
      vertex 2.775 53.75573683548743 0
      vertex 2.617295927937355 53.65036234342229 0
    endloop
  endfacet
  facet normal 0 0 -1
    outer loop
      vertex 0.22836140543222427 54.14805030077696 0
      vertex 2.9451090230706196 53.839625322141366 0
      vertex 2.775 53.75573683548743 0
    endloop
  endfacet
  facet normal 0 0 -1
    outer loop
      vertex 0.22836140543222427 54.14805030077696 0
      vertex 3.124712384601345 53.90059244811915 0
      vertex 2.9451090230706196 53.839625322141366 0
    endloop
  endfacet
  facet normal 0 0 -1
    outer loop
      vertex 0.22836140543222427 54.14805030077696 0
      vertex 3.310737021280925 53.93759504899202 0
      vertex 3.124712384601345 53.90059244811915 0
    endloop
  endfacet
  facet normal 0 0 -1
    outer loop
      vertex 0.22836140543222427 54.14805030077696 0
      vertex 3.5 53.95 0
      vertex 3.310737021280925 53.93759504899202 0
    endloop
  endfacet
  facet normal 0 0 -1
    outer loop
      vertex 2.2235428616404533 55.89777747541666 0
      vertex 2.6084214225411415 55.974334582686424 0
      vertex 3 56 0
    endloop
  endfacet
  facet normal 0 0 -1
    outer loop
      vertex 0.22836140543222427 54.14805030077696 0
      vertex 0.4019237905740738 54.5 0
      vertex 8 56 0
    endloop
  endfacet
  facet normal 0 0 -1
    outer loop
      vertex 0.4019237905740738 54.5 0
      vertex 0.6199399754405022 54.826284289360046 0
      vertex 8 56 0
    endloop
  endfacet
  facet normal 0 0 -1
    outer loop
      vertex 0.22836140543222427 54.14805030077696 0
      vertex 8 56 0
      vertex 3.5 53.95 0
    endloop
  endfacet
  facet normal 0 0 -1
    outer loop
      vertex 0.6199399754405022 54.826284289360046 0
      vertex 0.8786796554923058 55.121320344507694 0
      vertex 8 56 0
    endloop
  endfacet
  facet normal 0 0 -1
    outer loop
      vertex 0.8786796554923058 55.121320344507694 0
      vertex 1.1737157106399536 55.3800600245595 0
      vertex 8 56 0
    endloop
  endfacet
  facet normal 0 0 -1
    outer loop
      vertex 1.1737157106399536 55.3800600245595 0
      vertex 1.5 55.598076209425926 0
      vertex 8 56 0
    endloop
  endfacet
  facet normal 0 0 -1
    outer loop
      vertex 1.5 55.598076209425926 0
      vertex 1.8519496992230415 55.771638594567776 0
      vertex 8 56 0
    endloop
  endfacet
  facet normal 0 0 -1
    outer loop
      vertex 8 56 0
      vertex 3.689262978719075 53.93759504899202 0
      vertex 3.5 53.95 0
    endloop
  endfacet
  facet normal 0 0 -1
    outer loop
      vertex 8 56 0
      vertex 3.875287615398655 53.90059244811915 0
      vertex 3.689262978719075 53.93759504899202 0
    endloop
  endfacet
  facet normal 0 0 -1
    outer loop
      vertex 8 56 0
      vertex 4.05489097692938 53.839625322141366 0
      vertex 3.875287615398655 53.90059244811915 0
    endloop
  endfacet
  facet normal 0 0 -1
    outer loop
      vertex 1.8519496992230415 55.771638594567776 0
      vertex 2.2235428616404533 55.89777747541666 0
      vertex 8 56 0
    endloop
  endfacet
  facet normal 0 0 -1
    outer loop
      vertex 2.2235428616404533 55.89777747541666 0
      vertex 3 56 0
      vertex 8 56 0
    endloop
  endfacet
  facet normal 0 0 -1
    outer loop
      vertex 4.05489097692938 51.160374677858634 0
      vertex 4.225 51.24426316451257 0
      vertex 8 47 0
    endloop
  endfacet
  facet normal 0 0 -1
    outer loop
      vertex 4.225 51.24426316451257 0
      vertex 4.382704072062645 51.34963765657771 0
      vertex 8 47 0
    endloop
  endfacet
  facet normal 0 0 -1
    outer loop
      vertex 4.382704072062645 51.34963765657771 0
      vertex 4.525304832720494 51.474695167279506 0
      vertex 8 47 0
    endloop
  endfacet
  facet normal 0 0 -1
    outer loop
      vertex 4.525304832720494 51.474695167279506 0
      vertex 4.650362343422291 51.617295927937356 0
      vertex 8 47 0
    endloop
  endfacet
  facet normal 0 0 -1
    outer loop
      vertex 4.755736835487436 51.775 0
      vertex 8 47 0
      vertex 4.650362343422291 51.617295927937356 0
    endloop
  endfacet
  facet normal 0 0 -1
    outer loop
      vertex 4.839625322141366 51.94510902307062 0
      vertex 8 47 0
      vertex 4.755736835487436 51.775 0
    endloop
  endfacet
  facet normal 0 0 -1
    outer loop
      vertex 4.9005924481191485 52.124712384601345 0
      vertex 8 47 0
      vertex 4.839625322141366 51.94510902307062 0
    endloop
  endfacet
  facet normal 0 0 -1
    outer loop
      vertex 4.937595048992025 52.31073702128093 0
      vertex 8 47 0
      vertex 4.9005924481191485 52.124712384601345 0
    endloop
  endfacet
  facet normal 0 0 -1
    outer loop
      vertex 8 47 0
      vertex 4.937595048992025 52.31073702128093 0
      vertex 4.95 52.5 0
    endloop
  endfacet
  facet normal 0 0 -1
    outer loop
      vertex 8 47 0
      vertex 4.95 52.5 0
      vertex 4.937595048992025 52.68926297871907 0
    endloop
  endfacet
  facet normal 0 0 -1
    outer loop
      vertex 8 47 0
      vertex 4.937595048992025 52.68926297871907 0
      vertex 4.9005924481191485 52.875287615398655 0
    endloop
  endfacet
  facet normal 0 0 -1
    outer loop
      vertex 8 47 0
      vertex 4.9005924481191485 52.875287615398655 0
      vertex 4.839625322141366 53.05489097692938 0
    endloop
  endfacet
  facet normal 0 0 -1
    outer loop
      vertex 4.839625322141366 53.05489097692938 0
      vertex 8 56 0
      vertex 8 47 0
    endloop
  endfacet
  facet normal 0 0 -1
    outer loop
      vertex 8 56 0
      vertex 4.755736835487436 53.225 0
      vertex 4.650362343422291 53.382704072062644 0
    endloop
  endfacet
  facet normal 0 0 -1
    outer loop
      vertex 4.755736835487436 53.225 0
      vertex 8 56 0
      vertex 4.839625322141366 53.05489097692938 0
    endloop
  endfacet
  facet normal 0 0 -1
    outer loop
      vertex 8 56 0
      vertex 4.382704072062645 53.65036234342229 0
      vertex 4.225 53.75573683548743 0
    endloop
  endfacet
  facet normal 0 0 -1
    outer loop
      vertex 8 56 0
      vertex 4.525304832720494 53.525304832720494 0
      vertex 4.382704072062645 53.65036234342229 0
    endloop
  endfacet
  facet normal 0 0 -1
    outer loop
      vertex 8 56 0
      vertex 4.225 53.75573683548743 0
      vertex 4.05489097692938 53.839625322141366 0
    endloop
  endfacet
  facet normal 0 0 -1
    outer loop
      vertex 4.525304832720494 53.525304832720494 0
      vertex 8 56 0
      vertex 4.650362343422291 53.382704072062644 0
    endloop
  endfacet
  facet normal -0.9978589230086541 0.06540313273849395 0
    outer loop
      vertex 0 53 0
      vertex 0.025665417313575745 53.39157857745886 3
      vertex 0.025665417313575745 53.39157857745886 0
    endloop
  endfacet
  facet normal -0.9807852796390061 0.19509032585814412 0
    outer loop
      vertex 0.025665417313575745 53.39157857745886 0
      vertex 0.10222252458333969 53.77645713835955 3
      vertex 0.10222252458333969 53.77645713835955 0
    endloop
  endfacet
  facet normal -0.9469301300366789 0.3214394637077385 0
    outer loop
      vertex 0.10222252458333969 53.77645713835955 0
      vertex 0.22836140543222427 54.14805030077696 3
      vertex 0.22836140543222427 54.14805030077696 0
    endloop
  endfacet
  facet normal -0.8968727407473451 0.4422886918115197 0
    outer loop
      vertex 0.22836140543222427 54.14805030077696 0
      vertex 0.4019237905740738 54.5 3
      vertex 0.4019237905740738 54.5 0
    endloop
  endfacet
  facet normal -0.8314696207458843 0.5555702203832522 0
    outer loop
      vertex 0.4019237905740738 54.5 0
      vertex 0.6199399754405022 54.826284289360046 3
      vertex 0.6199399754405022 54.826284289360046 0
    endloop
  endfacet
  facet normal -0.7518398024852507 0.6593458207943228 0
    outer loop
      vertex 0.6199399754405022 54.826284289360046 0
      vertex 0.8786796554923058 55.121320344507694 3
      vertex 0.8786796554923058 55.121320344507694 0
    endloop
  endfacet
  facet normal -0.6593458207943228 0.7518398024852507 0
    outer loop
      vertex 0.8786796554923058 55.121320344507694 0
      vertex 1.1737157106399536 55.3800600245595 3
      vertex 1.1737157106399536 55.3800600245595 0
    endloop
  endfacet
  facet normal -0.5555702203832522 0.8314696207458843 0
    outer loop
      vertex 1.1737157106399536 55.3800600245595 0
      vertex 1.5 55.598076209425926 3
      vertex 1.5 55.598076209425926 0
    endloop
  endfacet
  facet normal -0.4422886918115197 0.8968727407473451 0
    outer loop
      vertex 1.5 55.598076209425926 0
      vertex 1.8519496992230415 55.771638594567776 3
      vertex 1.8519496992230415 55.771638594567776 0
    endloop
  endfacet
  facet normal -0.3214394637077385 0.9469301300366789 0
    outer loop
      vertex 1.8519496992230415 55.771638594567776 0
      vertex 2.2235428616404533 55.89777747541666 3
      vertex 2.2235428616404533 55.89777747541666 0
    endloop
  endfacet
  facet normal -0.19509032585814412 0.9807852796390061 0
    outer loop
      vertex 2.2235428616404533 55.89777747541666 0
      vertex 2.6084214225411415 55.974334582686424 3
      vertex 2.6084214225411415 55.974334582686424 0
    endloop
  endfacet
  facet normal -0.06540313273849395 0.9978589230086541 0
    outer loop
      vertex 2.6084214225411415 55.974334582686424 0
      vertex 3 56 3
      vertex 3 56 0
    endloop
  endfacet
  facet normal 0 1 0
    outer loop
      vertex 3 56 0
      vertex 3 56 3
      vertex 8 56 0
    endloop
  endfacet
  facet normal -0.9978589230086541 0.06540313273849395 0
    outer loop
      vertex 0 53 0
      vertex 0 53 3
      vertex 0.025665417313575745 53.39157857745886 3
    endloop
  endfacet
  facet normal -0.9807852796390061 0.19509032585814412 0
    outer loop
      vertex 0.025665417313575745 53.39157857745886 0
      vertex 0.025665417313575745 53.39157857745886 3
      vertex 0.10222252458333969 53.77645713835955 3
    endloop
  endfacet
  facet normal -0.9469301300366789 0.3214394637077385 0
    outer loop
      vertex 0.10222252458333969 53.77645713835955 0
      vertex 0.10222252458333969 53.77645713835955 3
      vertex 0.22836140543222427 54.14805030077696 3
    endloop
  endfacet
  facet normal -0.8968727407473451 0.4422886918115197 0
    outer loop
      vertex 0.22836140543222427 54.14805030077696 0
      vertex 0.22836140543222427 54.14805030077696 3
      vertex 0.4019237905740738 54.5 3
    endloop
  endfacet
  facet normal -0.8314696207458843 0.5555702203832522 0
    outer loop
      vertex 0.4019237905740738 54.5 0
      vertex 0.4019237905740738 54.5 3
      vertex 0.6199399754405022 54.826284289360046 3
    endloop
  endfacet
  facet normal -0.7518398024852507 0.6593458207943228 0
    outer loop
      vertex 0.6199399754405022 54.826284289360046 0
      vertex 0.6199399754405022 54.826284289360046 3
      vertex 0.8786796554923058 55.121320344507694 3
    endloop
  endfacet
  facet normal -0.6593458207943228 0.7518398024852507 0
    outer loop
      vertex 0.8786796554923058 55.121320344507694 0
      vertex 0.8786796554923058 55.121320344507694 3
      vertex 1.1737157106399536 55.3800600245595 3
    endloop
  endfacet
  facet normal -0.5555702203832522 0.8314696207458843 0
    outer loop
      vertex 1.1737157106399536 55.3800600245595 0
      vertex 1.1737157106399536 55.3800600245595 3
      vertex 1.5 55.598076209425926 3
    endloop
  endfacet
  facet normal -0.4422886918115197 0.8968727407473451 0
    outer loop
      vertex 1.5 55.598076209425926 0
      vertex 1.5 55.598076209425926 3
      vertex 1.8519496992230415 55.771638594567776 3
    endloop
  endfacet
  facet normal -0.3214394637077385 0.9469301300366789 0
    outer loop
      vertex 1.8519496992230415 55.771638594567776 0
      vertex 1.8519496992230415 55.771638594567776 3
      vertex 2.2235428616404533 55.89777747541666 3
    endloop
  endfacet
  facet normal -0.19509032585814412 0.9807852796390061 0
    outer loop
      vertex 2.2235428616404533 55.89777747541666 0
      vertex 2.2235428616404533 55.89777747541666 3
      vertex 2.6084214225411415 55.974334582686424 3
    endloop
  endfacet
  facet normal -0.06540313273849395 0.9978589230086541 0
    outer loop
      vertex 2.6084214225411415 55.974334582686424 0
      vertex 2.6084214225411415 55.974334582686424 3
      vertex 3 56 3
    endloop
  endfacet
  facet normal 0 1 0
    outer loop
      vertex 3 56 3
      vertex 8 56 3
      vertex 8 56 0
    endloop
  endfacet
  facet normal 0 0 1
    outer loop
      vertex 0 53 3
      vertex 2.099407551880851 52.124712384601345 3
      vertex 2.062404951007975 52.31073702128093 3
    endloop
  endfacet
  facet normal 0 0 1
    outer loop
      vertex 3.875287615398655 51.09940755188085 3
      vertex 8 47 3
      vertex 4.05489097692938 51.160374677858634 3
    endloop
  endfacet
  facet normal 0 0 1
    outer loop
      vertex 0 53 3
      vertex 2.160374677858634 53.05489097692938 3
      vertex 0.025665417313575745 53.39157857745886 3
    endloop
  endfacet
  facet normal 0 0 1
    outer loop
      vertex 0.025665417313575745 53.39157857745886 3
      vertex 2.4746951672795063 53.525304832720494 3
      vertex 0.10222252458333969 53.77645713835955 3
    endloop
  endfacet
  facet normal 0 0 1
    outer loop
      vertex 0.10222252458333969 53.77645713835955 3
      vertex 2.9451090230706196 53.839625322141366 3
      vertex 0.22836140543222427 54.14805030077696 3
    endloop
  endfacet
  facet normal 0 0 1
    outer loop
      vertex 0 53 3
      vertex 2.062404951007975 52.31073702128093 3
      vertex 2.05 52.5 3
    endloop
  endfacet
  facet normal 0 0 1
    outer loop
      vertex 0 53 3
      vertex 2.05 52.5 3
      vertex 2.062404951007975 52.68926297871907 3
    endloop
  endfacet
  facet normal 0 0 1
    outer loop
      vertex 0 53 3
      vertex 2.062404951007975 52.68926297871907 3
      vertex 2.099407551880851 52.875287615398655 3
    endloop
  endfacet
  facet normal 0 0 1
    outer loop
      vertex 0 53 3
      vertex 2.099407551880851 52.875287615398655 3
      vertex 2.160374677858634 53.05489097692938 3
    endloop
  endfacet
  facet normal 0 0 1
    outer loop
      vertex 0.025665417313575745 53.39157857745886 3
      vertex 2.160374677858634 53.05489097692938 3
      vertex 2.244263164512564 53.225 3
    endloop
  endfacet
  facet normal 0 0 1
    outer loop
      vertex 0.025665417313575745 53.39157857745886 3
      vertex 2.244263164512564 53.225 3
      vertex 2.349637656577709 53.382704072062644 3
    endloop
  endfacet
  facet normal 0 0 1
    outer loop
      vertex 0.025665417313575745 53.39157857745886 3
      vertex 2.349637656577709 53.382704072062644 3
      vertex 2.4746951672795063 53.525304832720494 3
    endloop
  endfacet
  facet normal 0 0 1
    outer loop
      vertex 0.10222252458333969 53.77645713835955 3
      vertex 2.4746951672795063 53.525304832720494 3
      vertex 2.617295927937355 53.65036234342229 3
    endloop
  endfacet
  facet normal 0 0 1
    outer loop
      vertex 0.10222252458333969 53.77645713835955 3
      vertex 2.617295927937355 53.65036234342229 3
      vertex 2.775 53.75573683548743 3
    endloop
  endfacet
  facet normal 0 0 1
    outer loop
      vertex 0.10222252458333969 53.77645713835955 3
      vertex 2.775 53.75573683548743 3
      vertex 2.9451090230706196 53.839625322141366 3
    endloop
  endfacet
  facet normal 0 0 1
    outer loop
      vertex 0.22836140543222427 54.14805030077696 3
      vertex 2.9451090230706196 53.839625322141366 3
      vertex 3.124712384601345 53.90059244811915 3
    endloop
  endfacet
  facet normal 0 0 1
    outer loop
      vertex 0.22836140543222427 54.14805030077696 3
      vertex 3.124712384601345 53.90059244811915 3
      vertex 3.310737021280925 53.93759504899202 3
    endloop
  endfacet
  facet normal 0 0 1
    outer loop
      vertex 0.22836140543222427 54.14805030077696 3
      vertex 3.310737021280925 53.93759504899202 3
      vertex 3.5 53.95 3
    endloop
  endfacet
  facet normal 0 0 1
    outer loop
      vertex 2.2235428616404533 55.89777747541666 3
      vertex 3 56 3
      vertex 2.6084214225411415 55.974334582686424 3
    endloop
  endfacet
  facet normal 0 0 1
    outer loop
      vertex 0.22836140543222427 54.14805030077696 3
      vertex 8 56 3
      vertex 0.4019237905740738 54.5 3
    endloop
  endfacet
  facet normal 0 0 1
    outer loop
      vertex 0.4019237905740738 54.5 3
      vertex 8 56 3
      vertex 0.6199399754405022 54.826284289360046 3
    endloop
  endfacet
  facet normal 0 0 1
    outer loop
      vertex 0.22836140543222427 54.14805030077696 3
      vertex 3.5 53.95 3
      vertex 8 56 3
    endloop
  endfacet
  facet normal 0 0 1
    outer loop
      vertex 0.6199399754405022 54.826284289360046 3
      vertex 8 56 3
      vertex 0.8786796554923058 55.121320344507694 3
    endloop
  endfacet
  facet normal 0 0 1
    outer loop
      vertex 0.8786796554923058 55.121320344507694 3
      vertex 8 56 3
      vertex 1.1737157106399536 55.3800600245595 3
    endloop
  endfacet
  facet normal 0 0 1
    outer loop
      vertex 1.1737157106399536 55.3800600245595 3
      vertex 8 56 3
      vertex 1.5 55.598076209425926 3
    endloop
  endfacet
  facet normal 0 0 1
    outer loop
      vertex 1.5 55.598076209425926 3
      vertex 8 56 3
      vertex 1.8519496992230415 55.771638594567776 3
    endloop
  endfacet
  facet normal 0 0 1
    outer loop
      vertex 8 56 3
      vertex 3.5 53.95 3
      vertex 3.689262978719075 53.93759504899202 3
    endloop
  endfacet
  facet normal 0 0 1
    outer loop
      vertex 8 56 3
      vertex 3.689262978719075 53.93759504899202 3
      vertex 3.875287615398655 53.90059244811915 3
    endloop
  endfacet
  facet normal 0 0 1
    outer loop
      vertex 8 56 3
      vertex 3.875287615398655 53.90059244811915 3
      vertex 4.05489097692938 53.839625322141366 3
    endloop
  endfacet
  facet normal 0 0 1
    outer loop
      vertex 1.8519496992230415 55.771638594567776 3
      vertex 8 56 3
      vertex 2.2235428616404533 55.89777747541666 3
    endloop
  endfacet
  facet normal 0 0 1
    outer loop
      vertex 2.2235428616404533 55.89777747541666 3
      vertex 8 56 3
      vertex 3 56 3
    endloop
  endfacet
  facet normal 0 0 1
    outer loop
      vertex 8 47 3
      vertex 4.225 51.24426316451257 3
      vertex 4.05489097692938 51.160374677858634 3
    endloop
  endfacet
  facet normal 0 0 1
    outer loop
      vertex 8 47 3
      vertex 4.382704072062645 51.34963765657771 3
      vertex 4.225 51.24426316451257 3
    endloop
  endfacet
  facet normal 0 0 1
    outer loop
      vertex 4.382704072062645 51.34963765657771 3
      vertex 8 47 3
      vertex 4.525304832720494 51.474695167279506 3
    endloop
  endfacet
  facet normal 0 0 1
    outer loop
      vertex 4.525304832720494 51.474695167279506 3
      vertex 8 47 3
      vertex 4.650362343422291 51.617295927937356 3
    endloop
  endfacet
  facet normal 0 0 1
    outer loop
      vertex 4.650362343422291 51.617295927937356 3
      vertex 8 47 3
      vertex 4.755736835487436 51.775 3
    endloop
  endfacet
  facet normal 0 0 1
    outer loop
      vertex 8 47 3
      vertex 4.839625322141366 51.94510902307062 3
      vertex 4.755736835487436 51.775 3
    endloop
  endfacet
  facet normal 0 0 1
    outer loop
      vertex 8 47 3
      vertex 4.9005924481191485 52.124712384601345 3
      vertex 4.839625322141366 51.94510902307062 3
    endloop
  endfacet
  facet normal 0 0 1
    outer loop
      vertex 8 47 3
      vertex 4.937595048992025 52.31073702128093 3
      vertex 4.9005924481191485 52.124712384601345 3
    endloop
  endfacet
  facet normal 0 0 1
    outer loop
      vertex 8 47 3
      vertex 4.95 52.5 3
      vertex 4.937595048992025 52.31073702128093 3
    endloop
  endfacet
  facet normal 0 0 1
    outer loop
      vertex 8 47 3
      vertex 8 56 3
      vertex 4.95 52.5 3
    endloop
  endfacet
  facet normal 0 0 1
    outer loop
      vertex 8 56 3
      vertex 4.937595048992025 52.68926297871907 3
      vertex 4.95 52.5 3
    endloop
  endfacet
  facet normal 0 0 1
    outer loop
      vertex 8 56 3
      vertex 4.9005924481191485 52.875287615398655 3
      vertex 4.937595048992025 52.68926297871907 3
    endloop
  endfacet
  facet normal 0 0 1
    outer loop
      vertex 8 56 3
      vertex 4.839625322141366 53.05489097692938 3
      vertex 4.9005924481191485 52.875287615398655 3
    endloop
  endfacet
  facet normal 0 0 1
    outer loop
      vertex 8 56 3
      vertex 4.650362343422291 53.382704072062644 3
      vertex 4.755736835487436 53.225 3
    endloop
  endfacet
  facet normal 0 0 1
    outer loop
      vertex 8 56 3
      vertex 4.755736835487436 53.225 3
      vertex 4.839625322141366 53.05489097692938 3
    endloop
  endfacet
  facet normal 0 0 1
    outer loop
      vertex 8 56 3
      vertex 4.225 53.75573683548743 3
      vertex 4.382704072062645 53.65036234342229 3
    endloop
  endfacet
  facet normal 0 0 1
    outer loop
      vertex 8 56 3
      vertex 4.382704072062645 53.65036234342229 3
      vertex 4.525304832720494 53.525304832720494 3
    endloop
  endfacet
  facet normal 0 0 1
    outer loop
      vertex 4.225 53.75573683548743 3
      vertex 8 56 3
      vertex 4.05489097692938 53.839625322141366 3
    endloop
  endfacet
  facet normal 0 0 1
    outer loop
      vertex 4.650362343422291 53.382704072062644 3
      vertex 8 56 3
      vertex 4.525304832720494 53.525304832720494 3
    endloop
  endfacet
  facet normal 0 0 -1
    outer loop
      vertex 3.124712384601345 4.9005924481191485 0
      vertex 31.080761184457486 40.58076118445749 0
      vertex 31.208610142288663 40.46864065762139 0
    endloop
  endfacet
  facet normal 0 0 -1
    outer loop
      vertex 3.124712384601345 4.9005924481191485 0
      vertex 31.208610142288663 40.46864065762139 0
      vertex 31.35 40.37416697508023 0
    endloop
  endfacet
  facet normal 0 0 -1
    outer loop
      vertex 3.124712384601345 4.9005924481191485 0
      vertex 30.968640657621393 40.70861014228866 0
      vertex 31.080761184457486 40.58076118445749 0
    endloop
  endfacet
  facet normal 0 0 -1
    outer loop
      vertex 3.124712384601345 4.9005924481191485 0
      vertex 30.87416697508023 40.85 0
      vertex 30.968640657621393 40.70861014228866 0
    endloop
  endfacet
  facet normal 0 0 -1
    outer loop
      vertex 3.124712384601345 4.9005924481191485 0
      vertex 31.83031595011393 40.21112168021405 0
      vertex 32 40.2 0
    endloop
  endfacet
  facet normal 0 0 -1
    outer loop
      vertex 3.124712384601345 4.9005924481191485 0
      vertex 32 40.2 0
      vertex 32.169684049886065 40.21112168021405 0
    endloop
  endfacet
  facet normal 0 0 -1
    outer loop
      vertex 3.124712384601345 4.9005924481191485 0
      vertex 31.35 40.37416697508023 0
      vertex 31.502511537925383 40.29895660773533 0
    endloop
  endfacet
  facet normal 0 0 -1
    outer loop
      vertex 3.124712384601345 4.9005924481191485 0
      vertex 31.502511537925383 40.29895660773533 0
      vertex 31.663535241366723 40.24429642582421 0
    endloop
  endfacet
  facet normal 0 0 -1
    outer loop
      vertex 3.124712384601345 4.9005924481191485 0
      vertex 31.663535241366723 40.24429642582421 0
      vertex 31.83031595011393 40.21112168021405 0
    endloop
  endfacet
  facet normal 0 0 -1
    outer loop
      vertex 3.124712384601345 4.9005924481191485 0
      vertex 32.169684049886065 40.21112168021405 0
      vertex 32.33646475863328 40.24429642582421 0
    endloop
  endfacet
  facet normal 0 0 -1
    outer loop
      vertex 3.124712384601345 4.9005924481191485 0
      vertex 30.74429642582421 41.16353524136672 0
      vertex 30.798956607735327 41.002511537925386 0
    endloop
  endfacet
  facet normal 0 0 -1
    outer loop
      vertex 3.124712384601345 4.9005924481191485 0
      vertex 30.711121680214045 41.330315950113935 0
      vertex 30.74429642582421 41.16353524136672 0
    endloop
  endfacet
  facet normal 0 0 -1
    outer loop
      vertex 3.124712384601345 4.9005924481191485 0
      vertex 30.7 41.5 0
      vertex 30.711121680214045 41.330315950113935 0
    endloop
  endfacet
  facet normal 0 0 -1
    outer loop
      vertex 3.124712384601345 4.9005924481191485 0
      vertex 30.798956607735327 41.002511537925386 0
      vertex 30.87416697508023 40.85 0
    endloop
  endfacet
  facet normal 0 0 -1
    outer loop
      vertex 3.124712384601345 4.9005924481191485 0
      vertex 32.33646475863328 40.24429642582421 0
      vertex 32.497488462074614 40.29895660773533 0
    endloop
  endfacet
  facet normal 0 0 -1
    outer loop
      vertex 3.124712384601345 4.9005924481191485 0
      vertex 32.497488462074614 40.29895660773533 0
      vertex 32.65 40.37416697508023 0
    endloop
  endfacet
  facet normal 0 0 -1
    outer loop
      vertex 3.124712384601345 4.9005924481191485 0
      vertex 32.65 40.37416697508023 0
      vertex 32.79138985771134 40.46864065762139 0
    endloop
  endfacet
  facet normal 0 0 -1
    outer loop
      vertex 3.124712384601345 4.9005924481191485 0
      vertex 32.79138985771134 40.46864065762139 0
      vertex 57 47 0
    endloop
  endfacet
  facet normal 0 0 1
    outer loop
      vertex 34.29809703885628 39.20190296114372 3
      vertex 3.310737021280925 4.937595048992025 3
      vertex 84.89777747541666 53.77645713835955 3
    endloop
  endfacet
  facet normal 0 0 -1
    outer loop
      vertex 8 47 0
      vertex 30.711121680214045 41.669684049886065 0
      vertex 30.7 41.5 0
    endloop
  endfacet
  facet normal 0 0 -1
    outer loop
      vertex 8 47 0
      vertex 30.74429642582421 41.83646475863328 0
      vertex 30.711121680214045 41.669684049886065 0
    endloop
  endfacet
  facet normal 0 0 -1
    outer loop
      vertex 8 47 0
      vertex 30.798956607735327 41.997488462074614 0
      vertex 30.74429642582421 41.83646475863328 0
    endloop
  endfacet
  facet normal 0 0 -1
    outer loop
      vertex 8 47 0
      vertex 30.87416697508023 42.15 0
      vertex 30.798956607735327 41.997488462074614 0
    endloop
  endfacet
  facet normal 0 0 -1
    outer loop
      vertex 8 47 0
      vertex 30.968640657621393 42.29138985771134 0
      vertex 30.87416697508023 42.15 0
    endloop
  endfacet
  facet normal 0 0 -1
    outer loop
      vertex 8 47 0
      vertex 31.080761184457486 42.41923881554251 0
      vertex 30.968640657621393 42.29138985771134 0
    endloop
  endfacet
  facet normal 0 0 -1
    outer loop
      vertex 8 47 0
      vertex 31.208610142288663 42.53135934237861 0
      vertex 31.080761184457486 42.41923881554251 0
    endloop
  endfacet
  facet normal 0 0 -1
    outer loop
      vertex 8 47 0
      vertex 31.35 42.62583302491977 0
      vertex 31.208610142288663 42.53135934237861 0
    endloop
  endfacet
  facet normal 0 0 -1
    outer loop
      vertex 8 47 0
      vertex 31.502511537925383 42.70104339226467 0
      vertex 31.35 42.62583302491977 0
    endloop
  endfacet
  facet normal 0 0 -1
    outer loop
      vertex 8 47 0
      vertex 31.663535241366723 42.75570357417579 0
      vertex 31.502511537925383 42.70104339226467 0
    endloop
  endfacet
  facet normal 0 0 -1
    outer loop
      vertex 8 47 0
      vertex 31.83031595011393 42.78887831978595 0
      vertex 31.663535241366723 42.75570357417579 0
    endloop
  endfacet
  facet normal 0 0 -1
    outer loop
      vertex 57 47 0
      vertex 31.83031595011393 42.78887831978595 0
      vertex 8 47 0
    endloop
  endfacet
  facet normal 0 0 -1
    outer loop
      vertex 57 47 0
      vertex 32.79138985771134 40.46864065762139 0
      vertex 32.91923881554251 40.58076118445749 0
    endloop
  endfacet
  facet normal 0 0 -1
    outer loop
      vertex 57 47 0
      vertex 32.91923881554251 40.58076118445749 0
      vertex 33.03135934237861 40.70861014228866 0
    endloop
  endfacet
  facet normal 0 0 -1
    outer loop
      vertex 57 47 0
      vertex 33.03135934237861 40.70861014228866 0
      vertex 33.12583302491977 40.85 0
    endloop
  endfacet
  facet normal 0 0 -1
    outer loop
      vertex 57 47 0
      vertex 33.12583302491977 40.85 0
      vertex 33.20104339226467 41.002511537925386 0
    endloop
  endfacet
  facet normal 0 0 -1
    outer loop
      vertex 57 47 0
      vertex 33.20104339226467 41.002511537925386 0
      vertex 33.25570357417579 41.16353524136672 0
    endloop
  endfacet
  facet normal 0 0 -1
    outer loop
      vertex 57 47 0
      vertex 33.25570357417579 41.83646475863328 0
      vertex 33.20104339226467 41.997488462074614 0
    endloop
  endfacet
  facet normal 0 0 -1
    outer loop
      vertex 57 47 0
      vertex 33.20104339226467 41.997488462074614 0
      vertex 33.12583302491977 42.15 0
    endloop
  endfacet
  facet normal 0 0 -1
    outer loop
      vertex 57 47 0
      vertex 33.25570357417579 41.16353524136672 0
      vertex 33.28887831978595 41.330315950113935 0
    endloop
  endfacet
  facet normal 0 0 -1
    outer loop
      vertex 57 47 0
      vertex 33.28887831978595 41.330315950113935 0
      vertex 33.3 41.5 0
    endloop
  endfacet
  facet normal 0 0 -1
    outer loop
      vertex 57 47 0
      vertex 33.3 41.5 0
      vertex 33.28887831978595 41.669684049886065 0
    endloop
  endfacet
  facet normal 0 0 -1
    outer loop
      vertex 57 47 0
      vertex 33.28887831978595 41.669684049886065 0
      vertex 33.25570357417579 41.83646475863328 0
    endloop
  endfacet
  facet normal 0 0 -1
    outer loop
      vertex 57 47 0
      vertex 32.33646475863328 42.75570357417579 0
      vertex 32.169684049886065 42.78887831978595 0
    endloop
  endfacet
  facet normal 0 0 -1
    outer loop
      vertex 57 47 0
      vertex 32 42.8 0
      vertex 31.83031595011393 42.78887831978595 0
    endloop
  endfacet
  facet normal 0 0 -1
    outer loop
      vertex 57 47 0
      vertex 32.169684049886065 42.78887831978595 0
      vertex 32 42.8 0
    endloop
  endfacet
  facet normal 0 0 -1
    outer loop
      vertex 57 47 0
      vertex 32.497488462074614 42.70104339226467 0
      vertex 32.33646475863328 42.75570357417579 0
    endloop
  endfacet
  facet normal 0 0 -1
    outer loop
      vertex 57 47 0
      vertex 32.79138985771134 42.53135934237861 0
      vertex 32.65 42.62583302491977 0
    endloop
  endfacet
  facet normal 0 0 -1
    outer loop
      vertex 57 47 0
      vertex 32.65 42.62583302491977 0
      vertex 32.497488462074614 42.70104339226467 0
    endloop
  endfacet
  facet normal 0 0 -1
    outer loop
      vertex 57 47 0
      vertex 33.03135934237861 42.29138985771134 0
      vertex 32.91923881554251 42.41923881554251 0
    endloop
  endfacet
  facet normal 0 0 -1
    outer loop
      vertex 57 47 0
      vertex 33.12583302491977 42.15 0
      vertex 33.03135934237861 42.29138985771134 0
    endloop
  endfacet
  facet normal 0 0 -1
    outer loop
      vertex 57 47 0
      vertex 32.91923881554251 42.41923881554251 0
      vertex 32.79138985771134 42.53135934237861 0
    endloop
  endfacet
  facet normal 0 0 1
    outer loop
      vertex 29.185417437700576 39.875 3
      vertex 8 47 3
      vertex 29.421601644053485 39.52152535572166 3
    endloop
  endfacet
  facet normal 0 0 1
    outer loop
      vertex 29.185417437700576 39.875 3
      vertex 28.99739151933832 40.25627884481346 3
      vertex 8 47 3
    endloop
  endfacet
  facet normal 0 0 1
    outer loop
      vertex 28.86074106456053 40.658838103416805 3
      vertex 8 47 3
      vertex 28.99739151933832 40.25627884481346 3
    endloop
  endfacet
  facet normal 0 0 1
    outer loop
      vertex 28.86074106456053 40.658838103416805 3
      vertex 28.777804200535115 41.07578987528483 3
      vertex 8 47 3
    endloop
  endfacet
  facet normal 0 0 1
    outer loop
      vertex 28.777804200535115 41.07578987528483 3
      vertex 28.75 41.5 3
      vertex 8 47 3
    endloop
  endfacet
  facet normal 0 0 1
    outer loop
      vertex 28.75 41.5 3
      vertex 28.777804200535115 41.92421012471517 3
      vertex 8 47 3
    endloop
  endfacet
  facet normal 0 0 1
    outer loop
      vertex 28.777804200535115 41.92421012471517 3
      vertex 28.86074106456053 42.341161896583195 3
      vertex 8 47 3
    endloop
  endfacet
  facet normal 0 0 1
    outer loop
      vertex 28.86074106456053 42.341161896583195 3
      vertex 28.99739151933832 42.74372115518654 3
      vertex 8 47 3
    endloop
  endfacet
  facet normal 0 0 1
    outer loop
      vertex 28.99739151933832 42.74372115518654 3
      vertex 29.185417437700576 43.125 3
      vertex 8 47 3
    endloop
  endfacet
  facet normal 0 0 1
    outer loop
      vertex 29.185417437700576 43.125 3
      vertex 29.421601644053485 43.47847464427834 3
      vertex 8 47 3
    endloop
  endfacet
  facet normal 0 0 1
    outer loop
      vertex 29.421601644053485 43.47847464427834 3
      vertex 29.70190296114372 43.79809703885628 3
      vertex 8 47 3
    endloop
  endfacet
  facet normal 0 0 1
    outer loop
      vertex 29.70190296114372 43.79809703885628 3
      vertex 30.021525355721657 44.07839835594651 3
      vertex 8 47 3
    endloop
  endfacet
  facet normal 0 0 1
    outer loop
      vertex 30.021525355721657 44.07839835594651 3
      vertex 30.375 44.31458256229943 3
      vertex 8 47 3
    endloop
  endfacet
  facet normal 0 0 1
    outer loop
      vertex 30.375 44.31458256229943 3
      vertex 30.75627884481346 44.502608480661685 3
      vertex 8 47 3
    endloop
  endfacet
  facet normal 0 0 1
    outer loop
      vertex 30.75627884481346 44.502608480661685 3
      vertex 31.15883810341681 44.63925893543947 3
      vertex 8 47 3
    endloop
  endfacet
  facet normal 0 0 1
    outer loop
      vertex 31.15883810341681 44.63925893543947 3
      vertex 31.575789875284833 44.722195799464885 3
      vertex 8 47 3
    endloop
  endfacet
  facet normal 0 0 1
    outer loop
      vertex 31.575789875284833 44.722195799464885 3
      vertex 32 44.75 3
      vertex 8 47 3
    endloop
  endfacet
  facet normal 0 0 1
    outer loop
      vertex 32 44.75 3
      vertex 32.42421012471517 44.722195799464885 3
      vertex 8 47 3
    endloop
  endfacet
  facet normal 0 0 1
    outer loop
      vertex 32.42421012471517 44.722195799464885 3
      vertex 57 47 3
      vertex 8 47 3
    endloop
  endfacet
  facet normal 0 0 1
    outer loop
      vertex 35.25 41.5 3
      vertex 57 47 3
      vertex 35.222195799464885 41.92421012471517 3
    endloop
  endfacet
  facet normal 0 0 1
    outer loop
      vertex 32.42421012471517 44.722195799464885 3
      vertex 32.841161896583195 44.63925893543947 3
      vertex 57 47 3
    endloop
  endfacet
  facet normal 0 0 1
    outer loop
      vertex 32.841161896583195 44.63925893543947 3
      vertex 33.24372115518654 44.502608480661685 3
      vertex 57 47 3
    endloop
  endfacet
  facet normal 0 0 1
    outer loop
      vertex 35.222195799464885 41.92421012471517 3
      vertex 57 47 3
      vertex 35.13925893543947 42.341161896583195 3
    endloop
  endfacet
  facet normal 0 0 1
    outer loop
      vertex 35.13925893543947 42.341161896583195 3
      vertex 57 47 3
      vertex 35.002608480661685 42.74372115518654 3
    endloop
  endfacet
  facet normal 0 0 1
    outer loop
      vertex 34.81458256229943 43.125 3
      vertex 57 47 3
      vertex 34.57839835594651 43.47847464427834 3
    endloop
  endfacet
  facet normal 0 0 1
    outer loop
      vertex 35.002608480661685 42.74372115518654 3
      vertex 57 47 3
      vertex 34.81458256229943 43.125 3
    endloop
  endfacet
  facet normal 0 0 1
    outer loop
      vertex 33.97847464427834 44.07839835594651 3
      vertex 34.29809703885628 43.79809703885628 3
      vertex 57 47 3
    endloop
  endfacet
  facet normal 0 0 1
    outer loop
      vertex 33.24372115518654 44.502608480661685 3
      vertex 33.625 44.31458256229943 3
      vertex 57 47 3
    endloop
  endfacet
  facet normal 0 0 1
    outer loop
      vertex 33.625 44.31458256229943 3
      vertex 33.97847464427834 44.07839835594651 3
      vertex 57 47 3
    endloop
  endfacet
  facet normal 0 0 1
    outer loop
      vertex 34.29809703885628 43.79809703885628 3
      vertex 34.57839835594651 43.47847464427834 3
      vertex 57 47 3
    endloop
  endfacet
  facet normal 0 0 -1
    outer loop
      vertex 0.4019237905740738 1.5 0
      vertex 61.5 2.05 0
      vertex 84.89777747541666 2.2235428616404533 0
    endloop
  endfacet
  facet normal 0 0 -1
    outer loop
      vertex 32.169684049886065 13.211121680214047 0
      vertex 60.160374677858634 2.9451090230706196 0
      vertex 60.24426316451257 2.775 0
    endloop
  endfacet
  facet normal 0 0 -1
    outer loop
      vertex 32.33646475863328 13.244296425824212 0
      vertex 60.09940755188085 3.124712384601345 0
      vertex 60.160374677858634 2.9451090230706196 0
    endloop
  endfacet
  facet normal 0 0 -1
    outer loop
      vertex 32.497488462074614 13.298956607735327 0
      vertex 60.06240495100798 3.310737021280925 0
      vertex 60.09940755188085 3.124712384601345 0
    endloop
  endfacet
  facet normal 0 0 -1
    outer loop
      vertex 32.497488462074614 13.298956607735327 0
      vertex 60.05 3.5 0
      vertex 60.06240495100798 3.310737021280925 0
    endloop
  endfacet
  facet normal 0 0 -1
    outer loop
      vertex 32.65 13.37416697508023 0
      vertex 60.06240495100798 3.689262978719075 0
      vertex 60.05 3.5 0
    endloop
  endfacet
  facet normal 0 0 -1
    outer loop
      vertex 32.65 13.37416697508023 0
      vertex 60.09940755188085 3.875287615398655 0
      vertex 60.06240495100798 3.689262978719075 0
    endloop
  endfacet
  facet normal 0 0 -1
    outer loop
      vertex 32.65 13.37416697508023 0
      vertex 60.160374677858634 4.05489097692938 0
      vertex 60.09940755188085 3.875287615398655 0
    endloop
  endfacet
  facet normal 0 0 -1
    outer loop
      vertex 32.65 13.37416697508023 0
      vertex 60.24426316451257 4.225 0
      vertex 60.160374677858634 4.05489097692938 0
    endloop
  endfacet
  facet normal 0 0 -1
    outer loop
      vertex 32.65 13.37416697508023 0
      vertex 60.34963765657771 4.382704072062645 0
      vertex 60.24426316451257 4.225 0
    endloop
  endfacet
  facet normal 0 0 -1
    outer loop
      vertex 32.65 13.37416697508023 0
      vertex 60.474695167279506 4.525304832720494 0
      vertex 60.34963765657771 4.382704072062645 0
    endloop
  endfacet
  facet normal 0 0 -1
    outer loop
      vertex 32.65 13.37416697508023 0
      vertex 60.617295927937356 4.650362343422291 0
      vertex 60.474695167279506 4.525304832720494 0
    endloop
  endfacet
  facet normal 0 0 -1
    outer loop
      vertex 32.65 13.37416697508023 0
      vertex 60.775 4.755736835487436 0
      vertex 60.617295927937356 4.650362343422291 0
    endloop
  endfacet
  facet normal 0 0 -1
    outer loop
      vertex 32.65 13.37416697508023 0
      vertex 60.94510902307062 4.839625322141366 0
      vertex 60.775 4.755736835487436 0
    endloop
  endfacet
  facet normal 0 0 -1
    outer loop
      vertex 32.65 13.37416697508023 0
      vertex 32.79138985771134 13.468640657621394 0
      vertex 79.35 13.37416697508023 0
    endloop
  endfacet
  facet normal 0 0 -1
    outer loop
      vertex 32.79138985771134 13.468640657621394 0
      vertex 32.91923881554251 13.580761184457488 0
      vertex 78.7 14.5 0
    endloop
  endfacet
  facet normal 0 0 -1
    outer loop
      vertex 32.91923881554251 13.580761184457488 0
      vertex 33.03135934237861 13.708610142288663 0
      vertex 78.7 14.5 0
    endloop
  endfacet
  facet normal 0 0 -1
    outer loop
      vertex 3 0 0
      vertex 82.77645713835955 0.10222252458333969 0
      vertex 82 0 0
    endloop
  endfacet
  facet normal 0 0 -1
    outer loop
      vertex 3 0 0
      vertex 83.14805030077696 0.22836140543222427 0
      vertex 82.77645713835955 0.10222252458333969 0
    endloop
  endfacet
  facet normal 0 0 -1
    outer loop
      vertex 2.6084214225411415 0.025665417313575745 0
      vertex 83.5 0.4019237905740738 0
      vertex 83.14805030077696 0.22836140543222427 0
    endloop
  endfacet
  facet normal 0 0 -1
    outer loop
      vertex 2.2235428616404533 0.10222252458333969 0
      vertex 83.82628428936005 0.6199399754405022 0
      vertex 83.5 0.4019237905740738 0
    endloop
  endfacet
  facet normal 0 0 -1
    outer loop
      vertex 1.8519496992230415 0.22836140543222427 0
      vertex 84.1213203445077 0.8786796554923058 0
      vertex 83.82628428936005 0.6199399754405022 0
    endloop
  endfacet
  facet normal 0 0 -1
    outer loop
      vertex 1.5 0.4019237905740738 0
      vertex 84.3800600245595 1.1737157106399536 0
      vertex 84.1213203445077 0.8786796554923058 0
    endloop
  endfacet
  facet normal 0 0 -1
    outer loop
      vertex 1.1737157106399536 0.6199399754405022 0
      vertex 84.59807620942593 1.5 0
      vertex 84.3800600245595 1.1737157106399536 0
    endloop
  endfacet
  facet normal 0 0 -1
    outer loop
      vertex 0.8786796554923058 0.8786796554923058 0
      vertex 84.77163859456778 1.8519496992230415 0
      vertex 84.59807620942593 1.5 0
    endloop
  endfacet
  facet normal 0 0 -1
    outer loop
      vertex 0.6199399754405022 1.1737157106399536 0
      vertex 84.89777747541666 2.2235428616404533 0
      vertex 84.77163859456778 1.8519496992230415 0
    endloop
  endfacet
  facet normal 0 0 -1
    outer loop
      vertex 32.65 13.37416697508023 0
      vertex 79.35 13.37416697508023 0
      vertex 60.94510902307062 4.839625322141366 0
    endloop
  endfacet
  facet normal 0 0 -1
    outer loop
      vertex 32.79138985771134 13.468640657621394 0
      vertex 79.08076118445749 13.580761184457488 0
      vertex 79.20861014228866 13.468640657621394 0
    endloop
  endfacet
  facet normal 0 0 -1
    outer loop
      vertex 32.79138985771134 13.468640657621394 0
      vertex 78.71112168021405 14.330315950113933 0
      vertex 78.74429642582422 14.163535241366723 0
    endloop
  endfacet
  facet normal 0 0 -1
    outer loop
      vertex 32.79138985771134 13.468640657621394 0
      vertex 78.79895660773532 14.002511537925383 0
      vertex 78.87416697508023 13.85 0
    endloop
  endfacet
  facet normal 0 0 -1
    outer loop
      vertex 32.79138985771134 13.468640657621394 0
      vertex 78.87416697508023 13.85 0
      vertex 78.96864065762139 13.708610142288663 0
    endloop
  endfacet
  facet normal 0 0 -1
    outer loop
      vertex 32.79138985771134 13.468640657621394 0
      vertex 78.96864065762139 13.708610142288663 0
      vertex 79.08076118445749 13.580761184457488 0
    endloop
  endfacet
  facet normal 0 0 -1
    outer loop
      vertex 32.79138985771134 13.468640657621394 0
      vertex 78.74429642582422 14.163535241366723 0
      vertex 78.79895660773532 14.002511537925383 0
    endloop
  endfacet
  facet normal 0 0 1
    outer loop
      vertex 0.4019237905740738 1.5 3
      vertex 84.89777747541666 2.2235428616404533 3
      vertex 61.5 2.05 3
    endloop
  endfacet
  facet normal 0 0 1
    outer loop
      vertex 32.841161896583195 11.360741064560528 3
      vertex 60.24426316451257 2.775 3
      vertex 60.160374677858634 2.9451090230706196 3
    endloop
  endfacet
  facet normal 0 0 1
    outer loop
      vertex 32.841161896583195 11.360741064560528 3
      vertex 60.160374677858634 2.9451090230706196 3
      vertex 60.09940755188085 3.124712384601345 3
    endloop
  endfacet
  facet normal 0 0 1
    outer loop
      vertex 32.841161896583195 11.360741064560528 3
      vertex 60.09940755188085 3.124712384601345 3
      vertex 60.06240495100798 3.310737021280925 3
    endloop
  endfacet
  facet normal 0 0 1
    outer loop
      vertex 32.841161896583195 11.360741064560528 3
      vertex 60.06240495100798 3.310737021280925 3
      vertex 60.05 3.5 3
    endloop
  endfacet
  facet normal 0 0 1
    outer loop
      vertex 32.841161896583195 11.360741064560528 3
      vertex 60.05 3.5 3
      vertex 60.06240495100798 3.689262978719075 3
    endloop
  endfacet
  facet normal 0 0 1
    outer loop
      vertex 32.841161896583195 11.360741064560528 3
      vertex 60.06240495100798 3.689262978719075 3
      vertex 60.09940755188085 3.875287615398655 3
    endloop
  endfacet
  facet normal 0 0 1
    outer loop
      vertex 32.841161896583195 11.360741064560528 3
      vertex 60.09940755188085 3.875287615398655 3
      vertex 60.160374677858634 4.05489097692938 3
    endloop
  endfacet
  facet normal 0 0 1
    outer loop
      vertex 32.841161896583195 11.360741064560528 3
      vertex 60.160374677858634 4.05489097692938 3
      vertex 60.24426316451257 4.225 3
    endloop
  endfacet
  facet normal 0 0 1
    outer loop
      vertex 32.841161896583195 11.360741064560528 3
      vertex 60.24426316451257 4.225 3
      vertex 60.34963765657771 4.382704072062645 3
    endloop
  endfacet
  facet normal 0 0 1
    outer loop
      vertex 32.841161896583195 11.360741064560528 3
      vertex 60.34963765657771 4.382704072062645 3
      vertex 60.474695167279506 4.525304832720494 3
    endloop
  endfacet
  facet normal 0 0 1
    outer loop
      vertex 32.841161896583195 11.360741064560528 3
      vertex 60.474695167279506 4.525304832720494 3
      vertex 60.617295927937356 4.650362343422291 3
    endloop
  endfacet
  facet normal 0 0 1
    outer loop
      vertex 32.841161896583195 11.360741064560528 3
      vertex 60.617295927937356 4.650362343422291 3
      vertex 60.775 4.755736835487436 3
    endloop
  endfacet
  facet normal 0 0 1
    outer loop
      vertex 32.841161896583195 11.360741064560528 3
      vertex 60.775 4.755736835487436 3
      vertex 60.94510902307062 4.839625322141366 3
    endloop
  endfacet
  facet normal 0 0 1
    outer loop
      vertex 32.841161896583195 11.360741064560528 3
      vertex 85 3 3
      vertex 33.24372115518654 11.497391519338318 3
    endloop
  endfacet
  facet normal 0 0 1
    outer loop
      vertex 32.841161896583195 11.360741064560528 3
      vertex 60.94510902307062 4.839625322141366 3
      vertex 61.124712384601345 4.9005924481191485 3
    endloop
  endfacet
  facet normal 0 0 1
    outer loop
      vertex 32.841161896583195 11.360741064560528 3
      vertex 61.124712384601345 4.9005924481191485 3
      vertex 61.31073702128093 4.937595048992025 3
    endloop
  endfacet
  facet normal 0 0 1
    outer loop
      vertex 33.24372115518654 11.497391519338318 3
      vertex 85 3 3
      vertex 33.625 11.685417437700576 3
    endloop
  endfacet
  facet normal 0 0 1
    outer loop
      vertex 32.841161896583195 11.360741064560528 3
      vertex 61.31073702128093 4.937595048992025 3
      vertex 61.5 4.95 3
    endloop
  endfacet
  facet normal 0 0 1
    outer loop
      vertex 32.841161896583195 11.360741064560528 3
      vertex 61.5 4.95 3
      vertex 61.68926297871907 4.937595048992025 3
    endloop
  endfacet
  facet normal 0 0 1
    outer loop
      vertex 32.841161896583195 11.360741064560528 3
      vertex 61.68926297871907 4.937595048992025 3
      vertex 61.875287615398655 4.9005924481191485 3
    endloop
  endfacet
  facet normal 0 0 1
    outer loop
      vertex 33.625 11.685417437700576 3
      vertex 78.02152535572166 11.921601644053485 3
      vertex 33.97847464427834 11.921601644053485 3
    endloop
  endfacet
  facet normal 0 0 1
    outer loop
      vertex 33.97847464427834 11.921601644053485 3
      vertex 77.70190296114372 12.20190296114372 3
      vertex 34.29809703885628 12.20190296114372 3
    endloop
  endfacet
  facet normal 0 0 1
    outer loop
      vertex 34.29809703885628 12.20190296114372 3
      vertex 77.42160164405348 12.521525355721657 3
      vertex 34.57839835594651 12.521525355721657 3
    endloop
  endfacet
  facet normal 0 0 1
    outer loop
      vertex 34.57839835594651 12.521525355721657 3
      vertex 77.18541743770058 12.875 3
      vertex 34.81458256229943 12.875 3
    endloop
  endfacet
  facet normal 0 0 1
    outer loop
      vertex 34.81458256229943 12.875 3
      vertex 76.99739151933832 13.256278844813458 3
      vertex 35.002608480661685 13.256278844813458 3
    endloop
  endfacet
  facet normal 0 0 1
    outer loop
      vertex 35.002608480661685 13.256278844813458 3
      vertex 76.86074106456053 13.658838103416807 3
      vertex 35.13925893543947 13.658838103416807 3
    endloop
  endfacet
  facet normal 0 0 1
    outer loop
      vertex 35.13925893543947 13.658838103416807 3
      vertex 76.77780420053512 14.075789875284832 3
      vertex 35.222195799464885 14.075789875284832 3
    endloop
  endfacet
  facet normal 0 -1 0
    outer loop
      vertex 3 0 3
      vertex 82 0 0
      vertex 82 0 3
    endloop
  endfacet
  facet normal 0 0 1
    outer loop
      vertex 3 0 3
      vertex 82 0 3
      vertex 82.77645713835955 0.10222252458333969 3
    endloop
  endfacet
  facet normal 0 0 1
    outer loop
      vertex 3 0 3
      vertex 82.77645713835955 0.10222252458333969 3
      vertex 83.14805030077696 0.22836140543222427 3
    endloop
  endfacet
  facet normal 0 0 1
    outer loop
      vertex 2.6084214225411415 0.025665417313575745 3
      vertex 83.14805030077696 0.22836140543222427 3
      vertex 83.5 0.4019237905740738 3
    endloop
  endfacet
  facet normal 0 0 1
    outer loop
      vertex 2.2235428616404533 0.10222252458333969 3
      vertex 83.5 0.4019237905740738 3
      vertex 83.82628428936005 0.6199399754405022 3
    endloop
  endfacet
  facet normal 0 0 1
    outer loop
      vertex 1.8519496992230415 0.22836140543222427 3
      vertex 83.82628428936005 0.6199399754405022 3
      vertex 84.1213203445077 0.8786796554923058 3
    endloop
  endfacet
  facet normal 0 0 1
    outer loop
      vertex 1.5 0.4019237905740738 3
      vertex 84.1213203445077 0.8786796554923058 3
      vertex 84.3800600245595 1.1737157106399536 3
    endloop
  endfacet
  facet normal 0 0 1
    outer loop
      vertex 1.1737157106399536 0.6199399754405022 3
      vertex 84.3800600245595 1.1737157106399536 3
      vertex 84.59807620942593 1.5 3
    endloop
  endfacet
  facet normal 0 0 1
    outer loop
      vertex 0.8786796554923058 0.8786796554923058 3
      vertex 84.59807620942593 1.5 3
      vertex 84.77163859456778 1.8519496992230415 3
    endloop
  endfacet
  facet normal 0 0 1
    outer loop
      vertex 0.6199399754405022 1.1737157106399536 3
      vertex 84.77163859456778 1.8519496992230415 3
      vertex 84.89777747541666 2.2235428616404533 3
    endloop
  endfacet
  facet normal 0 0 1
    outer loop
      vertex 32.841161896583195 11.360741064560528 3
      vertex 61.875287615398655 4.9005924481191485 3
      vertex 85 3 3
    endloop
  endfacet
  facet normal 0 0 1
    outer loop
      vertex 33.625 11.685417437700576 3
      vertex 78.375 11.685417437700576 3
      vertex 78.02152535572166 11.921601644053485 3
    endloop
  endfacet
  facet normal 0 0 1
    outer loop
      vertex 33.97847464427834 11.921601644053485 3
      vertex 78.02152535572166 11.921601644053485 3
      vertex 77.70190296114372 12.20190296114372 3
    endloop
  endfacet
  facet normal 0 0 1
    outer loop
      vertex 34.57839835594651 12.521525355721657 3
      vertex 77.42160164405348 12.521525355721657 3
      vertex 77.18541743770058 12.875 3
    endloop
  endfacet
  facet normal 0 0 1
    outer loop
      vertex 34.81458256229943 12.875 3
      vertex 77.18541743770058 12.875 3
      vertex 76.99739151933832 13.256278844813458 3
    endloop
  endfacet
  facet normal 0 0 1
    outer loop
      vertex 34.29809703885628 12.20190296114372 3
      vertex 77.70190296114372 12.20190296114372 3
      vertex 77.42160164405348 12.521525355721657 3
    endloop
  endfacet
  facet normal 0 0 1
    outer loop
      vertex 35.002608480661685 13.256278844813458 3
      vertex 76.99739151933832 13.256278844813458 3
      vertex 76.86074106456053 13.658838103416807 3
    endloop
  endfacet
  facet normal 0 0 1
    outer loop
      vertex 35.13925893543947 13.658838103416807 3
      vertex 76.86074106456053 13.658838103416807 3
      vertex 76.77780420053512 14.075789875284832 3
    endloop
  endfacet
  facet normal 0 0 -1
    outer loop
      vertex 33.12583302491977 13.85 0
      vertex 78.7 14.5 0
      vertex 33.03135934237861 13.708610142288663 0
    endloop
  endfacet
  facet normal 0 0 -1
    outer loop
      vertex 33.20104339226467 14.002511537925383 0
      vertex 78.7 14.5 0
      vertex 33.12583302491977 13.85 0
    endloop
  endfacet
  facet normal 0 0 -1
    outer loop
      vertex 33.25570357417579 14.163535241366723 0
      vertex 78.7 14.5 0
      vertex 33.20104339226467 14.002511537925383 0
    endloop
  endfacet
  facet normal 0 0 -1
    outer loop
      vertex 33.28887831978595 14.330315950113933 0
      vertex 78.7 14.5 0
      vertex 33.25570357417579 14.163535241366723 0
    endloop
  endfacet
  facet normal 0 0 -1
    outer loop
      vertex 33.3 14.5 0
      vertex 78.7 14.5 0
      vertex 33.28887831978595 14.330315950113933 0
    endloop
  endfacet
  facet normal 0 0 -1
    outer loop
      vertex 33.28887831978595 14.669684049886067 0
      vertex 78.7 14.5 0
      vertex 33.3 14.5 0
    endloop
  endfacet
  facet normal 0 0 -1
    outer loop
      vertex 33.25570357417579 14.836464758633277 0
      vertex 78.7 14.5 0
      vertex 33.28887831978595 14.669684049886067 0
    endloop
  endfacet
  facet normal 0 0 -1
    outer loop
      vertex 33.20104339226467 14.997488462074617 0
      vertex 78.7 14.5 0
      vertex 33.25570357417579 14.836464758633277 0
    endloop
  endfacet
  facet normal 0 0 -1
    outer loop
      vertex 33.03135934237861 15.291389857711337 0
      vertex 78.71112168021405 14.669684049886067 0
      vertex 33.12583302491977 15.15 0
    endloop
  endfacet
  facet normal 0 0 -1
    outer loop
      vertex 33.12583302491977 15.15 0
      vertex 78.71112168021405 14.669684049886067 0
      vertex 33.20104339226467 14.997488462074617 0
    endloop
  endfacet
  facet normal 0 0 -1
    outer loop
      vertex 32.91923881554251 15.419238815542512 0
      vertex 78.71112168021405 14.669684049886067 0
      vertex 33.03135934237861 15.291389857711337 0
    endloop
  endfacet
  facet normal 0 0 -1
    outer loop
      vertex 32.497488462074614 15.701043392264673 0
      vertex 32.33646475863328 15.755703574175788 0
      vertex 79.35 15.62583302491977 0
    endloop
  endfacet
  facet normal 0 0 -1
    outer loop
      vertex 32.79138985771134 15.531359342378606 0
      vertex 79.08076118445749 15.419238815542512 0
      vertex 32.91923881554251 15.419238815542512 0
    endloop
  endfacet
  facet normal 0 0 -1
    outer loop
      vertex 32.79138985771134 15.531359342378606 0
      vertex 32.65 15.62583302491977 0
      vertex 79.20861014228866 15.531359342378606 0
    endloop
  endfacet
  facet normal 0 0 -1
    outer loop
      vertex 32.65 15.62583302491977 0
      vertex 32.497488462074614 15.701043392264673 0
      vertex 79.35 15.62583302491977 0
    endloop
  endfacet
  facet normal 0 0 -1
    outer loop
      vertex 31.502511537925383 15.701043392264673 0
      vertex 31.35 15.62583302491977 0
      vertex 80.16968404988607 40.21112168021405 0
    endloop
  endfacet
  facet normal 0 0 -1
    outer loop
      vertex 31.663535241366723 15.755703574175788 0
      vertex 31.502511537925383 15.701043392264673 0
      vertex 80.16968404988607 40.21112168021405 0
    endloop
  endfacet
  facet normal 0 0 -1
    outer loop
      vertex 31.83031595011393 15.788878319785953 0
      vertex 31.663535241366723 15.755703574175788 0
      vertex 80.16968404988607 40.21112168021405 0
    endloop
  endfacet
  facet normal 0 0 -1
    outer loop
      vertex 32 15.8 0
      vertex 31.83031595011393 15.788878319785953 0
      vertex 80.16968404988607 40.21112168021405 0
    endloop
  endfacet
  facet normal 0 0 -1
    outer loop
      vertex 32.169684049886065 15.788878319785953 0
      vertex 32 15.8 0
      vertex 80.16968404988607 40.21112168021405 0
    endloop
  endfacet
  facet normal 0 0 -1
    outer loop
      vertex 32.33646475863328 15.755703574175788 0
      vertex 32.169684049886065 15.788878319785953 0
      vertex 80.16968404988607 40.21112168021405 0
    endloop
  endfacet
  facet normal 0 0 -1
    outer loop
      vertex 32.79138985771134 13.468640657621394 0
      vertex 78.7 14.5 0
      vertex 78.71112168021405 14.330315950113933 0
    endloop
  endfacet
  facet normal 0 0 -1
    outer loop
      vertex 33.20104339226467 14.997488462074617 0
      vertex 78.71112168021405 14.669684049886067 0
      vertex 78.7 14.5 0
    endloop
  endfacet
  facet normal 0 0 -1
    outer loop
      vertex 32.91923881554251 15.419238815542512 0
      vertex 78.74429642582422 14.836464758633277 0
      vertex 78.71112168021405 14.669684049886067 0
    endloop
  endfacet
  facet normal 0 0 -1
    outer loop
      vertex 32.91923881554251 15.419238815542512 0
      vertex 78.79895660773532 14.997488462074617 0
      vertex 78.74429642582422 14.836464758633277 0
    endloop
  endfacet
  facet normal 0 0 -1
    outer loop
      vertex 32.91923881554251 15.419238815542512 0
      vertex 78.87416697508023 15.15 0
      vertex 78.79895660773532 14.997488462074617 0
    endloop
  endfacet
  facet normal 0 0 -1
    outer loop
      vertex 32.91923881554251 15.419238815542512 0
      vertex 78.96864065762139 15.291389857711337 0
      vertex 78.87416697508023 15.15 0
    endloop
  endfacet
  facet normal 0 0 -1
    outer loop
      vertex 32.91923881554251 15.419238815542512 0
      vertex 79.08076118445749 15.419238815542512 0
      vertex 78.96864065762139 15.291389857711337 0
    endloop
  endfacet
  facet normal 0 0 -1
    outer loop
      vertex 32.79138985771134 15.531359342378606 0
      vertex 79.20861014228866 15.531359342378606 0
      vertex 79.08076118445749 15.419238815542512 0
    endloop
  endfacet
  facet normal 0 0 -1
    outer loop
      vertex 32.65 15.62583302491977 0
      vertex 79.35 15.62583302491977 0
      vertex 79.20861014228866 15.531359342378606 0
    endloop
  endfacet
  facet normal 0 0 1
    outer loop
      vertex 35.222195799464885 14.075789875284832 3
      vertex 76.75 14.5 3
      vertex 35.25 14.5 3
    endloop
  endfacet
  facet normal 0 0 1
    outer loop
      vertex 35.25 14.5 3
      vertex 76.77780420053512 14.924210124715168 3
      vertex 35.222195799464885 14.924210124715168 3
    endloop
  endfacet
  facet normal 0 0 1
    outer loop
      vertex 35.13925893543947 15.341161896583193 3
      vertex 35.222195799464885 14.924210124715168 3
      vertex 76.86074106456053 15.341161896583193 3
    endloop
  endfacet
  facet normal 0 0 1
    outer loop
      vertex 35.13925893543947 15.341161896583193 3
      vertex 76.99739151933832 15.743721155186542 3
      vertex 35.002608480661685 15.743721155186542 3
    endloop
  endfacet
  facet normal 0 0 1
    outer loop
      vertex 35.002608480661685 15.743721155186542 3
      vertex 77.18541743770058 16.125 3
      vertex 34.81458256229943 16.125 3
    endloop
  endfacet
  facet normal 0 0 1
    outer loop
      vertex 34.81458256229943 16.125 3
      vertex 77.42160164405348 16.478474644278343 3
      vertex 34.57839835594651 16.478474644278343 3
    endloop
  endfacet
  facet normal 0 0 1
    outer loop
      vertex 34.29809703885628 16.79809703885628 3
      vertex 78.02152535572166 17.078398355946515 3
      vertex 33.97847464427834 17.078398355946515 3
    endloop
  endfacet
  facet normal 0 0 1
    outer loop
      vertex 34.29809703885628 16.79809703885628 3
      vertex 34.57839835594651 16.478474644278343 3
      vertex 77.70190296114372 16.79809703885628 3
    endloop
  endfacet
  facet normal 0 0 1
    outer loop
      vertex 33.625 17.314582562299424 3
      vertex 33.97847464427834 17.078398355946515 3
      vertex 78.375 17.314582562299424 3
    endloop
  endfacet
  facet normal 0 0 1
    outer loop
      vertex 33.625 17.314582562299424 3
      vertex 78.75627884481347 17.50260848066168 3
      vertex 33.24372115518654 17.50260848066168 3
    endloop
  endfacet
  facet normal 0 0 1
    outer loop
      vertex 30.375 17.314582562299424 3
      vertex 30.75627884481346 17.50260848066168 3
      vertex 77.70190296114372 43.79809703885628 3
    endloop
  endfacet
  facet normal 0 0 1
    outer loop
      vertex 32 17.75 3
      vertex 32.42421012471517 17.722195799464885 3
      vertex 77.18541743770058 43.125 3
    endloop
  endfacet
  facet normal 0 0 1
    outer loop
      vertex 32.42421012471517 17.722195799464885 3
      vertex 32.841161896583195 17.63925893543947 3
      vertex 76.99739151933832 42.74372115518654 3
    endloop
  endfacet
  facet normal 0 0 1
    outer loop
      vertex 32.841161896583195 17.63925893543947 3
      vertex 33.24372115518654 17.50260848066168 3
      vertex 76.86074106456053 42.341161896583195 3
    endloop
  endfacet
  facet normal 0 0 1
    outer loop
      vertex 30.75627884481346 17.50260848066168 3
      vertex 31.15883810341681 17.63925893543947 3
      vertex 77.70190296114372 43.79809703885628 3
    endloop
  endfacet
  facet normal 0 0 1
    outer loop
      vertex 31.15883810341681 17.63925893543947 3
      vertex 31.575789875284833 17.722195799464885 3
      vertex 77.70190296114372 43.79809703885628 3
    endloop
  endfacet
  facet normal 0 0 1
    outer loop
      vertex 31.575789875284833 17.722195799464885 3
      vertex 32 17.75 3
      vertex 77.42160164405348 43.47847464427834 3
    endloop
  endfacet
  facet normal 0 0 1
    outer loop
      vertex 35.222195799464885 14.075789875284832 3
      vertex 76.77780420053512 14.075789875284832 3
      vertex 76.75 14.5 3
    endloop
  endfacet
  facet normal 0 0 1
    outer loop
      vertex 35.25 14.5 3
      vertex 76.75 14.5 3
      vertex 76.77780420053512 14.924210124715168 3
    endloop
  endfacet
  facet normal 0 0 1
    outer loop
      vertex 35.222195799464885 14.924210124715168 3
      vertex 76.77780420053512 14.924210124715168 3
      vertex 76.86074106456053 15.341161896583193 3
    endloop
  endfacet
  facet normal 0 0 1
    outer loop
      vertex 35.13925893543947 15.341161896583193 3
      vertex 76.86074106456053 15.341161896583193 3
      vertex 76.99739151933832 15.743721155186542 3
    endloop
  endfacet
  facet normal 0 0 1
    outer loop
      vertex 35.002608480661685 15.743721155186542 3
      vertex 76.99739151933832 15.743721155186542 3
      vertex 77.18541743770058 16.125 3
    endloop
  endfacet
  facet normal 0 0 1
    outer loop
      vertex 34.81458256229943 16.125 3
      vertex 77.18541743770058 16.125 3
      vertex 77.42160164405348 16.478474644278343 3
    endloop
  endfacet
  facet normal 0 0 1
    outer loop
      vertex 34.57839835594651 16.478474644278343 3
      vertex 77.42160164405348 16.478474644278343 3
      vertex 77.70190296114372 16.79809703885628 3
    endloop
  endfacet
  facet normal 0 0 1
    outer loop
      vertex 34.29809703885628 16.79809703885628 3
      vertex 77.70190296114372 16.79809703885628 3
      vertex 78.02152535572166 17.078398355946515 3
    endloop
  endfacet
  facet normal 0 0 1
    outer loop
      vertex 33.97847464427834 17.078398355946515 3
      vertex 78.02152535572166 17.078398355946515 3
      vertex 78.375 17.314582562299424 3
    endloop
  endfacet
  facet normal 0 0 1
    outer loop
      vertex 33.625 17.314582562299424 3
      vertex 78.375 17.314582562299424 3
      vertex 78.75627884481347 17.50260848066168 3
    endloop
  endfacet
  facet normal 0 0 1
    outer loop
      vertex 33.24372115518654 17.50260848066168 3
      vertex 78.75627884481347 17.50260848066168 3
      vertex 78.75627884481347 38.497391519338315 3
    endloop
  endfacet
  facet normal 0 0 -1
    outer loop
      vertex 84.89777747541666 2.2235428616404533 0
      vertex 61.5 2.05 0
      vertex 61.68926297871907 2.062404951007975 0
    endloop
  endfacet
  facet normal 0 0 -1
    outer loop
      vertex 84.89777747541666 2.2235428616404533 0
      vertex 61.68926297871907 2.062404951007975 0
      vertex 61.875287615398655 2.099407551880851 0
    endloop
  endfacet
  facet normal 0 0 -1
    outer loop
      vertex 84.89777747541666 2.2235428616404533 0
      vertex 61.875287615398655 2.099407551880851 0
      vertex 62.05489097692938 2.160374677858634 0
    endloop
  endfacet
  facet normal 0 0 -1
    outer loop
      vertex 84.89777747541666 2.2235428616404533 0
      vertex 62.05489097692938 2.160374677858634 0
      vertex 62.225 2.244263164512564 0
    endloop
  endfacet
  facet normal 0 0 -1
    outer loop
      vertex 84.89777747541666 2.2235428616404533 0
      vertex 62.225 2.244263164512564 0
      vertex 62.382704072062644 2.349637656577709 0
    endloop
  endfacet
  facet normal 0 0 -1
    outer loop
      vertex 84.97433458268642 2.6084214225411415 0
      vertex 62.382704072062644 2.349637656577709 0
      vertex 62.525304832720494 2.4746951672795063 0
    endloop
  endfacet
  facet normal 0 0 -1
    outer loop
      vertex 84.97433458268642 2.6084214225411415 0
      vertex 62.525304832720494 2.4746951672795063 0
      vertex 62.65036234342229 2.617295927937355 0
    endloop
  endfacet
  facet normal 0 0 -1
    outer loop
      vertex 84.97433458268642 2.6084214225411415 0
      vertex 62.65036234342229 2.617295927937355 0
      vertex 62.75573683548743 2.775 0
    endloop
  endfacet
  facet normal 0 0 -1
    outer loop
      vertex 85 3 0
      vertex 62.75573683548743 2.775 0
      vertex 62.839625322141366 2.9451090230706196 0
    endloop
  endfacet
  facet normal 0 0 -1
    outer loop
      vertex 85 3 0
      vertex 62.839625322141366 2.9451090230706196 0
      vertex 62.90059244811915 3.124712384601345 0
    endloop
  endfacet
  facet normal 0 0 -1
    outer loop
      vertex 85 3 0
      vertex 62.90059244811915 3.124712384601345 0
      vertex 62.93759504899202 3.310737021280925 0
    endloop
  endfacet
  facet normal 0 0 -1
    outer loop
      vertex 85 3 0
      vertex 62.93759504899202 3.310737021280925 0
      vertex 62.95 3.5 0
    endloop
  endfacet
  facet normal 0 0 -1
    outer loop
      vertex 85 3 0
      vertex 62.95 3.5 0
      vertex 62.93759504899202 3.689262978719075 0
    endloop
  endfacet
  facet normal 0 0 -1
    outer loop
      vertex 85 3 0
      vertex 62.93759504899202 3.689262978719075 0
      vertex 62.90059244811915 3.875287615398655 0
    endloop
  endfacet
  facet normal 0 0 -1
    outer loop
      vertex 85 3 0
      vertex 62.90059244811915 3.875287615398655 0
      vertex 62.839625322141366 4.05489097692938 0
    endloop
  endfacet
  facet normal 0 0 -1
    outer loop
      vertex 85 3 0
      vertex 62.839625322141366 4.05489097692938 0
      vertex 62.75573683548743 4.225 0
    endloop
  endfacet
  facet normal 0 0 -1
    outer loop
      vertex 85 3 0
      vertex 62.75573683548743 4.225 0
      vertex 62.65036234342229 4.382704072062645 0
    endloop
  endfacet
  facet normal 0 0 -1
    outer loop
      vertex 85 3 0
      vertex 62.65036234342229 4.382704072062645 0
      vertex 62.525304832720494 4.525304832720494 0
    endloop
  endfacet
  facet normal 0 0 -1
    outer loop
      vertex 85 3 0
      vertex 62.525304832720494 4.525304832720494 0
      vertex 62.382704072062644 4.650362343422291 0
    endloop
  endfacet
  facet normal 0 0 -1
    outer loop
      vertex 61.124712384601345 4.9005924481191485 0
      vertex 60.94510902307062 4.839625322141366 0
      vertex 79.35 13.37416697508023 0
    endloop
  endfacet
  facet normal 0 0 -1
    outer loop
      vertex 61.31073702128093 4.937595048992025 0
      vertex 61.124712384601345 4.9005924481191485 0
      vertex 79.35 13.37416697508023 0
    endloop
  endfacet
  facet normal 0 0 -1
    outer loop
      vertex 61.31073702128093 4.937595048992025 0
      vertex 79.35 13.37416697508023 0
      vertex 61.5 4.95 0
    endloop
  endfacet
  facet normal 0 0 -1
    outer loop
      vertex 61.68926297871907 4.937595048992025 0
      vertex 61.5 4.95 0
      vertex 79.35 13.37416697508023 0
    endloop
  endfacet
  facet normal 0 0 -1
    outer loop
      vertex 61.875287615398655 4.9005924481191485 0
      vertex 61.68926297871907 4.937595048992025 0
      vertex 79.35 13.37416697508023 0
    endloop
  endfacet
  facet normal 0 0 -1
    outer loop
      vertex 62.382704072062644 4.650362343422291 0
      vertex 62.225 4.755736835487436 0
      vertex 79.35 13.37416697508023 0
    endloop
  endfacet
  facet normal 0 0 -1
    outer loop
      vertex 62.05489097692938 4.839625322141366 0
      vertex 61.875287615398655 4.9005924481191485 0
      vertex 79.35 13.37416697508023 0
    endloop
  endfacet
  facet normal 0 0 -1
    outer loop
      vertex 62.225 4.755736835487436 0
      vertex 62.05489097692938 4.839625322141366 0
      vertex 79.35 13.37416697508023 0
    endloop
  endfacet
  facet normal 0 0 -1
    outer loop
      vertex 32.79138985771134 13.468640657621394 0
      vertex 79.20861014228866 13.468640657621394 0
      vertex 79.35 13.37416697508023 0
    endloop
  endfacet
  facet normal 0 0 -1
    outer loop
      vertex 84.89777747541666 2.2235428616404533 0
      vertex 62.382704072062644 2.349637656577709 0
      vertex 84.97433458268642 2.6084214225411415 0
    endloop
  endfacet
  facet normal 0 0 -1
    outer loop
      vertex 84.97433458268642 2.6084214225411415 0
      vertex 62.75573683548743 2.775 0
      vertex 85 3 0
    endloop
  endfacet
  facet normal 0 0 -1
    outer loop
      vertex 82 0 0
      vertex 82.77645713835955 0.10222252458333969 0
      vertex 82.39157857745886 0.025665417313575745 0
    endloop
  endfacet
  facet normal 0.06540313273849395 -0.9978589230086541 0
    outer loop
      vertex 82 0 0
      vertex 82.39157857745886 0.025665417313575745 0
      vertex 82 0 3
    endloop
  endfacet
  facet normal 0.19509032585814412 -0.9807852796390061 0
    outer loop
      vertex 82.39157857745886 0.025665417313575745 0
      vertex 82.77645713835955 0.10222252458333969 0
      vertex 82.39157857745886 0.025665417313575745 3
    endloop
  endfacet
  facet normal 0.3214394637077385 -0.9469301300366789 0
    outer loop
      vertex 82.77645713835955 0.10222252458333969 0
      vertex 83.14805030077696 0.22836140543222427 0
      vertex 82.77645713835955 0.10222252458333969 3
    endloop
  endfacet
  facet normal 0.4422886918115197 -0.8968727407473451 0
    outer loop
      vertex 83.14805030077696 0.22836140543222427 0
      vertex 83.5 0.4019237905740738 0
      vertex 83.14805030077696 0.22836140543222427 3
    endloop
  endfacet
  facet normal 0.5555702203832522 -0.8314696207458843 0
    outer loop
      vertex 83.5 0.4019237905740738 0
      vertex 83.82628428936005 0.6199399754405022 0
      vertex 83.5 0.4019237905740738 3
    endloop
  endfacet
  facet normal 0.6593458207943228 -0.7518398024852507 0
    outer loop
      vertex 83.82628428936005 0.6199399754405022 0
      vertex 84.1213203445077 0.8786796554923058 0
      vertex 83.82628428936005 0.6199399754405022 3
    endloop
  endfacet
  facet normal 0.7518398024852507 -0.6593458207943228 0
    outer loop
      vertex 84.1213203445077 0.8786796554923058 0
      vertex 84.3800600245595 1.1737157106399536 0
      vertex 84.1213203445077 0.8786796554923058 3
    endloop
  endfacet
  facet normal 0.8314696207458843 -0.5555702203832522 0
    outer loop
      vertex 84.3800600245595 1.1737157106399536 0
      vertex 84.59807620942593 1.5 0
      vertex 84.3800600245595 1.1737157106399536 3
    endloop
  endfacet
  facet normal 0.8968727407473451 -0.4422886918115197 0
    outer loop
      vertex 84.59807620942593 1.5 0
      vertex 84.77163859456778 1.8519496992230415 0
      vertex 84.59807620942593 1.5 3
    endloop
  endfacet
  facet normal 0.9469301300366789 -0.3214394637077385 0
    outer loop
      vertex 84.77163859456778 1.8519496992230415 0
      vertex 84.89777747541666 2.2235428616404533 0
      vertex 84.77163859456778 1.8519496992230415 3
    endloop
  endfacet
  facet normal 0.9807852796390061 -0.19509032585814412 0
    outer loop
      vertex 84.89777747541666 2.2235428616404533 0
      vertex 84.97433458268642 2.6084214225411415 0
      vertex 84.89777747541666 2.2235428616404533 3
    endloop
  endfacet
  facet normal 0.9978589230086541 -0.06540313273849395 0
    outer loop
      vertex 84.97433458268642 2.6084214225411415 0
      vertex 85 3 0
      vertex 84.97433458268642 2.6084214225411415 3
    endloop
  endfacet
  facet normal 0 0 -1
    outer loop
      vertex 85 3 0
      vertex 62.382704072062644 4.650362343422291 0
      vertex 79.35 13.37416697508023 0
    endloop
  endfacet
  facet normal 0 0 -1
    outer loop
      vertex 85 3 0
      vertex 79.35 13.37416697508023 0
      vertex 79.50251153792539 13.298956607735327 0
    endloop
  endfacet
  facet normal 0 0 -1
    outer loop
      vertex 85 3 0
      vertex 79.66353524136672 13.244296425824212 0
      vertex 79.83031595011393 13.211121680214047 0
    endloop
  endfacet
  facet normal 0 0 -1
    outer loop
      vertex 85 3 0
      vertex 79.83031595011393 13.211121680214047 0
      vertex 80 13.2 0
    endloop
  endfacet
  facet normal 0 0 -1
    outer loop
      vertex 85 3 0
      vertex 79.50251153792539 13.298956607735327 0
      vertex 79.66353524136672 13.244296425824212 0
    endloop
  endfacet
  facet normal 0 0 -1
    outer loop
      vertex 85 3 0
      vertex 80 13.2 0
      vertex 80.16968404988607 13.211121680214047 0
    endloop
  endfacet
  facet normal 0 0 -1
    outer loop
      vertex 85 3 0
      vertex 80.16968404988607 13.211121680214047 0
      vertex 80.33646475863328 13.244296425824212 0
    endloop
  endfacet
  facet normal 0 0 -1
    outer loop
      vertex 85 3 0
      vertex 80.33646475863328 13.244296425824212 0
      vertex 80.49748846207461 13.298956607735327 0
    endloop
  endfacet
  facet normal 0 0 -1
    outer loop
      vertex 85 3 0
      vertex 80.49748846207461 13.298956607735327 0
      vertex 80.65 13.37416697508023 0
    endloop
  endfacet
  facet normal 0 0 -1
    outer loop
      vertex 85 3 0
      vertex 80.65 13.37416697508023 0
      vertex 80.79138985771134 13.468640657621394 0
    endloop
  endfacet
  facet normal 0 0 -1
    outer loop
      vertex 85 3 0
      vertex 80.79138985771134 13.468640657621394 0
      vertex 80.91923881554251 13.580761184457488 0
    endloop
  endfacet
  facet normal 0 0 -1
    outer loop
      vertex 85 3 0
      vertex 80.91923881554251 13.580761184457488 0
      vertex 81.03135934237861 13.708610142288663 0
    endloop
  endfacet
  facet normal 0 0 -1
    outer loop
      vertex 85 3 0
      vertex 81.03135934237861 13.708610142288663 0
      vertex 81.12583302491977 13.85 0
    endloop
  endfacet
  facet normal 0 0 -1
    outer loop
      vertex 85 3 0
      vertex 81.12583302491977 13.85 0
      vertex 81.20104339226468 14.002511537925383 0
    endloop
  endfacet
  facet normal 0 0 -1
    outer loop
      vertex 85 3 0
      vertex 81.20104339226468 14.002511537925383 0
      vertex 81.25570357417578 14.163535241366723 0
    endloop
  endfacet
  facet normal 0 0 -1
    outer loop
      vertex 85 3 0
      vertex 81.25570357417578 14.163535241366723 0
      vertex 81.28887831978595 14.330315950113933 0
    endloop
  endfacet
  facet normal 0 0 1
    outer loop
      vertex 84.89777747541666 2.2235428616404533 3
      vertex 61.68926297871907 2.062404951007975 3
      vertex 61.5 2.05 3
    endloop
  endfacet
  facet normal 0 0 1
    outer loop
      vertex 84.89777747541666 2.2235428616404533 3
      vertex 61.875287615398655 2.099407551880851 3
      vertex 61.68926297871907 2.062404951007975 3
    endloop
  endfacet
  facet normal 0 0 1
    outer loop
      vertex 84.89777747541666 2.2235428616404533 3
      vertex 62.05489097692938 2.160374677858634 3
      vertex 61.875287615398655 2.099407551880851 3
    endloop
  endfacet
  facet normal 0 0 1
    outer loop
      vertex 84.89777747541666 2.2235428616404533 3
      vertex 62.225 2.244263164512564 3
      vertex 62.05489097692938 2.160374677858634 3
    endloop
  endfacet
  facet normal 0 0 1
    outer loop
      vertex 84.97433458268642 2.6084214225411415 3
      vertex 62.382704072062644 2.349637656577709 3
      vertex 62.225 2.244263164512564 3
    endloop
  endfacet
  facet normal 0 0 1
    outer loop
      vertex 84.97433458268642 2.6084214225411415 3
      vertex 62.525304832720494 2.4746951672795063 3
      vertex 62.382704072062644 2.349637656577709 3
    endloop
  endfacet
  facet normal 0 0 1
    outer loop
      vertex 84.97433458268642 2.6084214225411415 3
      vertex 62.65036234342229 2.617295927937355 3
      vertex 62.525304832720494 2.4746951672795063 3
    endloop
  endfacet
  facet normal 0 0 1
    outer loop
      vertex 85 3 3
      vertex 62.75573683548743 2.775 3
      vertex 62.65036234342229 2.617295927937355 3
    endloop
  endfacet
  facet normal 0 0 1
    outer loop
      vertex 85 3 3
      vertex 62.839625322141366 2.9451090230706196 3
      vertex 62.75573683548743 2.775 3
    endloop
  endfacet
  facet normal 0 0 1
    outer loop
      vertex 85 3 3
      vertex 62.90059244811915 3.124712384601345 3
      vertex 62.839625322141366 2.9451090230706196 3
    endloop
  endfacet
  facet normal 0 0 1
    outer loop
      vertex 85 3 3
      vertex 62.93759504899202 3.310737021280925 3
      vertex 62.90059244811915 3.124712384601345 3
    endloop
  endfacet
  facet normal 0 0 1
    outer loop
      vertex 85 3 3
      vertex 62.95 3.5 3
      vertex 62.93759504899202 3.310737021280925 3
    endloop
  endfacet
  facet normal 0 0 1
    outer loop
      vertex 85 3 3
      vertex 62.93759504899202 3.689262978719075 3
      vertex 62.95 3.5 3
    endloop
  endfacet
  facet normal 0 0 1
    outer loop
      vertex 85 3 3
      vertex 61.875287615398655 4.9005924481191485 3
      vertex 62.05489097692938 4.839625322141366 3
    endloop
  endfacet
  facet normal 0 0 1
    outer loop
      vertex 85 3 3
      vertex 62.90059244811915 3.875287615398655 3
      vertex 62.93759504899202 3.689262978719075 3
    endloop
  endfacet
  facet normal 0 0 1
    outer loop
      vertex 85 3 3
      vertex 62.839625322141366 4.05489097692938 3
      vertex 62.90059244811915 3.875287615398655 3
    endloop
  endfacet
  facet normal 0 0 1
    outer loop
      vertex 85 3 3
      vertex 62.75573683548743 4.225 3
      vertex 62.839625322141366 4.05489097692938 3
    endloop
  endfacet
  facet normal 0 0 1
    outer loop
      vertex 85 3 3
      vertex 62.65036234342229 4.382704072062645 3
      vertex 62.75573683548743 4.225 3
    endloop
  endfacet
  facet normal 0 0 1
    outer loop
      vertex 85 3 3
      vertex 62.225 4.755736835487436 3
      vertex 62.382704072062644 4.650362343422291 3
    endloop
  endfacet
  facet normal 0 0 1
    outer loop
      vertex 85 3 3
      vertex 62.525304832720494 4.525304832720494 3
      vertex 62.65036234342229 4.382704072062645 3
    endloop
  endfacet
  facet normal 0 0 1
    outer loop
      vertex 85 3 3
      vertex 62.382704072062644 4.650362343422291 3
      vertex 62.525304832720494 4.525304832720494 3
    endloop
  endfacet
  facet normal 0 0 1
    outer loop
      vertex 85 3 3
      vertex 62.05489097692938 4.839625322141366 3
      vertex 62.225 4.755736835487436 3
    endloop
  endfacet
  facet normal 0 0 1
    outer loop
      vertex 33.625 11.685417437700576 3
      vertex 85 3 3
      vertex 78.375 11.685417437700576 3
    endloop
  endfacet
  facet normal 0.06540313273849395 -0.9978589230086541 0
    outer loop
      vertex 82.39157857745886 0.025665417313575745 0
      vertex 82.39157857745886 0.025665417313575745 3
      vertex 82 0 3
    endloop
  endfacet
  facet normal 0.19509032585814412 -0.9807852796390061 0
    outer loop
      vertex 82.77645713835955 0.10222252458333969 0
      vertex 82.77645713835955 0.10222252458333969 3
      vertex 82.39157857745886 0.025665417313575745 3
    endloop
  endfacet
  facet normal 0.3214394637077385 -0.9469301300366789 0
    outer loop
      vertex 83.14805030077696 0.22836140543222427 0
      vertex 83.14805030077696 0.22836140543222427 3
      vertex 82.77645713835955 0.10222252458333969 3
    endloop
  endfacet
  facet normal 0.4422886918115197 -0.8968727407473451 0
    outer loop
      vertex 83.5 0.4019237905740738 0
      vertex 83.5 0.4019237905740738 3
      vertex 83.14805030077696 0.22836140543222427 3
    endloop
  endfacet
  facet normal 0.5555702203832522 -0.8314696207458843 0
    outer loop
      vertex 83.82628428936005 0.6199399754405022 0
      vertex 83.82628428936005 0.6199399754405022 3
      vertex 83.5 0.4019237905740738 3
    endloop
  endfacet
  facet normal 0.6593458207943228 -0.7518398024852507 0
    outer loop
      vertex 84.1213203445077 0.8786796554923058 0
      vertex 84.1213203445077 0.8786796554923058 3
      vertex 83.82628428936005 0.6199399754405022 3
    endloop
  endfacet
  facet normal 0.7518398024852507 -0.6593458207943228 0
    outer loop
      vertex 84.3800600245595 1.1737157106399536 0
      vertex 84.3800600245595 1.1737157106399536 3
      vertex 84.1213203445077 0.8786796554923058 3
    endloop
  endfacet
  facet normal 0.8314696207458843 -0.5555702203832522 0
    outer loop
      vertex 84.59807620942593 1.5 0
      vertex 84.59807620942593 1.5 3
      vertex 84.3800600245595 1.1737157106399536 3
    endloop
  endfacet
  facet normal 0.8968727407473451 -0.4422886918115197 0
    outer loop
      vertex 84.77163859456778 1.8519496992230415 0
      vertex 84.77163859456778 1.8519496992230415 3
      vertex 84.59807620942593 1.5 3
    endloop
  endfacet
  facet normal 0.9469301300366789 -0.3214394637077385 0
    outer loop
      vertex 84.89777747541666 2.2235428616404533 0
      vertex 84.89777747541666 2.2235428616404533 3
      vertex 84.77163859456778 1.8519496992230415 3
    endloop
  endfacet
  facet normal 0.9807852796390061 -0.19509032585814412 0
    outer loop
      vertex 84.97433458268642 2.6084214225411415 0
      vertex 84.97433458268642 2.6084214225411415 3
      vertex 84.89777747541666 2.2235428616404533 3
    endloop
  endfacet
  facet normal 0.9978589230086541 -0.06540313273849395 0
    outer loop
      vertex 85 3 0
      vertex 85 3 3
      vertex 84.97433458268642 2.6084214225411415 3
    endloop
  endfacet
  facet normal 0 0 1
    outer loop
      vertex 84.89777747541666 2.2235428616404533 3
      vertex 84.97433458268642 2.6084214225411415 3
      vertex 62.225 2.244263164512564 3
    endloop
  endfacet
  facet normal 0 0 1
    outer loop
      vertex 84.97433458268642 2.6084214225411415 3
      vertex 85 3 3
      vertex 62.65036234342229 2.617295927937355 3
    endloop
  endfacet
  facet normal 0 0 1
    outer loop
      vertex 82 0 3
      vertex 82.39157857745886 0.025665417313575745 3
      vertex 82.77645713835955 0.10222252458333969 3
    endloop
  endfacet
  facet normal 0 0 1
    outer loop
      vertex 85 3 3
      vertex 78.75627884481347 11.497391519338318 3
      vertex 78.375 11.685417437700576 3
    endloop
  endfacet
  facet normal 0 0 1
    outer loop
      vertex 85 3 3
      vertex 79.15883810341681 11.360741064560528 3
      vertex 78.75627884481347 11.497391519338318 3
    endloop
  endfacet
  facet normal 0 0 1
    outer loop
      vertex 85 3 3
      vertex 79.57578987528483 11.277804200535115 3
      vertex 79.15883810341681 11.360741064560528 3
    endloop
  endfacet
  facet normal 0 0 1
    outer loop
      vertex 85 3 3
      vertex 80 11.25 3
      vertex 79.57578987528483 11.277804200535115 3
    endloop
  endfacet
  facet normal 0 0 1
    outer loop
      vertex 85 3 3
      vertex 80.42421012471517 11.277804200535115 3
      vertex 80 11.25 3
    endloop
  endfacet
  facet normal 0 0 1
    outer loop
      vertex 85 3 3
      vertex 80.84116189658319 11.360741064560528 3
      vertex 80.42421012471517 11.277804200535115 3
    endloop
  endfacet
  facet normal 0 0 1
    outer loop
      vertex 85 3 3
      vertex 81.24372115518653 11.497391519338318 3
      vertex 80.84116189658319 11.360741064560528 3
    endloop
  endfacet
  facet normal 0 0 1
    outer loop
      vertex 85 3 3
      vertex 81.625 11.685417437700576 3
      vertex 81.24372115518653 11.497391519338318 3
    endloop
  endfacet
  facet normal 0 0 1
    outer loop
      vertex 85 3 3
      vertex 81.97847464427834 11.921601644053485 3
      vertex 81.625 11.685417437700576 3
    endloop
  endfacet
  facet normal 0 0 1
    outer loop
      vertex 85 3 3
      vertex 82.29809703885628 12.20190296114372 3
      vertex 81.97847464427834 11.921601644053485 3
    endloop
  endfacet
  facet normal 0 0 1
    outer loop
      vertex 85 3 3
      vertex 82.57839835594652 12.521525355721657 3
      vertex 82.29809703885628 12.20190296114372 3
    endloop
  endfacet
  facet normal 0 0 1
    outer loop
      vertex 85 3 3
      vertex 82.81458256229942 12.875 3
      vertex 82.57839835594652 12.521525355721657 3
    endloop
  endfacet
  facet normal 0 0 1
    outer loop
      vertex 85 3 3
      vertex 83.00260848066168 13.256278844813458 3
      vertex 82.81458256229942 12.875 3
    endloop
  endfacet
  facet normal 0 0 1
    outer loop
      vertex 85 3 3
      vertex 83.13925893543947 13.658838103416807 3
      vertex 83.00260848066168 13.256278844813458 3
    endloop
  endfacet
  facet normal 0 0 1
    outer loop
      vertex 85 3 3
      vertex 83.22219579946488 14.075789875284832 3
      vertex 83.13925893543947 13.658838103416807 3
    endloop
  endfacet
  facet normal 0 0 1
    outer loop
      vertex 85 3 3
      vertex 83.25 14.5 3
      vertex 83.22219579946488 14.075789875284832 3
    endloop
  endfacet
  facet normal 0 0 -1
    outer loop
      vertex 32.33646475863328 15.755703574175788 0
      vertex 80.16968404988607 40.21112168021405 0
      vertex 79.35 15.62583302491977 0
    endloop
  endfacet
  facet normal 1 0 0
    outer loop
      vertex 85 3 0
      vertex 85 53 0
      vertex 85 3 3
    endloop
  endfacet
  facet normal 0 0 -1
    outer loop
      vertex 85 3 0
      vertex 81.28887831978595 14.330315950113933 0
      vertex 85 53 0
    endloop
  endfacet
  facet normal 0 0 -1
    outer loop
      vertex 85 53 0
      vertex 80.91923881554251 15.419238815542512 0
      vertex 80.79138985771134 15.531359342378606 0
    endloop
  endfacet
  facet normal 0 0 -1
    outer loop
      vertex 85 53 0
      vertex 81.03135934237861 15.291389857711337 0
      vertex 80.91923881554251 15.419238815542512 0
    endloop
  endfacet
  facet normal 0 0 -1
    outer loop
      vertex 85 53 0
      vertex 81.28887831978595 14.330315950113933 0
      vertex 81.3 14.5 0
    endloop
  endfacet
  facet normal 0 0 -1
    outer loop
      vertex 85 53 0
      vertex 81.3 14.5 0
      vertex 81.28887831978595 14.669684049886067 0
    endloop
  endfacet
  facet normal 0 0 -1
    outer loop
      vertex 85 53 0
      vertex 81.28887831978595 14.669684049886067 0
      vertex 81.25570357417578 14.836464758633277 0
    endloop
  endfacet
  facet normal 0 0 -1
    outer loop
      vertex 85 53 0
      vertex 81.25570357417578 14.836464758633277 0
      vertex 81.20104339226468 14.997488462074617 0
    endloop
  endfacet
  facet normal 0 0 -1
    outer loop
      vertex 85 53 0
      vertex 81.20104339226468 14.997488462074617 0
      vertex 81.12583302491977 15.15 0
    endloop
  endfacet
  facet normal 0 0 -1
    outer loop
      vertex 85 53 0
      vertex 81.12583302491977 15.15 0
      vertex 81.03135934237861 15.291389857711337 0
    endloop
  endfacet
  facet normal 0 0 1
    outer loop
      vertex 85 3 3
      vertex 83.25 41.5 3
      vertex 83.25 14.5 3
    endloop
  endfacet
  facet normal 0 0 1
    outer loop
      vertex 78.75627884481347 17.50260848066168 3
      vertex 79.15883810341681 17.63925893543947 3
      vertex 78.75627884481347 38.497391519338315 3
    endloop
  endfacet
  facet normal 0 0 1
    outer loop
      vertex 79.15883810341681 17.63925893543947 3
      vertex 79.57578987528483 17.722195799464885 3
      vertex 79.15883810341681 38.36074106456053 3
    endloop
  endfacet
  facet normal 0 0 1
    outer loop
      vertex 81.625 17.314582562299424 3
      vertex 81.24372115518653 38.497391519338315 3
      vertex 81.24372115518653 17.50260848066168 3
    endloop
  endfacet
  facet normal 0 0 1
    outer loop
      vertex 81.625 17.314582562299424 3
      vertex 81.97847464427834 17.078398355946515 3
      vertex 81.625 38.68541743770057 3
    endloop
  endfacet
  facet normal 0 0 1
    outer loop
      vertex 82.29809703885628 16.79809703885628 3
      vertex 81.97847464427834 38.92160164405349 3
      vertex 81.97847464427834 17.078398355946515 3
    endloop
  endfacet
  facet normal 0 0 1
    outer loop
      vertex 83.25 14.5 3
      vertex 83.22219579946488 41.07578987528483 3
      vertex 83.22219579946488 14.924210124715168 3
    endloop
  endfacet
  facet normal 0 0 1
    outer loop
      vertex 82.81458256229942 16.125 3
      vertex 82.57839835594652 39.52152535572166 3
      vertex 82.57839835594652 16.478474644278343 3
    endloop
  endfacet
  facet normal 0 0 1
    outer loop
      vertex 83.00260848066168 15.743721155186542 3
      vertex 82.81458256229942 39.875 3
      vertex 82.81458256229942 16.125 3
    endloop
  endfacet
  facet normal 0 0 1
    outer loop
      vertex 82.29809703885628 16.79809703885628 3
      vertex 82.57839835594652 16.478474644278343 3
      vertex 82.29809703885628 39.20190296114372 3
    endloop
  endfacet
  facet normal 0 0 1
    outer loop
      vertex 83.22219579946488 14.924210124715168 3
      vertex 83.13925893543947 40.658838103416805 3
      vertex 83.13925893543947 15.341161896583193 3
    endloop
  endfacet
  facet normal 0 0 1
    outer loop
      vertex 83.00260848066168 15.743721155186542 3
      vertex 83.13925893543947 15.341161896583193 3
      vertex 83.00260848066168 40.25627884481346 3
    endloop
  endfacet
  facet normal 0 0 1
    outer loop
      vertex 79.57578987528483 17.722195799464885 3
      vertex 80 17.75 3
      vertex 79.57578987528483 38.277804200535115 3
    endloop
  endfacet
  facet normal 0 0 1
    outer loop
      vertex 80 17.75 3
      vertex 80.42421012471517 17.722195799464885 3
      vertex 80 38.25 3
    endloop
  endfacet
  facet normal 0 0 1
    outer loop
      vertex 80.42421012471517 17.722195799464885 3
      vertex 80.84116189658319 17.63925893543947 3
      vertex 80.42421012471517 38.277804200535115 3
    endloop
  endfacet
  facet normal 0 0 1
    outer loop
      vertex 80.84116189658319 17.63925893543947 3
      vertex 81.24372115518653 17.50260848066168 3
      vertex 80.84116189658319 38.36074106456053 3
    endloop
  endfacet
  facet normal 0 0 -1
    outer loop
      vertex 84.89777747541666 53.77645713835955 0
      vertex 3.124712384601345 4.9005924481191485 0
      vertex 57 47 0
    endloop
  endfacet
  facet normal 0 0 -1
    outer loop
      vertex 4.225 4.755736835487436 0
      vertex 78.96864065762139 40.70861014228866 0
      vertex 79.08076118445749 40.58076118445749 0
    endloop
  endfacet
  facet normal 0 0 -1
    outer loop
      vertex 4.225 4.755736835487436 0
      vertex 78.87416697508023 40.85 0
      vertex 78.96864065762139 40.70861014228866 0
    endloop
  endfacet
  facet normal 0 0 -1
    outer loop
      vertex 4.225 4.755736835487436 0
      vertex 78.79895660773532 41.002511537925386 0
      vertex 78.87416697508023 40.85 0
    endloop
  endfacet
  facet normal 0 0 -1
    outer loop
      vertex 4.225 4.755736835487436 0
      vertex 79.20861014228866 40.46864065762139 0
      vertex 79.35 40.37416697508023 0
    endloop
  endfacet
  facet normal 0 0 -1
    outer loop
      vertex 4.225 4.755736835487436 0
      vertex 79.08076118445749 40.58076118445749 0
      vertex 79.20861014228866 40.46864065762139 0
    endloop
  endfacet
  facet normal 0 0 -1
    outer loop
      vertex 4.225 4.755736835487436 0
      vertex 79.35 40.37416697508023 0
      vertex 79.50251153792539 40.29895660773533 0
    endloop
  endfacet
  facet normal 0 0 -1
    outer loop
      vertex 4.225 4.755736835487436 0
      vertex 78.74429642582422 41.16353524136672 0
      vertex 78.79895660773532 41.002511537925386 0
    endloop
  endfacet
  facet normal 0 0 -1
    outer loop
      vertex 4.225 4.755736835487436 0
      vertex 78.71112168021405 41.330315950113935 0
      vertex 78.74429642582422 41.16353524136672 0
    endloop
  endfacet
  facet normal 0 0 -1
    outer loop
      vertex 4.225 4.755736835487436 0
      vertex 78.7 41.5 0
      vertex 78.71112168021405 41.330315950113935 0
    endloop
  endfacet
  facet normal 0 0 -1
    outer loop
      vertex 4.225 4.755736835487436 0
      vertex 78.71112168021405 41.669684049886065 0
      vertex 78.7 41.5 0
    endloop
  endfacet
  facet normal 0 0 -1
    outer loop
      vertex 4.225 4.755736835487436 0
      vertex 78.74429642582422 41.83646475863328 0
      vertex 78.71112168021405 41.669684049886065 0
    endloop
  endfacet
  facet normal 0 0 -1
    outer loop
      vertex 4.225 4.755736835487436 0
      vertex 78.79895660773532 41.997488462074614 0
      vertex 78.74429642582422 41.83646475863328 0
    endloop
  endfacet
  facet normal 0 0 -1
    outer loop
      vertex 4.225 4.755736835487436 0
      vertex 78.87416697508023 42.15 0
      vertex 78.79895660773532 41.997488462074614 0
    endloop
  endfacet
  facet normal 0 0 -1
    outer loop
      vertex 4.225 4.755736835487436 0
      vertex 79.50251153792539 40.29895660773533 0
      vertex 79.66353524136672 40.24429642582421 0
    endloop
  endfacet
  facet normal 0 0 -1
    outer loop
      vertex 4.225 4.755736835487436 0
      vertex 79.66353524136672 40.24429642582421 0
      vertex 79.83031595011393 40.21112168021405 0
    endloop
  endfacet
  facet normal 0 0 -1
    outer loop
      vertex 4.225 4.755736835487436 0
      vertex 79.83031595011393 40.21112168021405 0
      vertex 80 40.2 0
    endloop
  endfacet
  facet normal 0 0 -1
    outer loop
      vertex 4.225 4.755736835487436 0
      vertex 80 40.2 0
      vertex 80.16968404988607 40.21112168021405 0
    endloop
  endfacet
  facet normal 0 0 -1
    outer loop
      vertex 85 53 0
      vertex 78.87416697508023 42.15 0
      vertex 4.225 4.755736835487436 0
    endloop
  endfacet
  facet normal 0 0 -1
    outer loop
      vertex 84.97433458268642 53.39157857745886 0
      vertex 3.124712384601345 4.9005924481191485 0
      vertex 84.89777747541666 53.77645713835955 0
    endloop
  endfacet
  facet normal 0 0 -1
    outer loop
      vertex 85 53 0
      vertex 3.689262978719075 4.937595048992025 0
      vertex 84.97433458268642 53.39157857745886 0
    endloop
  endfacet
  facet normal 0 0 1
    outer loop
      vertex 77.70190296114372 43.79809703885628 3
      vertex 78.02152535572166 44.07839835594651 3
      vertex 4.525304832720494 4.525304832720494 3
    endloop
  endfacet
  facet normal 0 0 1
    outer loop
      vertex 78.02152535572166 44.07839835594651 3
      vertex 85 53 3
      vertex 4.382704072062645 4.650362343422291 3
    endloop
  endfacet
  facet normal 0 0 1
    outer loop
      vertex 33.24372115518654 17.50260848066168 3
      vertex 76.99739151933832 40.25627884481346 3
      vertex 76.86074106456053 40.658838103416805 3
    endloop
  endfacet
  facet normal 0 0 1
    outer loop
      vertex 33.24372115518654 17.50260848066168 3
      vertex 76.86074106456053 40.658838103416805 3
      vertex 76.77780420053512 41.07578987528483 3
    endloop
  endfacet
  facet normal 0 0 1
    outer loop
      vertex 33.24372115518654 17.50260848066168 3
      vertex 78.02152535572166 38.92160164405349 3
      vertex 77.70190296114372 39.20190296114372 3
    endloop
  endfacet
  facet normal 0 0 1
    outer loop
      vertex 33.24372115518654 17.50260848066168 3
      vertex 77.42160164405348 39.52152535572166 3
      vertex 77.18541743770058 39.875 3
    endloop
  endfacet
  facet normal 0 0 1
    outer loop
      vertex 33.24372115518654 17.50260848066168 3
      vertex 77.70190296114372 39.20190296114372 3
      vertex 77.42160164405348 39.52152535572166 3
    endloop
  endfacet
  facet normal 0 0 1
    outer loop
      vertex 33.24372115518654 17.50260848066168 3
      vertex 78.375 38.68541743770057 3
      vertex 78.02152535572166 38.92160164405349 3
    endloop
  endfacet
  facet normal 0 0 1
    outer loop
      vertex 33.24372115518654 17.50260848066168 3
      vertex 78.75627884481347 38.497391519338315 3
      vertex 78.375 38.68541743770057 3
    endloop
  endfacet
  facet normal 0 0 1
    outer loop
      vertex 33.24372115518654 17.50260848066168 3
      vertex 77.18541743770058 39.875 3
      vertex 76.99739151933832 40.25627884481346 3
    endloop
  endfacet
  facet normal 0 0 1
    outer loop
      vertex 33.24372115518654 17.50260848066168 3
      vertex 76.77780420053512 41.07578987528483 3
      vertex 76.75 41.5 3
    endloop
  endfacet
  facet normal 0 0 1
    outer loop
      vertex 33.24372115518654 17.50260848066168 3
      vertex 76.75 41.5 3
      vertex 76.77780420053512 41.92421012471517 3
    endloop
  endfacet
  facet normal 0 0 1
    outer loop
      vertex 33.24372115518654 17.50260848066168 3
      vertex 76.77780420053512 41.92421012471517 3
      vertex 76.86074106456053 42.341161896583195 3
    endloop
  endfacet
  facet normal 0 0 1
    outer loop
      vertex 32.841161896583195 17.63925893543947 3
      vertex 76.86074106456053 42.341161896583195 3
      vertex 76.99739151933832 42.74372115518654 3
    endloop
  endfacet
  facet normal 0 0 1
    outer loop
      vertex 32.42421012471517 17.722195799464885 3
      vertex 76.99739151933832 42.74372115518654 3
      vertex 77.18541743770058 43.125 3
    endloop
  endfacet
  facet normal 0 0 1
    outer loop
      vertex 32 17.75 3
      vertex 77.18541743770058 43.125 3
      vertex 77.42160164405348 43.47847464427834 3
    endloop
  endfacet
  facet normal 0 0 1
    outer loop
      vertex 31.575789875284833 17.722195799464885 3
      vertex 77.42160164405348 43.47847464427834 3
      vertex 77.70190296114372 43.79809703885628 3
    endloop
  endfacet
  facet normal 0 0 1
    outer loop
      vertex 84.97433458268642 53.39157857745886 3
      vertex 84.89777747541666 53.77645713835955 3
      vertex 3.310737021280925 4.937595048992025 3
    endloop
  endfacet
  facet normal 0 0 1
    outer loop
      vertex 85 53 3
      vertex 84.97433458268642 53.39157857745886 3
      vertex 3.875287615398655 4.9005924481191485 3
    endloop
  endfacet
  facet normal 0 0 -1
    outer loop
      vertex 57 56 0
      vertex 60.05 52.5 0
      vertex 57 47 0
    endloop
  endfacet
  facet normal 0 0 -1
    outer loop
      vertex 57 47 0
      vertex 60.617295927937356 51.34963765657771 0
      vertex 60.775 51.24426316451257 0
    endloop
  endfacet
  facet normal 0 0 -1
    outer loop
      vertex 57 47 0
      vertex 60.775 51.24426316451257 0
      vertex 60.94510902307062 51.160374677858634 0
    endloop
  endfacet
  facet normal 0 0 -1
    outer loop
      vertex 57 47 0
      vertex 60.94510902307062 51.160374677858634 0
      vertex 61.124712384601345 51.09940755188085 0
    endloop
  endfacet
  facet normal 0 0 -1
    outer loop
      vertex 57 47 0
      vertex 60.09940755188085 52.124712384601345 0
      vertex 60.160374677858634 51.94510902307062 0
    endloop
  endfacet
  facet normal 0 0 -1
    outer loop
      vertex 57 47 0
      vertex 60.06240495100798 52.31073702128093 0
      vertex 60.09940755188085 52.124712384601345 0
    endloop
  endfacet
  facet normal 0 0 -1
    outer loop
      vertex 57 47 0
      vertex 60.05 52.5 0
      vertex 60.06240495100798 52.31073702128093 0
    endloop
  endfacet
  facet normal 0 0 -1
    outer loop
      vertex 57 47 0
      vertex 60.474695167279506 51.474695167279506 0
      vertex 60.617295927937356 51.34963765657771 0
    endloop
  endfacet
  facet normal 0 0 -1
    outer loop
      vertex 57 47 0
      vertex 60.34963765657771 51.617295927937356 0
      vertex 60.474695167279506 51.474695167279506 0
    endloop
  endfacet
  facet normal 0 0 -1
    outer loop
      vertex 57 47 0
      vertex 60.24426316451257 51.775 0
      vertex 60.34963765657771 51.617295927937356 0
    endloop
  endfacet
  facet normal 0 0 -1
    outer loop
      vertex 57 47 0
      vertex 60.160374677858634 51.94510902307062 0
      vertex 60.24426316451257 51.775 0
    endloop
  endfacet
  facet normal 0 0 -1
    outer loop
      vertex 57 47 0
      vertex 61.124712384601345 51.09940755188085 0
      vertex 61.31073702128093 51.06240495100798 0
    endloop
  endfacet
  facet normal 0 0 -1
    outer loop
      vertex 57 47 0
      vertex 61.31073702128093 51.06240495100798 0
      vertex 61.5 51.05 0
    endloop
  endfacet
  facet normal 0 0 -1
    outer loop
      vertex 57 47 0
      vertex 61.5 51.05 0
      vertex 61.68926297871907 51.06240495100798 0
    endloop
  endfacet
  facet normal 0 0 -1
    outer loop
      vertex 57 47 0
      vertex 61.68926297871907 51.06240495100798 0
      vertex 61.875287615398655 51.09940755188085 0
    endloop
  endfacet
  facet normal 0 0 -1
    outer loop
      vertex 57 47 0
      vertex 61.875287615398655 51.09940755188085 0
      vertex 62.05489097692938 51.160374677858634 0
    endloop
  endfacet
  facet normal 0 0 -1
    outer loop
      vertex 57 56 0
      vertex 60.06240495100798 52.68926297871907 0
      vertex 60.05 52.5 0
    endloop
  endfacet
  facet normal 0 0 -1
    outer loop
      vertex 57 56 0
      vertex 60.09940755188085 52.875287615398655 0
      vertex 60.06240495100798 52.68926297871907 0
    endloop
  endfacet
  facet normal 0 0 -1
    outer loop
      vertex 57 56 0
      vertex 60.160374677858634 53.05489097692938 0
      vertex 60.09940755188085 52.875287615398655 0
    endloop
  endfacet
  facet normal 0 0 -1
    outer loop
      vertex 57 56 0
      vertex 60.24426316451257 53.225 0
      vertex 60.160374677858634 53.05489097692938 0
    endloop
  endfacet
  facet normal 0 0 -1
    outer loop
      vertex 57 56 0
      vertex 60.34963765657771 53.382704072062644 0
      vertex 60.24426316451257 53.225 0
    endloop
  endfacet
  facet normal 0 0 -1
    outer loop
      vertex 57 56 0
      vertex 60.474695167279506 53.525304832720494 0
      vertex 60.34963765657771 53.382704072062644 0
    endloop
  endfacet
  facet normal 0 0 -1
    outer loop
      vertex 57 56 0
      vertex 60.617295927937356 53.65036234342229 0
      vertex 60.474695167279506 53.525304832720494 0
    endloop
  endfacet
  facet normal 0 0 -1
    outer loop
      vertex 57 56 0
      vertex 60.775 53.75573683548743 0
      vertex 60.617295927937356 53.65036234342229 0
    endloop
  endfacet
  facet normal 0 0 -1
    outer loop
      vertex 57 56 0
      vertex 60.94510902307062 53.839625322141366 0
      vertex 60.775 53.75573683548743 0
    endloop
  endfacet
  facet normal 0 0 -1
    outer loop
      vertex 57 56 0
      vertex 61.124712384601345 53.90059244811915 0
      vertex 60.94510902307062 53.839625322141366 0
    endloop
  endfacet
  facet normal 0 0 -1
    outer loop
      vertex 57 56 0
      vertex 61.31073702128093 53.93759504899202 0
      vertex 61.124712384601345 53.90059244811915 0
    endloop
  endfacet
  facet normal 0 0 -1
    outer loop
      vertex 57 56 0
      vertex 61.5 53.95 0
      vertex 61.31073702128093 53.93759504899202 0
    endloop
  endfacet
  facet normal 0 0 1
    outer loop
      vertex 34.29809703885628 39.20190296114372 3
      vertex 84.89777747541666 53.77645713835955 3
      vertex 34.57839835594651 39.52152535572166 3
    endloop
  endfacet
  facet normal 0 0 1
    outer loop
      vertex 34.57839835594651 39.52152535572166 3
      vertex 84.89777747541666 53.77645713835955 3
      vertex 34.81458256229943 39.875 3
    endloop
  endfacet
  facet normal 0 0 1
    outer loop
      vertex 34.81458256229943 39.875 3
      vertex 84.89777747541666 53.77645713835955 3
      vertex 35.002608480661685 40.25627884481346 3
    endloop
  endfacet
  facet normal 0 0 1
    outer loop
      vertex 35.002608480661685 40.25627884481346 3
      vertex 84.89777747541666 53.77645713835955 3
      vertex 35.13925893543947 40.658838103416805 3
    endloop
  endfacet
  facet normal 0 0 1
    outer loop
      vertex 35.13925893543947 40.658838103416805 3
      vertex 84.89777747541666 53.77645713835955 3
      vertex 35.222195799464885 41.07578987528483 3
    endloop
  endfacet
  facet normal 0 0 1
    outer loop
      vertex 35.222195799464885 41.07578987528483 3
      vertex 84.89777747541666 53.77645713835955 3
      vertex 35.25 41.5 3
    endloop
  endfacet
  facet normal 0 0 1
    outer loop
      vertex 35.25 41.5 3
      vertex 84.89777747541666 53.77645713835955 3
      vertex 57 47 3
    endloop
  endfacet
  facet normal 0 0 1
    outer loop
      vertex 57 47 3
      vertex 60.05 52.5 3
      vertex 57 56 3
    endloop
  endfacet
  facet normal 0 0 1
    outer loop
      vertex 57 47 3
      vertex 60.775 51.24426316451257 3
      vertex 60.617295927937356 51.34963765657771 3
    endloop
  endfacet
  facet normal 0 0 1
    outer loop
      vertex 57 47 3
      vertex 60.94510902307062 51.160374677858634 3
      vertex 60.775 51.24426316451257 3
    endloop
  endfacet
  facet normal 0 0 1
    outer loop
      vertex 57 47 3
      vertex 61.124712384601345 51.09940755188085 3
      vertex 60.94510902307062 51.160374677858634 3
    endloop
  endfacet
  facet normal 0 0 1
    outer loop
      vertex 57 47 3
      vertex 60.160374677858634 51.94510902307062 3
      vertex 60.09940755188085 52.124712384601345 3
    endloop
  endfacet
  facet normal 0 0 1
    outer loop
      vertex 57 47 3
      vertex 60.09940755188085 52.124712384601345 3
      vertex 60.06240495100798 52.31073702128093 3
    endloop
  endfacet
  facet normal 0 0 1
    outer loop
      vertex 57 47 3
      vertex 60.06240495100798 52.31073702128093 3
      vertex 60.05 52.5 3
    endloop
  endfacet
  facet normal 0 0 1
    outer loop
      vertex 57 47 3
      vertex 60.617295927937356 51.34963765657771 3
      vertex 60.474695167279506 51.474695167279506 3
    endloop
  endfacet
  facet normal 0 0 1
    outer loop
      vertex 57 47 3
      vertex 60.474695167279506 51.474695167279506 3
      vertex 60.34963765657771 51.617295927937356 3
    endloop
  endfacet
  facet normal 0 0 1
    outer loop
      vertex 57 47 3
      vertex 60.34963765657771 51.617295927937356 3
      vertex 60.24426316451257 51.775 3
    endloop
  endfacet
  facet normal 0 0 1
    outer loop
      vertex 57 47 3
      vertex 60.24426316451257 51.775 3
      vertex 60.160374677858634 51.94510902307062 3
    endloop
  endfacet
  facet normal 0 0 1
    outer loop
      vertex 57 47 3
      vertex 61.31073702128093 51.06240495100798 3
      vertex 61.124712384601345 51.09940755188085 3
    endloop
  endfacet
  facet normal 0 0 1
    outer loop
      vertex 57 47 3
      vertex 61.5 51.05 3
      vertex 61.31073702128093 51.06240495100798 3
    endloop
  endfacet
  facet normal 0 0 1
    outer loop
      vertex 57 47 3
      vertex 61.68926297871907 51.06240495100798 3
      vertex 61.5 51.05 3
    endloop
  endfacet
  facet normal 0 0 1
    outer loop
      vertex 57 56 3
      vertex 60.05 52.5 3
      vertex 60.06240495100798 52.68926297871907 3
    endloop
  endfacet
  facet normal 0 0 1
    outer loop
      vertex 57 56 3
      vertex 60.06240495100798 52.68926297871907 3
      vertex 60.09940755188085 52.875287615398655 3
    endloop
  endfacet
  facet normal 0 0 1
    outer loop
      vertex 57 56 3
      vertex 60.09940755188085 52.875287615398655 3
      vertex 60.160374677858634 53.05489097692938 3
    endloop
  endfacet
  facet normal 0 0 1
    outer loop
      vertex 57 56 3
      vertex 60.160374677858634 53.05489097692938 3
      vertex 60.24426316451257 53.225 3
    endloop
  endfacet
  facet normal 0 0 1
    outer loop
      vertex 57 56 3
      vertex 60.24426316451257 53.225 3
      vertex 60.34963765657771 53.382704072062644 3
    endloop
  endfacet
  facet normal 0 0 1
    outer loop
      vertex 57 56 3
      vertex 60.34963765657771 53.382704072062644 3
      vertex 60.474695167279506 53.525304832720494 3
    endloop
  endfacet
  facet normal 0 0 1
    outer loop
      vertex 57 56 3
      vertex 60.474695167279506 53.525304832720494 3
      vertex 60.617295927937356 53.65036234342229 3
    endloop
  endfacet
  facet normal 0 0 1
    outer loop
      vertex 57 56 3
      vertex 60.617295927937356 53.65036234342229 3
      vertex 60.775 53.75573683548743 3
    endloop
  endfacet
  facet normal 0 0 1
    outer loop
      vertex 57 56 3
      vertex 60.775 53.75573683548743 3
      vertex 60.94510902307062 53.839625322141366 3
    endloop
  endfacet
  facet normal 0 0 1
    outer loop
      vertex 57 56 3
      vertex 60.94510902307062 53.839625322141366 3
      vertex 61.124712384601345 53.90059244811915 3
    endloop
  endfacet
  facet normal 0 0 1
    outer loop
      vertex 57 56 3
      vertex 61.124712384601345 53.90059244811915 3
      vertex 61.31073702128093 53.93759504899202 3
    endloop
  endfacet
  facet normal 0 0 1
    outer loop
      vertex 61.5 53.95 3
      vertex 57 56 3
      vertex 61.31073702128093 53.93759504899202 3
    endloop
  endfacet
  facet normal 0 0 -1
    outer loop
      vertex 85 53 0
      vertex 79.50251153792539 15.701043392264673 0
      vertex 79.35 15.62583302491977 0
    endloop
  endfacet
  facet normal 0 0 -1
    outer loop
      vertex 85 53 0
      vertex 79.66353524136672 15.755703574175788 0
      vertex 79.50251153792539 15.701043392264673 0
    endloop
  endfacet
  facet normal 0 0 -1
    outer loop
      vertex 85 53 0
      vertex 79.83031595011393 15.788878319785953 0
      vertex 79.66353524136672 15.755703574175788 0
    endloop
  endfacet
  facet normal 0 0 -1
    outer loop
      vertex 85 53 0
      vertex 80 15.8 0
      vertex 79.83031595011393 15.788878319785953 0
    endloop
  endfacet
  facet normal 0 0 -1
    outer loop
      vertex 85 53 0
      vertex 80.16968404988607 15.788878319785953 0
      vertex 80 15.8 0
    endloop
  endfacet
  facet normal 0 0 -1
    outer loop
      vertex 85 53 0
      vertex 80.33646475863328 15.755703574175788 0
      vertex 80.16968404988607 15.788878319785953 0
    endloop
  endfacet
  facet normal 0 0 -1
    outer loop
      vertex 85 53 0
      vertex 80.49748846207461 15.701043392264673 0
      vertex 80.33646475863328 15.755703574175788 0
    endloop
  endfacet
  facet normal 0 0 -1
    outer loop
      vertex 85 53 0
      vertex 80.65 15.62583302491977 0
      vertex 80.49748846207461 15.701043392264673 0
    endloop
  endfacet
  facet normal 0 0 -1
    outer loop
      vertex 85 53 0
      vertex 80.79138985771134 15.531359342378606 0
      vertex 80.65 15.62583302491977 0
    endloop
  endfacet
  facet normal 0 0 -1
    outer loop
      vertex 79.35 15.62583302491977 0
      vertex 80.16968404988607 40.21112168021405 0
      vertex 80.33646475863328 40.24429642582421 0
    endloop
  endfacet
  facet normal 0 0 -1
    outer loop
      vertex 79.35 15.62583302491977 0
      vertex 80.33646475863328 40.24429642582421 0
      vertex 80.49748846207461 40.29895660773533 0
    endloop
  endfacet
  facet normal 0 0 -1
    outer loop
      vertex 79.35 15.62583302491977 0
      vertex 80.49748846207461 40.29895660773533 0
      vertex 80.65 40.37416697508023 0
    endloop
  endfacet
  facet normal 0 0 -1
    outer loop
      vertex 79.35 15.62583302491977 0
      vertex 80.65 40.37416697508023 0
      vertex 80.79138985771134 40.46864065762139 0
    endloop
  endfacet
  facet normal 0 0 -1
    outer loop
      vertex 79.35 15.62583302491977 0
      vertex 80.79138985771134 40.46864065762139 0
      vertex 80.91923881554251 40.58076118445749 0
    endloop
  endfacet
  facet normal 0 0 -1
    outer loop
      vertex 79.35 15.62583302491977 0
      vertex 80.91923881554251 40.58076118445749 0
      vertex 81.03135934237861 40.70861014228866 0
    endloop
  endfacet
  facet normal 0 0 -1
    outer loop
      vertex 79.35 15.62583302491977 0
      vertex 81.03135934237861 40.70861014228866 0
      vertex 81.12583302491977 40.85 0
    endloop
  endfacet
  facet normal 0 0 -1
    outer loop
      vertex 79.35 15.62583302491977 0
      vertex 81.12583302491977 40.85 0
      vertex 81.20104339226468 41.002511537925386 0
    endloop
  endfacet
  facet normal 0 0 -1
    outer loop
      vertex 79.35 15.62583302491977 0
      vertex 81.20104339226468 41.002511537925386 0
      vertex 81.25570357417578 41.16353524136672 0
    endloop
  endfacet
  facet normal 0 0 -1
    outer loop
      vertex 79.35 15.62583302491977 0
      vertex 81.25570357417578 41.16353524136672 0
      vertex 81.28887831978595 41.330315950113935 0
    endloop
  endfacet
  facet normal 0 0 -1
    outer loop
      vertex 85 53 0
      vertex 79.35 15.62583302491977 0
      vertex 81.28887831978595 41.330315950113935 0
    endloop
  endfacet
  facet normal 0 0 1
    outer loop
      vertex 79.15883810341681 17.63925893543947 3
      vertex 79.15883810341681 38.36074106456053 3
      vertex 78.75627884481347 38.497391519338315 3
    endloop
  endfacet
  facet normal 0 0 1
    outer loop
      vertex 79.57578987528483 17.722195799464885 3
      vertex 79.57578987528483 38.277804200535115 3
      vertex 79.15883810341681 38.36074106456053 3
    endloop
  endfacet
  facet normal 0 0 1
    outer loop
      vertex 80 17.75 3
      vertex 80 38.25 3
      vertex 79.57578987528483 38.277804200535115 3
    endloop
  endfacet
  facet normal 0 0 1
    outer loop
      vertex 80.42421012471517 17.722195799464885 3
      vertex 80.42421012471517 38.277804200535115 3
      vertex 80 38.25 3
    endloop
  endfacet
  facet normal 0 0 1
    outer loop
      vertex 80.84116189658319 17.63925893543947 3
      vertex 80.84116189658319 38.36074106456053 3
      vertex 80.42421012471517 38.277804200535115 3
    endloop
  endfacet
  facet normal 0 0 1
    outer loop
      vertex 81.24372115518653 17.50260848066168 3
      vertex 81.24372115518653 38.497391519338315 3
      vertex 80.84116189658319 38.36074106456053 3
    endloop
  endfacet
  facet normal 0 0 1
    outer loop
      vertex 81.625 17.314582562299424 3
      vertex 81.625 38.68541743770057 3
      vertex 81.24372115518653 38.497391519338315 3
    endloop
  endfacet
  facet normal 0 0 1
    outer loop
      vertex 81.97847464427834 17.078398355946515 3
      vertex 81.97847464427834 38.92160164405349 3
      vertex 81.625 38.68541743770057 3
    endloop
  endfacet
  facet normal 0 0 1
    outer loop
      vertex 82.29809703885628 16.79809703885628 3
      vertex 82.29809703885628 39.20190296114372 3
      vertex 81.97847464427834 38.92160164405349 3
    endloop
  endfacet
  facet normal 0 0 1
    outer loop
      vertex 82.57839835594652 16.478474644278343 3
      vertex 82.57839835594652 39.52152535572166 3
      vertex 82.29809703885628 39.20190296114372 3
    endloop
  endfacet
  facet normal 0 0 1
    outer loop
      vertex 82.81458256229942 16.125 3
      vertex 82.81458256229942 39.875 3
      vertex 82.57839835594652 39.52152535572166 3
    endloop
  endfacet
  facet normal 0 0 1
    outer loop
      vertex 83.00260848066168 15.743721155186542 3
      vertex 83.00260848066168 40.25627884481346 3
      vertex 82.81458256229942 39.875 3
    endloop
  endfacet
  facet normal 0 0 1
    outer loop
      vertex 83.13925893543947 15.341161896583193 3
      vertex 83.13925893543947 40.658838103416805 3
      vertex 83.00260848066168 40.25627884481346 3
    endloop
  endfacet
  facet normal 0 0 1
    outer loop
      vertex 83.22219579946488 14.924210124715168 3
      vertex 83.22219579946488 41.07578987528483 3
      vertex 83.13925893543947 40.658838103416805 3
    endloop
  endfacet
  facet normal 0 0 1
    outer loop
      vertex 83.25 14.5 3
      vertex 83.25 41.5 3
      vertex 83.22219579946488 41.07578987528483 3
    endloop
  endfacet
  facet normal 0 0 1
    outer loop
      vertex 85 3 3
      vertex 85 53 3
      vertex 83.25 41.5 3
    endloop
  endfacet
  facet normal 1 0 0
    outer loop
      vertex 85 3 3
      vertex 85 53 0
      vertex 85 53 3
    endloop
  endfacet
  facet normal 0 0 -1
    outer loop
      vertex 84.89777747541666 53.77645713835955 0
      vertex 57 47 0
      vertex 62.05489097692938 51.160374677858634 0
    endloop
  endfacet
  facet normal 0 0 -1
    outer loop
      vertex 84.59807620942593 54.5 0
      vertex 61.5 53.95 0
      vertex 57 56 0
    endloop
  endfacet
  facet normal 0 0 -1
    outer loop
      vertex 84.89777747541666 53.77645713835955 0
      vertex 62.05489097692938 51.160374677858634 0
      vertex 62.225 51.24426316451257 0
    endloop
  endfacet
  facet normal 0 0 -1
    outer loop
      vertex 84.89777747541666 53.77645713835955 0
      vertex 62.225 51.24426316451257 0
      vertex 62.382704072062644 51.34963765657771 0
    endloop
  endfacet
  facet normal 0 0 -1
    outer loop
      vertex 84.89777747541666 53.77645713835955 0
      vertex 62.382704072062644 51.34963765657771 0
      vertex 62.525304832720494 51.474695167279506 0
    endloop
  endfacet
  facet normal 0 0 -1
    outer loop
      vertex 84.89777747541666 53.77645713835955 0
      vertex 62.525304832720494 51.474695167279506 0
      vertex 62.65036234342229 51.617295927937356 0
    endloop
  endfacet
  facet normal 0 0 -1
    outer loop
      vertex 84.89777747541666 53.77645713835955 0
      vertex 62.65036234342229 51.617295927937356 0
      vertex 62.75573683548743 51.775 0
    endloop
  endfacet
  facet normal 0 0 -1
    outer loop
      vertex 84.89777747541666 53.77645713835955 0
      vertex 62.75573683548743 51.775 0
      vertex 62.839625322141366 51.94510902307062 0
    endloop
  endfacet
  facet normal 0 0 -1
    outer loop
      vertex 84.89777747541666 53.77645713835955 0
      vertex 62.839625322141366 51.94510902307062 0
      vertex 62.90059244811915 52.124712384601345 0
    endloop
  endfacet
  facet normal 0 0 -1
    outer loop
      vertex 84.89777747541666 53.77645713835955 0
      vertex 62.90059244811915 52.124712384601345 0
      vertex 62.93759504899202 52.31073702128093 0
    endloop
  endfacet
  facet normal 0 0 -1
    outer loop
      vertex 84.89777747541666 53.77645713835955 0
      vertex 62.93759504899202 52.31073702128093 0
      vertex 62.95 52.5 0
    endloop
  endfacet
  facet normal 0 0 -1
    outer loop
      vertex 84.89777747541666 53.77645713835955 0
      vertex 62.95 52.5 0
      vertex 62.93759504899202 52.68926297871907 0
    endloop
  endfacet
  facet normal 0 0 -1
    outer loop
      vertex 84.89777747541666 53.77645713835955 0
      vertex 62.93759504899202 52.68926297871907 0
      vertex 62.90059244811915 52.875287615398655 0
    endloop
  endfacet
  facet normal 0 0 -1
    outer loop
      vertex 84.89777747541666 53.77645713835955 0
      vertex 62.90059244811915 52.875287615398655 0
      vertex 62.839625322141366 53.05489097692938 0
    endloop
  endfacet
  facet normal 0 0 -1
    outer loop
      vertex 84.89777747541666 53.77645713835955 0
      vertex 62.839625322141366 53.05489097692938 0
      vertex 62.75573683548743 53.225 0
    endloop
  endfacet
  facet normal 0 0 -1
    outer loop
      vertex 84.77163859456778 54.14805030077696 0
      vertex 61.68926297871907 53.93759504899202 0
      vertex 61.5 53.95 0
    endloop
  endfacet
  facet normal 0 0 -1
    outer loop
      vertex 84.77163859456778 54.14805030077696 0
      vertex 61.875287615398655 53.90059244811915 0
      vertex 61.68926297871907 53.93759504899202 0
    endloop
  endfacet
  facet normal 0 0 -1
    outer loop
      vertex 84.77163859456778 54.14805030077696 0
      vertex 62.225 53.75573683548743 0
      vertex 62.05489097692938 53.839625322141366 0
    endloop
  endfacet
  facet normal 0 0 -1
    outer loop
      vertex 84.77163859456778 54.14805030077696 0
      vertex 62.05489097692938 53.839625322141366 0
      vertex 61.875287615398655 53.90059244811915 0
    endloop
  endfacet
  facet normal 0 0 -1
    outer loop
      vertex 84.89777747541666 53.77645713835955 0
      vertex 62.65036234342229 53.382704072062644 0
      vertex 62.525304832720494 53.525304832720494 0
    endloop
  endfacet
  facet normal 0 0 -1
    outer loop
      vertex 84.89777747541666 53.77645713835955 0
      vertex 62.525304832720494 53.525304832720494 0
      vertex 62.382704072062644 53.65036234342229 0
    endloop
  endfacet
  facet normal 0 0 -1
    outer loop
      vertex 84.89777747541666 53.77645713835955 0
      vertex 62.75573683548743 53.225 0
      vertex 62.65036234342229 53.382704072062644 0
    endloop
  endfacet
  facet normal 0 0 -1
    outer loop
      vertex 84.77163859456778 54.14805030077696 0
      vertex 62.382704072062644 53.65036234342229 0
      vertex 62.225 53.75573683548743 0
    endloop
  endfacet
  facet normal 0 0 -1
    outer loop
      vertex 82 56 0
      vertex 82.39157857745886 55.974334582686424 0
      vertex 57 56 0
    endloop
  endfacet
  facet normal 0 0 -1
    outer loop
      vertex 82.39157857745886 55.974334582686424 0
      vertex 82.77645713835955 55.89777747541666 0
      vertex 57 56 0
    endloop
  endfacet
  facet normal 0 0 -1
    outer loop
      vertex 82.77645713835955 55.89777747541666 0
      vertex 83.14805030077696 55.771638594567776 0
      vertex 57 56 0
    endloop
  endfacet
  facet normal 0 1 0
    outer loop
      vertex 82 56 0
      vertex 57 56 0
      vertex 57 56 3
    endloop
  endfacet
  facet normal 0 0 -1
    outer loop
      vertex 85 53 0
      vertex 81.28887831978595 41.330315950113935 0
      vertex 81.3 41.5 0
    endloop
  endfacet
  facet normal 0 0 -1
    outer loop
      vertex 85 53 0
      vertex 81.3 41.5 0
      vertex 81.28887831978595 41.669684049886065 0
    endloop
  endfacet
  facet normal 0 0 -1
    outer loop
      vertex 85 53 0
      vertex 78.96864065762139 42.29138985771134 0
      vertex 78.87416697508023 42.15 0
    endloop
  endfacet
  facet normal 0 0 -1
    outer loop
      vertex 85 53 0
      vertex 79.08076118445749 42.41923881554251 0
      vertex 78.96864065762139 42.29138985771134 0
    endloop
  endfacet
  facet normal 0 0 -1
    outer loop
      vertex 85 53 0
      vertex 79.20861014228866 42.53135934237861 0
      vertex 79.08076118445749 42.41923881554251 0
    endloop
  endfacet
  facet normal 0 0 -1
    outer loop
      vertex 85 53 0
      vertex 79.35 42.62583302491977 0
      vertex 79.20861014228866 42.53135934237861 0
    endloop
  endfacet
  facet normal 0 0 -1
    outer loop
      vertex 85 53 0
      vertex 79.50251153792539 42.70104339226467 0
      vertex 79.35 42.62583302491977 0
    endloop
  endfacet
  facet normal 0 0 -1
    outer loop
      vertex 85 53 0
      vertex 79.66353524136672 42.75570357417579 0
      vertex 79.50251153792539 42.70104339226467 0
    endloop
  endfacet
  facet normal 0 0 -1
    outer loop
      vertex 85 53 0
      vertex 79.83031595011393 42.78887831978595 0
      vertex 79.66353524136672 42.75570357417579 0
    endloop
  endfacet
  facet normal 0 0 -1
    outer loop
      vertex 85 53 0
      vertex 80 42.8 0
      vertex 79.83031595011393 42.78887831978595 0
    endloop
  endfacet
  facet normal 0 0 -1
    outer loop
      vertex 85 53 0
      vertex 81.03135934237861 42.29138985771134 0
      vertex 80.91923881554251 42.41923881554251 0
    endloop
  endfacet
  facet normal 0 0 -1
    outer loop
      vertex 85 53 0
      vertex 80.49748846207461 42.70104339226467 0
      vertex 80.33646475863328 42.75570357417579 0
    endloop
  endfacet
  facet normal 0 0 -1
    outer loop
      vertex 85 53 0
      vertex 80.16968404988607 42.78887831978595 0
      vertex 80 42.8 0
    endloop
  endfacet
  facet normal 0 0 -1
    outer loop
      vertex 85 53 0
      vertex 80.33646475863328 42.75570357417579 0
      vertex 80.16968404988607 42.78887831978595 0
    endloop
  endfacet
  facet normal 0 0 -1
    outer loop
      vertex 85 53 0
      vertex 80.65 42.62583302491977 0
      vertex 80.49748846207461 42.70104339226467 0
    endloop
  endfacet
  facet normal 0 0 -1
    outer loop
      vertex 85 53 0
      vertex 80.79138985771134 42.53135934237861 0
      vertex 80.65 42.62583302491977 0
    endloop
  endfacet
  facet normal 0 0 -1
    outer loop
      vertex 85 53 0
      vertex 80.91923881554251 42.41923881554251 0
      vertex 80.79138985771134 42.53135934237861 0
    endloop
  endfacet
  facet normal 0 0 -1
    outer loop
      vertex 85 53 0
      vertex 81.25570357417578 41.83646475863328 0
      vertex 81.20104339226468 41.997488462074614 0
    endloop
  endfacet
  facet normal 0 0 -1
    outer loop
      vertex 85 53 0
      vertex 81.20104339226468 41.997488462074614 0
      vertex 81.12583302491977 42.15 0
    endloop
  endfacet
  facet normal 0 0 -1
    outer loop
      vertex 85 53 0
      vertex 81.28887831978595 41.669684049886065 0
      vertex 81.25570357417578 41.83646475863328 0
    endloop
  endfacet
  facet normal 0 0 -1
    outer loop
      vertex 85 53 0
      vertex 81.12583302491977 42.15 0
      vertex 81.03135934237861 42.29138985771134 0
    endloop
  endfacet
  facet normal 0 0 -1
    outer loop
      vertex 84.77163859456778 54.14805030077696 0
      vertex 61.5 53.95 0
      vertex 84.59807620942593 54.5 0
    endloop
  endfacet
  facet normal 0 0 -1
    outer loop
      vertex 84.59807620942593 54.5 0
      vertex 57 56 0
      vertex 84.3800600245595 54.826284289360046 0
    endloop
  endfacet
  facet normal 0 0 -1
    outer loop
      vertex 84.1213203445077 55.121320344507694 0
      vertex 57 56 0
      vertex 83.82628428936005 55.3800600245595 0
    endloop
  endfacet
  facet normal 0 0 -1
    outer loop
      vertex 83.14805030077696 55.771638594567776 0
      vertex 83.5 55.598076209425926 0
      vertex 57 56 0
    endloop
  endfacet
  facet normal 0 0 -1
    outer loop
      vertex 83.5 55.598076209425926 0
      vertex 83.82628428936005 55.3800600245595 0
      vertex 57 56 0
    endloop
  endfacet
  facet normal 0 0 -1
    outer loop
      vertex 84.1213203445077 55.121320344507694 0
      vertex 84.3800600245595 54.826284289360046 0
      vertex 57 56 0
    endloop
  endfacet
  facet normal 0 0 -1
    outer loop
      vertex 84.89777747541666 53.77645713835955 0
      vertex 62.382704072062644 53.65036234342229 0
      vertex 84.77163859456778 54.14805030077696 0
    endloop
  endfacet
  facet normal 0.06540313273849395 0.9978589230086541 0
    outer loop
      vertex 82 56 0
      vertex 82.39157857745886 55.974334582686424 3
      vertex 82.39157857745886 55.974334582686424 0
    endloop
  endfacet
  facet normal 0.9978589230086541 0.06540313273849395 0
    outer loop
      vertex 85 53 0
      vertex 84.97433458268642 53.39157857745886 0
      vertex 85 53 3
    endloop
  endfacet
  facet normal 0.9807852796390061 0.19509032585814412 0
    outer loop
      vertex 84.97433458268642 53.39157857745886 0
      vertex 84.89777747541666 53.77645713835955 0
      vertex 84.97433458268642 53.39157857745886 3
    endloop
  endfacet
  facet normal 0.9469301300366789 0.3214394637077385 0
    outer loop
      vertex 84.89777747541666 53.77645713835955 0
      vertex 84.77163859456778 54.14805030077696 0
      vertex 84.89777747541666 53.77645713835955 3
    endloop
  endfacet
  facet normal 0.19509032585814412 0.9807852796390061 0
    outer loop
      vertex 82.39157857745886 55.974334582686424 0
      vertex 82.77645713835955 55.89777747541666 3
      vertex 82.77645713835955 55.89777747541666 0
    endloop
  endfacet
  facet normal 0.3214394637077385 0.9469301300366789 0
    outer loop
      vertex 82.77645713835955 55.89777747541666 0
      vertex 83.14805030077696 55.771638594567776 3
      vertex 83.14805030077696 55.771638594567776 0
    endloop
  endfacet
  facet normal 0.4422886918115197 0.8968727407473451 0
    outer loop
      vertex 83.14805030077696 55.771638594567776 0
      vertex 83.5 55.598076209425926 3
      vertex 83.5 55.598076209425926 0
    endloop
  endfacet
  facet normal 0.7518398024852507 0.6593458207943228 0
    outer loop
      vertex 84.1213203445077 55.121320344507694 0
      vertex 84.3800600245595 54.826284289360046 3
      vertex 84.3800600245595 54.826284289360046 0
    endloop
  endfacet
  facet normal 0.8314696207458843 0.5555702203832522 0
    outer loop
      vertex 84.59807620942593 54.5 0
      vertex 84.3800600245595 54.826284289360046 0
      vertex 84.59807620942593 54.5 3
    endloop
  endfacet
  facet normal 0.8968727407473451 0.4422886918115197 0
    outer loop
      vertex 84.77163859456778 54.14805030077696 0
      vertex 84.59807620942593 54.5 0
      vertex 84.77163859456778 54.14805030077696 3
    endloop
  endfacet
  facet normal 0.5555702203832522 0.8314696207458843 0
    outer loop
      vertex 83.5 55.598076209425926 0
      vertex 83.82628428936005 55.3800600245595 3
      vertex 83.82628428936005 55.3800600245595 0
    endloop
  endfacet
  facet normal 0.6593458207943228 0.7518398024852507 0
    outer loop
      vertex 84.1213203445077 55.121320344507694 0
      vertex 83.82628428936005 55.3800600245595 0
      vertex 84.1213203445077 55.121320344507694 3
    endloop
  endfacet
  facet normal 0 1 0
    outer loop
      vertex 82 56 0
      vertex 57 56 3
      vertex 82 56 3
    endloop
  endfacet
  facet normal 0 0 1
    outer loop
      vertex 84.89777747541666 53.77645713835955 3
      vertex 61.68926297871907 51.06240495100798 3
      vertex 57 47 3
    endloop
  endfacet
  facet normal 0 0 1
    outer loop
      vertex 84.59807620942593 54.5 3
      vertex 57 56 3
      vertex 61.5 53.95 3
    endloop
  endfacet
  facet normal 0 0 1
    outer loop
      vertex 84.89777747541666 53.77645713835955 3
      vertex 61.875287615398655 51.09940755188085 3
      vertex 61.68926297871907 51.06240495100798 3
    endloop
  endfacet
  facet normal 0 0 1
    outer loop
      vertex 84.89777747541666 53.77645713835955 3
      vertex 62.05489097692938 51.160374677858634 3
      vertex 61.875287615398655 51.09940755188085 3
    endloop
  endfacet
  facet normal 0 0 1
    outer loop
      vertex 84.89777747541666 53.77645713835955 3
      vertex 62.225 51.24426316451257 3
      vertex 62.05489097692938 51.160374677858634 3
    endloop
  endfacet
  facet normal 0 0 1
    outer loop
      vertex 84.89777747541666 53.77645713835955 3
      vertex 62.382704072062644 51.34963765657771 3
      vertex 62.225 51.24426316451257 3
    endloop
  endfacet
  facet normal 0 0 1
    outer loop
      vertex 84.89777747541666 53.77645713835955 3
      vertex 62.525304832720494 51.474695167279506 3
      vertex 62.382704072062644 51.34963765657771 3
    endloop
  endfacet
  facet normal 0 0 1
    outer loop
      vertex 84.89777747541666 53.77645713835955 3
      vertex 62.65036234342229 51.617295927937356 3
      vertex 62.525304832720494 51.474695167279506 3
    endloop
  endfacet
  facet normal 0 0 1
    outer loop
      vertex 84.89777747541666 53.77645713835955 3
      vertex 62.75573683548743 51.775 3
      vertex 62.65036234342229 51.617295927937356 3
    endloop
  endfacet
  facet normal 0 0 1
    outer loop
      vertex 84.89777747541666 53.77645713835955 3
      vertex 62.839625322141366 51.94510902307062 3
      vertex 62.75573683548743 51.775 3
    endloop
  endfacet
  facet normal 0 0 1
    outer loop
      vertex 84.89777747541666 53.77645713835955 3
      vertex 62.90059244811915 52.124712384601345 3
      vertex 62.839625322141366 51.94510902307062 3
    endloop
  endfacet
  facet normal 0 0 1
    outer loop
      vertex 84.89777747541666 53.77645713835955 3
      vertex 62.93759504899202 52.31073702128093 3
      vertex 62.90059244811915 52.124712384601345 3
    endloop
  endfacet
  facet normal 0 0 1
    outer loop
      vertex 84.89777747541666 53.77645713835955 3
      vertex 62.95 52.5 3
      vertex 62.93759504899202 52.31073702128093 3
    endloop
  endfacet
  facet normal 0 0 1
    outer loop
      vertex 84.89777747541666 53.77645713835955 3
      vertex 62.93759504899202 52.68926297871907 3
      vertex 62.95 52.5 3
    endloop
  endfacet
  facet normal 0 0 1
    outer loop
      vertex 84.89777747541666 53.77645713835955 3
      vertex 62.90059244811915 52.875287615398655 3
      vertex 62.93759504899202 52.68926297871907 3
    endloop
  endfacet
  facet normal 0 0 1
    outer loop
      vertex 84.89777747541666 53.77645713835955 3
      vertex 62.839625322141366 53.05489097692938 3
      vertex 62.90059244811915 52.875287615398655 3
    endloop
  endfacet
  facet normal 0 0 1
    outer loop
      vertex 84.89777747541666 53.77645713835955 3
      vertex 62.75573683548743 53.225 3
      vertex 62.839625322141366 53.05489097692938 3
    endloop
  endfacet
  facet normal 0 0 1
    outer loop
      vertex 84.59807620942593 54.5 3
      vertex 61.5 53.95 3
      vertex 61.68926297871907 53.93759504899202 3
    endloop
  endfacet
  facet normal 0 0 1
    outer loop
      vertex 84.77163859456778 54.14805030077696 3
      vertex 61.68926297871907 53.93759504899202 3
      vertex 61.875287615398655 53.90059244811915 3
    endloop
  endfacet
  facet normal 0 0 1
    outer loop
      vertex 84.77163859456778 54.14805030077696 3
      vertex 62.05489097692938 53.839625322141366 3
      vertex 62.225 53.75573683548743 3
    endloop
  endfacet
  facet normal 0 0 1
    outer loop
      vertex 84.77163859456778 54.14805030077696 3
      vertex 61.875287615398655 53.90059244811915 3
      vertex 62.05489097692938 53.839625322141366 3
    endloop
  endfacet
  facet normal 0 0 1
    outer loop
      vertex 84.89777747541666 53.77645713835955 3
      vertex 62.525304832720494 53.525304832720494 3
      vertex 62.65036234342229 53.382704072062644 3
    endloop
  endfacet
  facet normal 0 0 1
    outer loop
      vertex 84.77163859456778 54.14805030077696 3
      vertex 62.382704072062644 53.65036234342229 3
      vertex 62.525304832720494 53.525304832720494 3
    endloop
  endfacet
  facet normal 0 0 1
    outer loop
      vertex 84.89777747541666 53.77645713835955 3
      vertex 62.65036234342229 53.382704072062644 3
      vertex 62.75573683548743 53.225 3
    endloop
  endfacet
  facet normal 0 0 1
    outer loop
      vertex 84.77163859456778 54.14805030077696 3
      vertex 62.225 53.75573683548743 3
      vertex 62.382704072062644 53.65036234342229 3
    endloop
  endfacet
  facet normal 0 0 1
    outer loop
      vertex 82 56 3
      vertex 57 56 3
      vertex 82.39157857745886 55.974334582686424 3
    endloop
  endfacet
  facet normal 0 0 1
    outer loop
      vertex 82.39157857745886 55.974334582686424 3
      vertex 57 56 3
      vertex 82.77645713835955 55.89777747541666 3
    endloop
  endfacet
  facet normal 0 0 1
    outer loop
      vertex 82.77645713835955 55.89777747541666 3
      vertex 57 56 3
      vertex 83.14805030077696 55.771638594567776 3
    endloop
  endfacet
  facet normal 0 0 1
    outer loop
      vertex 83.25 41.5 3
      vertex 85 53 3
      vertex 83.22219579946488 41.92421012471517 3
    endloop
  endfacet
  facet normal 0 0 1
    outer loop
      vertex 78.02152535572166 44.07839835594651 3
      vertex 78.375 44.31458256229943 3
      vertex 85 53 3
    endloop
  endfacet
  facet normal 0 0 1
    outer loop
      vertex 78.375 44.31458256229943 3
      vertex 78.75627884481347 44.502608480661685 3
      vertex 85 53 3
    endloop
  endfacet
  facet normal 0 0 1
    outer loop
      vertex 78.75627884481347 44.502608480661685 3
      vertex 79.15883810341681 44.63925893543947 3
      vertex 85 53 3
    endloop
  endfacet
  facet normal 0 0 1
    outer loop
      vertex 79.15883810341681 44.63925893543947 3
      vertex 79.57578987528483 44.722195799464885 3
      vertex 85 53 3
    endloop
  endfacet
  facet normal 0 0 1
    outer loop
      vertex 79.57578987528483 44.722195799464885 3
      vertex 80 44.75 3
      vertex 85 53 3
    endloop
  endfacet
  facet normal 0 0 1
    outer loop
      vertex 80 44.75 3
      vertex 80.42421012471517 44.722195799464885 3
      vertex 85 53 3
    endloop
  endfacet
  facet normal 0 0 1
    outer loop
      vertex 80.42421012471517 44.722195799464885 3
      vertex 80.84116189658319 44.63925893543947 3
      vertex 85 53 3
    endloop
  endfacet
  facet normal 0 0 1
    outer loop
      vertex 83.00260848066168 42.74372115518654 3
      vertex 85 53 3
      vertex 82.81458256229942 43.125 3
    endloop
  endfacet
  facet normal 0 0 1
    outer loop
      vertex 81.625 44.31458256229943 3
      vertex 81.97847464427834 44.07839835594651 3
      vertex 85 53 3
    endloop
  endfacet
  facet normal 0 0 1
    outer loop
      vertex 82.29809703885628 43.79809703885628 3
      vertex 82.57839835594652 43.47847464427834 3
      vertex 85 53 3
    endloop
  endfacet
  facet normal 0 0 1
    outer loop
      vertex 82.81458256229942 43.125 3
      vertex 85 53 3
      vertex 82.57839835594652 43.47847464427834 3
    endloop
  endfacet
  facet normal 0 0 1
    outer loop
      vertex 81.97847464427834 44.07839835594651 3
      vertex 82.29809703885628 43.79809703885628 3
      vertex 85 53 3
    endloop
  endfacet
  facet normal 0 0 1
    outer loop
      vertex 83.22219579946488 41.92421012471517 3
      vertex 85 53 3
      vertex 83.13925893543947 42.341161896583195 3
    endloop
  endfacet
  facet normal 0 0 1
    outer loop
      vertex 83.00260848066168 42.74372115518654 3
      vertex 83.13925893543947 42.341161896583195 3
      vertex 85 53 3
    endloop
  endfacet
  facet normal 0 0 1
    outer loop
      vertex 80.84116189658319 44.63925893543947 3
      vertex 81.24372115518653 44.502608480661685 3
      vertex 85 53 3
    endloop
  endfacet
  facet normal 0 0 1
    outer loop
      vertex 81.24372115518653 44.502608480661685 3
      vertex 81.625 44.31458256229943 3
      vertex 85 53 3
    endloop
  endfacet
  facet normal 0.06540313273849395 0.9978589230086541 0
    outer loop
      vertex 82 56 0
      vertex 82 56 3
      vertex 82.39157857745886 55.974334582686424 3
    endloop
  endfacet
  facet normal 0.9978589230086541 0.06540313273849395 0
    outer loop
      vertex 84.97433458268642 53.39157857745886 0
      vertex 84.97433458268642 53.39157857745886 3
      vertex 85 53 3
    endloop
  endfacet
  facet normal 0.9807852796390061 0.19509032585814412 0
    outer loop
      vertex 84.89777747541666 53.77645713835955 0
      vertex 84.89777747541666 53.77645713835955 3
      vertex 84.97433458268642 53.39157857745886 3
    endloop
  endfacet
  facet normal 0.9469301300366789 0.3214394637077385 0
    outer loop
      vertex 84.77163859456778 54.14805030077696 0
      vertex 84.77163859456778 54.14805030077696 3
      vertex 84.89777747541666 53.77645713835955 3
    endloop
  endfacet
  facet normal 0.19509032585814412 0.9807852796390061 0
    outer loop
      vertex 82.39157857745886 55.974334582686424 0
      vertex 82.39157857745886 55.974334582686424 3
      vertex 82.77645713835955 55.89777747541666 3
    endloop
  endfacet
  facet normal 0.3214394637077385 0.9469301300366789 0
    outer loop
      vertex 82.77645713835955 55.89777747541666 0
      vertex 82.77645713835955 55.89777747541666 3
      vertex 83.14805030077696 55.771638594567776 3
    endloop
  endfacet
  facet normal 0.5555702203832522 0.8314696207458843 0
    outer loop
      vertex 83.5 55.598076209425926 0
      vertex 83.5 55.598076209425926 3
      vertex 83.82628428936005 55.3800600245595 3
    endloop
  endfacet
  facet normal 0.4422886918115197 0.8968727407473451 0
    outer loop
      vertex 83.14805030077696 55.771638594567776 0
      vertex 83.14805030077696 55.771638594567776 3
      vertex 83.5 55.598076209425926 3
    endloop
  endfacet
  facet normal 0.7518398024852507 0.6593458207943228 0
    outer loop
      vertex 84.1213203445077 55.121320344507694 0
      vertex 84.1213203445077 55.121320344507694 3
      vertex 84.3800600245595 54.826284289360046 3
    endloop
  endfacet
  facet normal 0.8968727407473451 0.4422886918115197 0
    outer loop
      vertex 84.59807620942593 54.5 0
      vertex 84.59807620942593 54.5 3
      vertex 84.77163859456778 54.14805030077696 3
    endloop
  endfacet
  facet normal 0.8314696207458843 0.5555702203832522 0
    outer loop
      vertex 84.3800600245595 54.826284289360046 0
      vertex 84.3800600245595 54.826284289360046 3
      vertex 84.59807620942593 54.5 3
    endloop
  endfacet
  facet normal 0.6593458207943228 0.7518398024852507 0
    outer loop
      vertex 83.82628428936005 55.3800600245595 0
      vertex 83.82628428936005 55.3800600245595 3
      vertex 84.1213203445077 55.121320344507694 3
    endloop
  endfacet
  facet normal 0 0 1
    outer loop
      vertex 84.77163859456778 54.14805030077696 3
      vertex 84.59807620942593 54.5 3
      vertex 61.68926297871907 53.93759504899202 3
    endloop
  endfacet
  facet normal 0 0 1
    outer loop
      vertex 84.59807620942593 54.5 3
      vertex 84.3800600245595 54.826284289360046 3
      vertex 57 56 3
    endloop
  endfacet
  facet normal 0 0 1
    outer loop
      vertex 84.1213203445077 55.121320344507694 3
      vertex 83.82628428936005 55.3800600245595 3
      vertex 57 56 3
    endloop
  endfacet
  facet normal 0 0 1
    outer loop
      vertex 83.14805030077696 55.771638594567776 3
      vertex 57 56 3
      vertex 83.5 55.598076209425926 3
    endloop
  endfacet
  facet normal 0 0 1
    outer loop
      vertex 83.5 55.598076209425926 3
      vertex 57 56 3
      vertex 83.82628428936005 55.3800600245595 3
    endloop
  endfacet
  facet normal 0 0 1
    outer loop
      vertex 84.1213203445077 55.121320344507694 3
      vertex 57 56 3
      vertex 84.3800600245595 54.826284289360046 3
    endloop
  endfacet
  facet normal 0 0 1
    outer loop
      vertex 84.89777747541666 53.77645713835955 3
      vertex 84.77163859456778 54.14805030077696 3
      vertex 62.525304832720494 53.525304832720494 3
    endloop
  endfacet
  facet normal 0.7518398074789759 0.6593458151000706 0
    outer loop
      vertex 2.349637656577709 2.617295927937355 3
      vertex 2.4746951672795063 2.4746951672795063 0
      vertex 2.349637656577709 2.617295927937355 0
    endloop
  endfacet
  facet normal 0.6593458151000706 0.7518398074789759 1.866139344729169e-18
    outer loop
      vertex 2.617295927937355 2.349637656577709 0
      vertex 2.4746951672795063 2.4746951672795063 0
      vertex 2.4746951672795063 2.4746951672795063 3
    endloop
  endfacet
  facet normal 0.8314696123025457 0.5555702330196016 0
    outer loop
      vertex 2.244263164512564 2.775 3
      vertex 2.349637656577709 2.617295927937355 0
      vertex 2.244263164512564 2.775 0
    endloop
  endfacet
  facet normal 0.8968727415326876 0.4422886902190026 0
    outer loop
      vertex 2.160374677858634 2.9451090230706196 3
      vertex 2.244263164512564 2.775 0
      vertex 2.160374677858634 2.9451090230706196 0
    endloop
  endfacet
  facet normal 0.9469301294951062 0.32143946530316025 0
    outer loop
      vertex 2.099407551880851 3.124712384601345 3
      vertex 2.160374677858634 2.9451090230706196 0
      vertex 2.099407551880851 3.124712384601345 0
    endloop
  endfacet
  facet normal 0.9807852804032303 0.19509032201612875 0
    outer loop
      vertex 2.062404951007975 3.310737021280925 3
      vertex 2.099407551880851 3.124712384601345 0
      vertex 2.062404951007975 3.310737021280925 0
    endloop
  endfacet
  facet normal 0.9978589232386036 0.06540312923014416 -3.0169749392983543e-19
    outer loop
      vertex 2.062404951007975 3.310737021280925 0
      vertex 2.05 3.5 0
      vertex 2.05 3.5 3
    endloop
  endfacet
  facet normal 0.32143946530316025 0.9469301294951062 0
    outer loop
      vertex 2.9451090230706196 2.160374677858634 0
      vertex 2.9451090230706196 2.160374677858634 3
      vertex 3.124712384601345 2.099407551880851 0
    endloop
  endfacet
  facet normal 0.19509032201612875 0.9807852804032303 0
    outer loop
      vertex 3.124712384601345 2.099407551880851 0
      vertex 3.124712384601345 2.099407551880851 3
      vertex 3.310737021280925 2.062404951007975 0
    endloop
  endfacet
  facet normal 0.5555702330196016 0.8314696123025457 0
    outer loop
      vertex 2.617295927937355 2.349637656577709 3
      vertex 2.775 2.244263164512564 0
      vertex 2.617295927937355 2.349637656577709 0
    endloop
  endfacet
  facet normal 0.4422886902190026 0.8968727415326876 0
    outer loop
      vertex 2.775 2.244263164512564 0
      vertex 2.775 2.244263164512564 3
      vertex 2.9451090230706196 2.160374677858634 0
    endloop
  endfacet
  facet normal 0.06540312923014416 0.9978589232386036 0
    outer loop
      vertex 3.310737021280925 2.062404951007975 0
      vertex 3.310737021280925 2.062404951007975 3
      vertex 3.5 2.05 0
    endloop
  endfacet
  facet normal -0.06540312923014416 0.9978589232386036 0
    outer loop
      vertex 3.5 2.05 0
      vertex 3.5 2.05 3
      vertex 3.689262978719075 2.062404951007975 0
    endloop
  endfacet
  facet normal -0.19509032201612875 0.9807852804032303 0
    outer loop
      vertex 3.689262978719075 2.062404951007975 0
      vertex 3.689262978719075 2.062404951007975 3
      vertex 3.875287615398655 2.099407551880851 0
    endloop
  endfacet
  facet normal -0.32143946530316025 0.9469301294951062 0
    outer loop
      vertex 3.875287615398655 2.099407551880851 0
      vertex 3.875287615398655 2.099407551880851 3
      vertex 4.05489097692938 2.160374677858634 0
    endloop
  endfacet
  facet normal -0.4422886902190035 0.8968727415326871 0
    outer loop
      vertex 4.05489097692938 2.160374677858634 0
      vertex 4.05489097692938 2.160374677858634 3
      vertex 4.225 2.244263164512564 0
    endloop
  endfacet
  facet normal -0.5555702330196005 0.8314696123025465 3.6716154616036995e-19
    outer loop
      vertex 4.382704072062645 2.349637656577709 0
      vertex 4.225 2.244263164512564 0
      vertex 4.225 2.244263164512564 3
    endloop
  endfacet
  facet normal -0.6593458151000706 0.7518398074789759 0
    outer loop
      vertex 4.382704072062645 2.349637656577709 3
      vertex 4.525304832720494 2.4746951672795063 0
      vertex 4.382704072062645 2.349637656577709 0
    endloop
  endfacet
  facet normal -0.7518398074789759 0.6593458151000706 0
    outer loop
      vertex 4.525304832720494 2.4746951672795063 0
      vertex 4.525304832720494 2.4746951672795063 3
      vertex 4.650362343422291 2.617295927937355 0
    endloop
  endfacet
  facet normal -0.8314696123025446 0.5555702330196032 0
    outer loop
      vertex 4.650362343422291 2.617295927937355 3
      vertex 4.755736835487436 2.775 0
      vertex 4.650362343422291 2.617295927937355 0
    endloop
  endfacet
  facet normal -0.8968727415326885 0.44228869021900064 0
    outer loop
      vertex 4.755736835487436 2.775 3
      vertex 4.839625322141366 2.9451090230706196 0
      vertex 4.755736835487436 2.775 0
    endloop
  endfacet
  facet normal -0.9469301294951068 0.3214394653031581 0
    outer loop
      vertex 4.839625322141366 2.9451090230706196 3
      vertex 4.9005924481191485 3.124712384601345 0
      vertex 4.839625322141366 2.9451090230706196 0
    endloop
  endfacet
  facet normal -0.9807852804032303 0.19509032201612875 0
    outer loop
      vertex 4.9005924481191485 3.124712384601345 3
      vertex 4.937595048992025 3.310737021280925 0
      vertex 4.9005924481191485 3.124712384601345 0
    endloop
  endfacet
  facet normal -0.9978589232386034 0.06540312923014649 0
    outer loop
      vertex 4.937595048992025 3.310737021280925 3
      vertex 4.95 3.5 0
      vertex 4.937595048992025 3.310737021280925 0
    endloop
  endfacet
  facet normal 0.9978589232386036 -0.06540312923014416 3.0169749392983543e-19
    outer loop
      vertex 2.05 3.5 0
      vertex 2.062404951007975 3.689262978719075 0
      vertex 2.062404951007975 3.689262978719075 3
    endloop
  endfacet
  facet normal 0.9807852804032303 -0.19509032201612875 2.0586113601765805e-19
    outer loop
      vertex 2.062404951007975 3.689262978719075 0
      vertex 2.099407551880851 3.875287615398655 0
      vertex 2.099407551880851 3.875287615398655 3
    endloop
  endfacet
  facet normal 0.9469301294951062 -0.32143946530316025 -1.3157052894793305e-18
    outer loop
      vertex 2.099407551880851 3.875287615398655 0
      vertex 2.160374677858634 4.05489097692938 0
      vertex 2.160374677858634 4.05489097692938 3
    endloop
  endfacet
  facet normal 0.8968727415326871 -0.4422886902190035 1.2646808770640066e-18
    outer loop
      vertex 2.160374677858634 4.05489097692938 0
      vertex 2.244263164512564 4.225 0
      vertex 2.244263164512564 4.225 3
    endloop
  endfacet
  facet normal 0.8314696123025465 -0.5555702330196005 3.6716154616036995e-19
    outer loop
      vertex 2.244263164512564 4.225 0
      vertex 2.349637656577709 4.382704072062645 0
      vertex 2.349637656577709 4.382704072062645 3
    endloop
  endfacet
  facet normal 0.7518398074789759 -0.6593458151000706 -1.866139344729169e-18
    outer loop
      vertex 2.349637656577709 4.382704072062645 0
      vertex 2.4746951672795063 4.525304832720494 0
      vertex 2.4746951672795063 4.525304832720494 3
    endloop
  endfacet
  facet normal 0.6593458151000706 -0.7518398074789759 0
    outer loop
      vertex 2.617295927937355 4.650362343422291 0
      vertex 2.617295927937355 4.650362343422291 3
      vertex 2.4746951672795063 4.525304832720494 0
    endloop
  endfacet
  facet normal 0.5555702330196032 -0.8314696123025446 0
    outer loop
      vertex 2.775 4.755736835487436 0
      vertex 2.775 4.755736835487436 3
      vertex 2.617295927937355 4.650362343422291 0
    endloop
  endfacet
  facet normal 0.44228869021900064 -0.8968727415326885 0
    outer loop
      vertex 2.9451090230706196 4.839625322141366 0
      vertex 2.9451090230706196 4.839625322141366 3
      vertex 2.775 4.755736835487436 0
    endloop
  endfacet
  facet normal 0.3214394653031581 -0.9469301294951068 0
    outer loop
      vertex 3.124712384601345 4.9005924481191485 0
      vertex 3.124712384601345 4.9005924481191485 3
      vertex 2.9451090230706196 4.839625322141366 0
    endloop
  endfacet
  facet normal 0.19509032201612875 -0.9807852804032303 0
    outer loop
      vertex 3.310737021280925 4.937595048992025 0
      vertex 3.310737021280925 4.937595048992025 3
      vertex 3.124712384601345 4.9005924481191485 0
    endloop
  endfacet
  facet normal 0.06540312923014649 -0.9978589232386034 0
    outer loop
      vertex 3.5 4.95 0
      vertex 3.5 4.95 3
      vertex 3.310737021280925 4.937595048992025 0
    endloop
  endfacet
  facet normal -0.06540312923014649 -0.9978589232386034 0
    outer loop
      vertex 3.689262978719075 4.937595048992025 0
      vertex 3.689262978719075 4.937595048992025 3
      vertex 3.5 4.95 0
    endloop
  endfacet
  facet normal -0.19509032201612875 -0.9807852804032303 -2.0586113601765805e-19
    outer loop
      vertex 3.689262978719075 4.937595048992025 0
      vertex 3.875287615398655 4.9005924481191485 0
      vertex 3.875287615398655 4.9005924481191485 3
    endloop
  endfacet
  facet normal -0.9978589232386034 -0.06540312923014649 0
    outer loop
      vertex 4.95 3.5 3
      vertex 4.937595048992025 3.689262978719075 0
      vertex 4.95 3.5 0
    endloop
  endfacet
  facet normal -0.9807852804032303 -0.19509032201612875 0
    outer loop
      vertex 4.937595048992025 3.689262978719075 3
      vertex 4.9005924481191485 3.875287615398655 0
      vertex 4.937595048992025 3.689262978719075 0
    endloop
  endfacet
  facet normal -0.9469301294951068 -0.3214394653031581 0
    outer loop
      vertex 4.9005924481191485 3.875287615398655 3
      vertex 4.839625322141366 4.05489097692938 0
      vertex 4.9005924481191485 3.875287615398655 0
    endloop
  endfacet
  facet normal -0.8968727415326883 -0.4422886902190017 0
    outer loop
      vertex 4.839625322141366 4.05489097692938 3
      vertex 4.755736835487436 4.225 0
      vertex 4.839625322141366 4.05489097692938 0
    endloop
  endfacet
  facet normal -0.8314696123025453 -0.5555702330196021 0
    outer loop
      vertex 4.755736835487436 4.225 3
      vertex 4.650362343422291 4.382704072062645 0
      vertex 4.755736835487436 4.225 0
    endloop
  endfacet
  facet normal -0.4422886902190017 -0.8968727415326883 0
    outer loop
      vertex 4.225 4.755736835487436 0
      vertex 4.225 4.755736835487436 3
      vertex 4.05489097692938 4.839625322141366 0
    endloop
  endfacet
  facet normal -0.6593458151000706 -0.7518398074789759 1.866139344729169e-18
    outer loop
      vertex 4.382704072062645 4.650362343422291 0
      vertex 4.525304832720494 4.525304832720494 0
      vertex 4.525304832720494 4.525304832720494 3
    endloop
  endfacet
  facet normal -0.7518398074789759 -0.6593458151000706 0
    outer loop
      vertex 4.650362343422291 4.382704072062645 3
      vertex 4.525304832720494 4.525304832720494 0
      vertex 4.650362343422291 4.382704072062645 0
    endloop
  endfacet
  facet normal -0.5555702330196021 -0.8314696123025453 0
    outer loop
      vertex 4.382704072062645 4.650362343422291 0
      vertex 4.382704072062645 4.650362343422291 3
      vertex 4.225 4.755736835487436 0
    endloop
  endfacet
  facet normal -0.3214394653031581 -0.9469301294951068 0
    outer loop
      vertex 4.05489097692938 4.839625322141366 0
      vertex 4.05489097692938 4.839625322141366 3
      vertex 3.875287615398655 4.9005924481191485 0
    endloop
  endfacet
  facet normal 0.6593458151000706 0.7518398074789759 0
    outer loop
      vertex 2.617295927937355 2.349637656577709 3
      vertex 2.617295927937355 2.349637656577709 0
      vertex 2.4746951672795063 2.4746951672795063 3
    endloop
  endfacet
  facet normal 0.7518398074789759 0.6593458151000706 1.866139344729169e-18
    outer loop
      vertex 2.349637656577709 2.617295927937355 3
      vertex 2.4746951672795063 2.4746951672795063 3
      vertex 2.4746951672795063 2.4746951672795063 0
    endloop
  endfacet
  facet normal 0.8314696123025457 0.5555702330196016 2.60795805138222e-18
    outer loop
      vertex 2.244263164512564 2.775 3
      vertex 2.349637656577709 2.617295927937355 3
      vertex 2.349637656577709 2.617295927937355 0
    endloop
  endfacet
  facet normal 0.8968727415326876 0.4422886902190026 3.3449867455643955e-19
    outer loop
      vertex 2.160374677858634 2.9451090230706196 3
      vertex 2.244263164512564 2.775 3
      vertex 2.244263164512564 2.775 0
    endloop
  endfacet
  facet normal 0.9469301294951062 0.32143946530316025 1.3157052894793305e-18
    outer loop
      vertex 2.099407551880851 3.124712384601345 3
      vertex 2.160374677858634 2.9451090230706196 3
      vertex 2.160374677858634 2.9451090230706196 0
    endloop
  endfacet
  facet normal 0.9807852804032303 0.19509032201612875 -2.0586113601765805e-19
    outer loop
      vertex 2.062404951007975 3.310737021280925 3
      vertex 2.099407551880851 3.124712384601345 3
      vertex 2.099407551880851 3.124712384601345 0
    endloop
  endfacet
  facet normal 0.9978589232386036 0.06540312923014416 -3.0169749392983543e-19
    outer loop
      vertex 2.05 3.5 3
      vertex 2.062404951007975 3.310737021280925 3
      vertex 2.062404951007975 3.310737021280925 0
    endloop
  endfacet
  facet normal 0.32143946530316025 0.9469301294951062 0
    outer loop
      vertex 3.124712384601345 2.099407551880851 0
      vertex 2.9451090230706196 2.160374677858634 3
      vertex 3.124712384601345 2.099407551880851 3
    endloop
  endfacet
  facet normal 0.19509032201612875 0.9807852804032303 0
    outer loop
      vertex 3.310737021280925 2.062404951007975 0
      vertex 3.124712384601345 2.099407551880851 3
      vertex 3.310737021280925 2.062404951007975 3
    endloop
  endfacet
  facet normal 0.5555702330196016 0.8314696123025457 2.60795805138222e-18
    outer loop
      vertex 2.617295927937355 2.349637656577709 3
      vertex 2.775 2.244263164512564 3
      vertex 2.775 2.244263164512564 0
    endloop
  endfacet
  facet normal 0.4422886902190026 0.8968727415326876 0
    outer loop
      vertex 2.9451090230706196 2.160374677858634 0
      vertex 2.775 2.244263164512564 3
      vertex 2.9451090230706196 2.160374677858634 3
    endloop
  endfacet
  facet normal 0.06540312923014416 0.9978589232386036 0
    outer loop
      vertex 3.5 2.05 0
      vertex 3.310737021280925 2.062404951007975 3
      vertex 3.5 2.05 3
    endloop
  endfacet
  facet normal -0.06540312923014416 0.9978589232386036 0
    outer loop
      vertex 3.689262978719075 2.062404951007975 0
      vertex 3.5 2.05 3
      vertex 3.689262978719075 2.062404951007975 3
    endloop
  endfacet
  facet normal -0.19509032201612875 0.9807852804032303 0
    outer loop
      vertex 3.875287615398655 2.099407551880851 0
      vertex 3.689262978719075 2.062404951007975 3
      vertex 3.875287615398655 2.099407551880851 3
    endloop
  endfacet
  facet normal -0.32143946530316025 0.9469301294951062 0
    outer loop
      vertex 4.05489097692938 2.160374677858634 0
      vertex 3.875287615398655 2.099407551880851 3
      vertex 4.05489097692938 2.160374677858634 3
    endloop
  endfacet
  facet normal -0.4422886902190035 0.8968727415326871 0
    outer loop
      vertex 4.225 2.244263164512564 0
      vertex 4.05489097692938 2.160374677858634 3
      vertex 4.225 2.244263164512564 3
    endloop
  endfacet
  facet normal -0.5555702330196005 0.8314696123025465 0
    outer loop
      vertex 4.382704072062645 2.349637656577709 3
      vertex 4.382704072062645 2.349637656577709 0
      vertex 4.225 2.244263164512564 3
    endloop
  endfacet
  facet normal -0.6593458151000706 0.7518398074789759 0
    outer loop
      vertex 4.525304832720494 2.4746951672795063 3
      vertex 4.525304832720494 2.4746951672795063 0
      vertex 4.382704072062645 2.349637656577709 3
    endloop
  endfacet
  facet normal -0.7518398074789759 0.6593458151000706 -1.866139344729169e-18
    outer loop
      vertex 4.525304832720494 2.4746951672795063 3
      vertex 4.650362343422291 2.617295927937355 3
      vertex 4.650362343422291 2.617295927937355 0
    endloop
  endfacet
  facet normal -0.8314696123025446 0.5555702330196032 -1.4731082888736155e-18
    outer loop
      vertex 4.650362343422291 2.617295927937355 3
      vertex 4.755736835487436 2.775 3
      vertex 4.755736835487436 2.775 0
    endloop
  endfacet
  facet normal -0.8968727415326885 0.44228869021900064 1.043781364231537e-18
    outer loop
      vertex 4.755736835487436 2.775 3
      vertex 4.839625322141366 2.9451090230706196 3
      vertex 4.839625322141366 2.9451090230706196 0
    endloop
  endfacet
  facet normal -0.9469301294951068 0.3214394653031581 -1.2500383089169845e-18
    outer loop
      vertex 4.839625322141366 2.9451090230706196 3
      vertex 4.9005924481191485 3.124712384601345 3
      vertex 4.9005924481191485 3.124712384601345 0
    endloop
  endfacet
  facet normal -0.9807852804032303 0.19509032201612875 2.0586113601765805e-19
    outer loop
      vertex 4.9005924481191485 3.124712384601345 3
      vertex 4.937595048992025 3.310737021280925 3
      vertex 4.937595048992025 3.310737021280925 0
    endloop
  endfacet
  facet normal -0.9978589232386034 0.06540312923014649 1.5329531545927614e-19
    outer loop
      vertex 4.937595048992025 3.310737021280925 3
      vertex 4.95 3.5 3
      vertex 4.95 3.5 0
    endloop
  endfacet
  facet normal 0.9978589232386036 -0.06540312923014416 0
    outer loop
      vertex 2.05 3.5 0
      vertex 2.062404951007975 3.689262978719075 3
      vertex 2.05 3.5 3
    endloop
  endfacet
  facet normal 0.9807852804032303 -0.19509032201612875 2.0586113601765805e-19
    outer loop
      vertex 2.099407551880851 3.875287615398655 3
      vertex 2.062404951007975 3.689262978719075 3
      vertex 2.062404951007975 3.689262978719075 0
    endloop
  endfacet
  facet normal 0.9469301294951062 -0.32143946530316025 0
    outer loop
      vertex 2.099407551880851 3.875287615398655 0
      vertex 2.160374677858634 4.05489097692938 3
      vertex 2.099407551880851 3.875287615398655 3
    endloop
  endfacet
  facet normal 0.8968727415326871 -0.4422886902190035 0
    outer loop
      vertex 2.160374677858634 4.05489097692938 0
      vertex 2.244263164512564 4.225 3
      vertex 2.160374677858634 4.05489097692938 3
    endloop
  endfacet
  facet normal 0.8314696123025465 -0.5555702330196005 0
    outer loop
      vertex 2.244263164512564 4.225 0
      vertex 2.349637656577709 4.382704072062645 3
      vertex 2.244263164512564 4.225 3
    endloop
  endfacet
  facet normal 0.7518398074789759 -0.6593458151000706 -1.866139344729169e-18
    outer loop
      vertex 2.4746951672795063 4.525304832720494 3
      vertex 2.349637656577709 4.382704072062645 3
      vertex 2.349637656577709 4.382704072062645 0
    endloop
  endfacet
  facet normal 0.6593458151000706 -0.7518398074789759 0
    outer loop
      vertex 2.4746951672795063 4.525304832720494 0
      vertex 2.617295927937355 4.650362343422291 3
      vertex 2.4746951672795063 4.525304832720494 3
    endloop
  endfacet
  facet normal 0.5555702330196032 -0.8314696123025446 0
    outer loop
      vertex 2.617295927937355 4.650362343422291 0
      vertex 2.775 4.755736835487436 3
      vertex 2.617295927937355 4.650362343422291 3
    endloop
  endfacet
  facet normal 0.44228869021900064 -0.8968727415326885 0
    outer loop
      vertex 2.775 4.755736835487436 0
      vertex 2.9451090230706196 4.839625322141366 3
      vertex 2.775 4.755736835487436 3
    endloop
  endfacet
  facet normal 0.3214394653031581 -0.9469301294951068 0
    outer loop
      vertex 2.9451090230706196 4.839625322141366 0
      vertex 3.124712384601345 4.9005924481191485 3
      vertex 2.9451090230706196 4.839625322141366 3
    endloop
  endfacet
  facet normal 0.19509032201612875 -0.9807852804032303 0
    outer loop
      vertex 3.124712384601345 4.9005924481191485 0
      vertex 3.310737021280925 4.937595048992025 3
      vertex 3.124712384601345 4.9005924481191485 3
    endloop
  endfacet
  facet normal 0.06540312923014649 -0.9978589232386034 0
    outer loop
      vertex 3.310737021280925 4.937595048992025 0
      vertex 3.5 4.95 3
      vertex 3.310737021280925 4.937595048992025 3
    endloop
  endfacet
  facet normal -0.06540312923014649 -0.9978589232386034 0
    outer loop
      vertex 3.5 4.95 0
      vertex 3.689262978719075 4.937595048992025 3
      vertex 3.5 4.95 3
    endloop
  endfacet
  facet normal -0.19509032201612875 -0.9807852804032303 0
    outer loop
      vertex 3.689262978719075 4.937595048992025 0
      vertex 3.875287615398655 4.9005924481191485 3
      vertex 3.689262978719075 4.937595048992025 3
    endloop
  endfacet
  facet normal -0.3214394653031581 -0.9469301294951068 1.2500383089169845e-18
    outer loop
      vertex 4.05489097692938 4.839625322141366 3
      vertex 3.875287615398655 4.9005924481191485 3
      vertex 3.875287615398655 4.9005924481191485 0
    endloop
  endfacet
  facet normal -0.9978589232386034 -0.06540312923014649 -1.5329531545927614e-19
    outer loop
      vertex 4.95 3.5 3
      vertex 4.937595048992025 3.689262978719075 3
      vertex 4.937595048992025 3.689262978719075 0
    endloop
  endfacet
  facet normal -0.9807852804032303 -0.19509032201612875 -2.0586113601765805e-19
    outer loop
      vertex 4.937595048992025 3.689262978719075 3
      vertex 4.9005924481191485 3.875287615398655 3
      vertex 4.9005924481191485 3.875287615398655 0
    endloop
  endfacet
  facet normal -0.9469301294951068 -0.3214394653031581 1.2500383089169845e-18
    outer loop
      vertex 4.9005924481191485 3.875287615398655 3
      vertex 4.839625322141366 4.05489097692938 3
      vertex 4.839625322141366 4.05489097692938 0
    endloop
  endfacet
  facet normal -0.8968727415326883 -0.4422886902190017 4.0572353293308906e-19
    outer loop
      vertex 4.839625322141366 4.05489097692938 3
      vertex 4.755736835487436 4.225 3
      vertex 4.755736835487436 4.225 0
    endloop
  endfacet
  facet normal -0.8314696123025453 -0.5555702330196021 -1.5020113086693149e-18
    outer loop
      vertex 4.755736835487436 4.225 3
      vertex 4.650362343422291 4.382704072062645 3
      vertex 4.650362343422291 4.382704072062645 0
    endloop
  endfacet
  facet normal -0.4422886902190017 -0.8968727415326883 0
    outer loop
      vertex 4.05489097692938 4.839625322141366 0
      vertex 4.225 4.755736835487436 3
      vertex 4.05489097692938 4.839625322141366 3
    endloop
  endfacet
  facet normal -0.5555702330196021 -0.8314696123025453 0
    outer loop
      vertex 4.225 4.755736835487436 0
      vertex 4.382704072062645 4.650362343422291 3
      vertex 4.225 4.755736835487436 3
    endloop
  endfacet
  facet normal -0.7518398074789759 -0.6593458151000706 1.866139344729169e-18
    outer loop
      vertex 4.650362343422291 4.382704072062645 3
      vertex 4.525304832720494 4.525304832720494 3
      vertex 4.525304832720494 4.525304832720494 0
    endloop
  endfacet
  facet normal -0.6593458151000706 -0.7518398074789759 0
    outer loop
      vertex 4.382704072062645 4.650362343422291 0
      vertex 4.525304832720494 4.525304832720494 3
      vertex 4.382704072062645 4.650362343422291 3
    endloop
  endfacet
  facet normal 0.7518398074789779 0.6593458151000683 0
    outer loop
      vertex 2.349637656577709 51.617295927937356 3
      vertex 2.4746951672795063 51.474695167279506 0
      vertex 2.349637656577709 51.617295927937356 0
    endloop
  endfacet
  facet normal 0.65934581510006 0.7518398074789852 0
    outer loop
      vertex 2.4746951672795063 51.474695167279506 3
      vertex 2.617295927937355 51.34963765657771 0
      vertex 2.4746951672795063 51.474695167279506 0
    endloop
  endfacet
  facet normal 0.8314696123025421 0.555570233019607 0
    outer loop
      vertex 2.244263164512564 51.775 3
      vertex 2.349637656577709 51.617295927937356 0
      vertex 2.244263164512564 51.775 0
    endloop
  endfacet
  facet normal 0.8968727415326908 0.4422886902189961 0
    outer loop
      vertex 2.160374677858634 51.94510902307062 3
      vertex 2.244263164512564 51.775 0
      vertex 2.160374677858634 51.94510902307062 0
    endloop
  endfacet
  facet normal 0.9469301294951052 0.3214394653031631 0
    outer loop
      vertex 2.099407551880851 52.124712384601345 3
      vertex 2.160374677858634 51.94510902307062 0
      vertex 2.099407551880851 52.124712384601345 0
    endloop
  endfacet
  facet normal 0.980785280403231 0.19509032201612517 0
    outer loop
      vertex 2.062404951007975 52.31073702128093 3
      vertex 2.099407551880851 52.124712384601345 0
      vertex 2.062404951007975 52.31073702128093 0
    endloop
  endfacet
  facet normal 0.9978589232386034 0.06540312923014537 0
    outer loop
      vertex 2.05 52.5 3
      vertex 2.062404951007975 52.31073702128093 0
      vertex 2.05 52.5 0
    endloop
  endfacet
  facet normal 0.3214394653031581 0.9469301294951068 0
    outer loop
      vertex 2.9451090230706196 51.160374677858634 3
      vertex 3.124712384601345 51.09940755188085 0
      vertex 2.9451090230706196 51.160374677858634 0
    endloop
  endfacet
  facet normal 0.19509032201611975 0.9807852804032322 0
    outer loop
      vertex 3.124712384601345 51.09940755188085 3
      vertex 3.310737021280925 51.06240495100798 0
      vertex 3.124712384601345 51.09940755188085 0
    endloop
  endfacet
  facet normal 0.5555702330196032 0.8314696123025446 0
    outer loop
      vertex 2.617295927937355 51.34963765657771 3
      vertex 2.775 51.24426316451257 0
      vertex 2.617295927937355 51.34963765657771 0
    endloop
  endfacet
  facet normal 0.44228869021901573 0.8968727415326812 0
    outer loop
      vertex 2.775 51.24426316451257 3
      vertex 2.9451090230706196 51.160374677858634 0
      vertex 2.775 51.24426316451257 0
    endloop
  endfacet
  facet normal 0.06540312923016979 0.9978589232386018 0
    outer loop
      vertex 3.310737021280925 51.06240495100798 3
      vertex 3.5 51.05 0
      vertex 3.310737021280925 51.06240495100798 0
    endloop
  endfacet
  facet normal -0.06540312923016979 0.9978589232386018 0
    outer loop
      vertex 3.5 51.05 3
      vertex 3.689262978719075 51.06240495100798 0
      vertex 3.5 51.05 0
    endloop
  endfacet
  facet normal -0.19509032201611975 0.9807852804032322 0
    outer loop
      vertex 3.689262978719075 51.06240495100798 3
      vertex 3.875287615398655 51.09940755188085 0
      vertex 3.689262978719075 51.06240495100798 0
    endloop
  endfacet
  facet normal -0.3214394653031581 0.9469301294951068 0
    outer loop
      vertex 3.875287615398655 51.09940755188085 3
      vertex 4.05489097692938 51.160374677858634 0
      vertex 3.875287615398655 51.09940755188085 0
    endloop
  endfacet
  facet normal -0.44228869021901673 0.8968727415326807 0
    outer loop
      vertex 4.05489097692938 51.160374677858634 3
      vertex 4.225 51.24426316451257 0
      vertex 4.05489097692938 51.160374677858634 0
    endloop
  endfacet
  facet normal -0.5555702330196021 0.8314696123025453 0
    outer loop
      vertex 4.225 51.24426316451257 3
      vertex 4.382704072062645 51.34963765657771 0
      vertex 4.225 51.24426316451257 0
    endloop
  endfacet
  facet normal -0.65934581510006 0.7518398074789852 0
    outer loop
      vertex 4.382704072062645 51.34963765657771 3
      vertex 4.525304832720494 51.474695167279506 0
      vertex 4.382704072062645 51.34963765657771 0
    endloop
  endfacet
  facet normal -0.7518398074789779 0.6593458151000683 0
    outer loop
      vertex 4.525304832720494 51.474695167279506 0
      vertex 4.525304832720494 51.474695167279506 3
      vertex 4.650362343422291 51.617295927937356 0
    endloop
  endfacet
  facet normal -0.831469612302541 0.5555702330196086 0
    outer loop
      vertex 4.650362343422291 51.617295927937356 3
      vertex 4.755736835487436 51.775 0
      vertex 4.650362343422291 51.617295927937356 0
    endloop
  endfacet
  facet normal -0.8968727415326919 0.44228869021899425 -1.0044221507577393e-18
    outer loop
      vertex 4.839625322141366 51.94510902307062 0
      vertex 4.755736835487436 51.775 0
      vertex 4.755736835487436 51.775 3
    endloop
  endfacet
  facet normal -0.9469301294951059 0.321439465303161 4.86684416422354e-19
    outer loop
      vertex 4.9005924481191485 52.124712384601345 0
      vertex 4.839625322141366 51.94510902307062 0
      vertex 4.839625322141366 51.94510902307062 3
    endloop
  endfacet
  facet normal -0.980785280403231 0.19509032201612517 -4.60805095575841e-19
    outer loop
      vertex 4.937595048992025 52.31073702128093 0
      vertex 4.9005924481191485 52.124712384601345 0
      vertex 4.9005924481191485 52.124712384601345 3
    endloop
  endfacet
  facet normal -0.9978589232386034 0.06540312923014771 -3.202863034751923e-19
    outer loop
      vertex 4.95 52.5 0
      vertex 4.937595048992025 52.31073702128093 0
      vertex 4.937595048992025 52.31073702128093 3
    endloop
  endfacet
  facet normal 0.9978589232386034 -0.06540312923014537 -1.718841250018575e-19
    outer loop
      vertex 2.05 52.5 0
      vertex 2.062404951007975 52.68926297871907 0
      vertex 2.062404951007975 52.68926297871907 3
    endloop
  endfacet
  facet normal 0.980785280403231 -0.19509032201612517 -4.60805095575841e-19
    outer loop
      vertex 2.062404951007975 52.68926297871907 0
      vertex 2.099407551880851 52.875287615398655 0
      vertex 2.099407551880851 52.875287615398655 3
    endloop
  endfacet
  facet normal 0.9469301294951052 -0.3214394653031631 4.210174358586198e-19
    outer loop
      vertex 2.099407551880851 52.875287615398655 0
      vertex 2.160374677858634 53.05489097692938 0
      vertex 2.160374677858634 53.05489097692938 3
    endloop
  endfacet
  facet normal 0.8968727415326908 -0.4422886902189961 6.659822592421016e-19
    outer loop
      vertex 2.160374677858634 53.05489097692938 0
      vertex 2.244263164512564 53.225 0
      vertex 2.244263164512564 53.225 3
    endloop
  endfacet
  facet normal 0.8314696123025421 -0.555570233019607 8.085506536173154e-19
    outer loop
      vertex 2.244263164512564 53.225 0
      vertex 2.349637656577709 53.382704072062644 0
      vertex 2.349637656577709 53.382704072062644 3
    endloop
  endfacet
  facet normal 0.7518398074789779 -0.6593458151000683 -1.7763693698386296e-18
    outer loop
      vertex 2.349637656577709 53.382704072062644 0
      vertex 2.4746951672795063 53.525304832720494 0
      vertex 2.4746951672795063 53.525304832720494 3
    endloop
  endfacet
  facet normal 0.65934581510006 -0.7518398074789852 0
    outer loop
      vertex 2.617295927937355 53.65036234342229 0
      vertex 2.617295927937355 53.65036234342229 3
      vertex 2.4746951672795063 53.525304832720494 0
    endloop
  endfacet
  facet normal 0.5555702330196032 -0.8314696123025446 0
    outer loop
      vertex 2.775 53.75573683548743 0
      vertex 2.775 53.75573683548743 3
      vertex 2.617295927937355 53.65036234342229 0
    endloop
  endfacet
  facet normal 0.44228869021901573 -0.8968727415326812 0
    outer loop
      vertex 2.9451090230706196 53.839625322141366 0
      vertex 2.9451090230706196 53.839625322141366 3
      vertex 2.775 53.75573683548743 0
    endloop
  endfacet
  facet normal 0.3214394653031581 -0.9469301294951068 0
    outer loop
      vertex 3.124712384601345 53.90059244811915 0
      vertex 3.124712384601345 53.90059244811915 3
      vertex 2.9451090230706196 53.839625322141366 0
    endloop
  endfacet
  facet normal 0.19509032201611975 -0.9807852804032322 0
    outer loop
      vertex 3.310737021280925 53.93759504899202 0
      vertex 3.310737021280925 53.93759504899202 3
      vertex 3.124712384601345 53.90059244811915 0
    endloop
  endfacet
  facet normal 0.06540312923016979 -0.9978589232386018 0
    outer loop
      vertex 3.5 53.95 0
      vertex 3.5 53.95 3
      vertex 3.310737021280925 53.93759504899202 0
    endloop
  endfacet
  facet normal -0.06540312923016979 -0.9978589232386018 0
    outer loop
      vertex 3.689262978719075 53.93759504899202 0
      vertex 3.689262978719075 53.93759504899202 3
      vertex 3.5 53.95 0
    endloop
  endfacet
  facet normal -0.19509032201611975 -0.9807852804032322 0
    outer loop
      vertex 3.875287615398655 53.90059244811915 0
      vertex 3.875287615398655 53.90059244811915 3
      vertex 3.689262978719075 53.93759504899202 0
    endloop
  endfacet
  facet normal -0.9978589232386034 -0.06540312923014771 0
    outer loop
      vertex 4.95 52.5 0
      vertex 4.95 52.5 3
      vertex 4.937595048992025 52.68926297871907 0
    endloop
  endfacet
  facet normal -0.980785280403231 -0.19509032201612517 4.60805095575841e-19
    outer loop
      vertex 4.9005924481191485 52.875287615398655 0
      vertex 4.937595048992025 52.68926297871907 0
      vertex 4.937595048992025 52.68926297871907 3
    endloop
  endfacet
  facet normal -0.9469301294951059 -0.321439465303161 -4.86684416422354e-19
    outer loop
      vertex 4.839625322141366 53.05489097692938 0
      vertex 4.9005924481191485 52.875287615398655 0
      vertex 4.9005924481191485 52.875287615398655 3
    endloop
  endfacet
  facet normal -0.8968727415326919 -0.44228869021899425 1.0044221507577393e-18
    outer loop
      vertex 4.755736835487436 53.225 0
      vertex 4.839625322141366 53.05489097692938 0
      vertex 4.839625322141366 53.05489097692938 3
    endloop
  endfacet
  facet normal -0.831469612302541 -0.5555702330196086 -1.9434004161241934e-18
    outer loop
      vertex 4.650362343422291 53.382704072062644 0
      vertex 4.755736835487436 53.225 0
      vertex 4.755736835487436 53.225 3
    endloop
  endfacet
  facet normal -0.44228869021901673 -0.8968727415326807 0
    outer loop
      vertex 4.225 53.75573683548743 0
      vertex 4.225 53.75573683548743 3
      vertex 4.05489097692938 53.839625322141366 0
    endloop
  endfacet
  facet normal -0.65934581510006 -0.7518398074789852 2.007469731818379e-18
    outer loop
      vertex 4.382704072062645 53.65036234342229 0
      vertex 4.525304832720494 53.525304832720494 0
      vertex 4.525304832720494 53.525304832720494 3
    endloop
  endfacet
  facet normal -0.7518398074789779 -0.6593458151000683 1.7763693698386296e-18
    outer loop
      vertex 4.525304832720494 53.525304832720494 0
      vertex 4.650362343422291 53.382704072062644 0
      vertex 4.650362343422291 53.382704072062644 3
    endloop
  endfacet
  facet normal -0.5555702330196021 -0.8314696123025453 0
    outer loop
      vertex 4.382704072062645 53.65036234342229 0
      vertex 4.382704072062645 53.65036234342229 3
      vertex 4.225 53.75573683548743 0
    endloop
  endfacet
  facet normal -0.3214394653031581 -0.9469301294951068 0
    outer loop
      vertex 4.05489097692938 53.839625322141366 0
      vertex 4.05489097692938 53.839625322141366 3
      vertex 3.875287615398655 53.90059244811915 0
    endloop
  endfacet
  facet normal 0.65934581510006 0.7518398074789852 0
    outer loop
      vertex 2.617295927937355 51.34963765657771 3
      vertex 2.617295927937355 51.34963765657771 0
      vertex 2.4746951672795063 51.474695167279506 3
    endloop
  endfacet
  facet normal 0.7518398074789779 0.6593458151000683 1.7763693698386296e-18
    outer loop
      vertex 2.349637656577709 51.617295927937356 3
      vertex 2.4746951672795063 51.474695167279506 3
      vertex 2.4746951672795063 51.474695167279506 0
    endloop
  endfacet
  facet normal 0.8314696123025421 0.555570233019607 -8.085506536173154e-19
    outer loop
      vertex 2.244263164512564 51.775 3
      vertex 2.349637656577709 51.617295927937356 3
      vertex 2.349637656577709 51.617295927937356 0
    endloop
  endfacet
  facet normal 0.8968727415326908 0.4422886902189961 -6.659822592421016e-19
    outer loop
      vertex 2.160374677858634 51.94510902307062 3
      vertex 2.244263164512564 51.775 3
      vertex 2.244263164512564 51.775 0
    endloop
  endfacet
  facet normal 0.9469301294951052 0.3214394653031631 -4.210174358586198e-19
    outer loop
      vertex 2.099407551880851 52.124712384601345 3
      vertex 2.160374677858634 51.94510902307062 3
      vertex 2.160374677858634 51.94510902307062 0
    endloop
  endfacet
  facet normal 0.980785280403231 0.19509032201612517 4.60805095575841e-19
    outer loop
      vertex 2.062404951007975 52.31073702128093 3
      vertex 2.099407551880851 52.124712384601345 3
      vertex 2.099407551880851 52.124712384601345 0
    endloop
  endfacet
  facet normal 0.9978589232386034 0.06540312923014537 1.718841250018575e-19
    outer loop
      vertex 2.05 52.5 3
      vertex 2.062404951007975 52.31073702128093 3
      vertex 2.062404951007975 52.31073702128093 0
    endloop
  endfacet
  facet normal 0.3214394653031581 0.9469301294951068 0
    outer loop
      vertex 3.124712384601345 51.09940755188085 3
      vertex 3.124712384601345 51.09940755188085 0
      vertex 2.9451090230706196 51.160374677858634 3
    endloop
  endfacet
  facet normal 0.19509032201611975 0.9807852804032322 0
    outer loop
      vertex 3.310737021280925 51.06240495100798 3
      vertex 3.310737021280925 51.06240495100798 0
      vertex 3.124712384601345 51.09940755188085 3
    endloop
  endfacet
  facet normal 0.5555702330196032 0.8314696123025446 0
    outer loop
      vertex 2.775 51.24426316451257 3
      vertex 2.775 51.24426316451257 0
      vertex 2.617295927937355 51.34963765657771 3
    endloop
  endfacet
  facet normal 0.44228869021901573 0.8968727415326812 0
    outer loop
      vertex 2.9451090230706196 51.160374677858634 3
      vertex 2.9451090230706196 51.160374677858634 0
      vertex 2.775 51.24426316451257 3
    endloop
  endfacet
  facet normal 0.06540312923016979 0.9978589232386018 0
    outer loop
      vertex 3.5 51.05 3
      vertex 3.5 51.05 0
      vertex 3.310737021280925 51.06240495100798 3
    endloop
  endfacet
  facet normal -0.06540312923016979 0.9978589232386018 0
    outer loop
      vertex 3.689262978719075 51.06240495100798 3
      vertex 3.689262978719075 51.06240495100798 0
      vertex 3.5 51.05 3
    endloop
  endfacet
  facet normal -0.19509032201611975 0.9807852804032322 0
    outer loop
      vertex 3.875287615398655 51.09940755188085 3
      vertex 3.875287615398655 51.09940755188085 0
      vertex 3.689262978719075 51.06240495100798 3
    endloop
  endfacet
  facet normal -0.3214394653031581 0.9469301294951068 -1.2500383089169845e-18
    outer loop
      vertex 3.875287615398655 51.09940755188085 3
      vertex 4.05489097692938 51.160374677858634 3
      vertex 4.05489097692938 51.160374677858634 0
    endloop
  endfacet
  facet normal -0.44228869021901673 0.8968727415326807 0
    outer loop
      vertex 4.225 51.24426316451257 3
      vertex 4.225 51.24426316451257 0
      vertex 4.05489097692938 51.160374677858634 3
    endloop
  endfacet
  facet normal -0.5555702330196021 0.8314696123025453 0
    outer loop
      vertex 4.382704072062645 51.34963765657771 3
      vertex 4.382704072062645 51.34963765657771 0
      vertex 4.225 51.24426316451257 3
    endloop
  endfacet
  facet normal -0.65934581510006 0.7518398074789852 -2.007469731818379e-18
    outer loop
      vertex 4.382704072062645 51.34963765657771 3
      vertex 4.525304832720494 51.474695167279506 3
      vertex 4.525304832720494 51.474695167279506 0
    endloop
  endfacet
  facet normal -0.7518398074789779 0.6593458151000683 -1.7763693698386296e-18
    outer loop
      vertex 4.525304832720494 51.474695167279506 3
      vertex 4.650362343422291 51.617295927937356 3
      vertex 4.650362343422291 51.617295927937356 0
    endloop
  endfacet
  facet normal -0.831469612302541 0.5555702330196086 1.9434004161241934e-18
    outer loop
      vertex 4.650362343422291 51.617295927937356 3
      vertex 4.755736835487436 51.775 3
      vertex 4.755736835487436 51.775 0
    endloop
  endfacet
  facet normal -0.8968727415326919 0.44228869021899425 0
    outer loop
      vertex 4.839625322141366 51.94510902307062 0
      vertex 4.755736835487436 51.775 3
      vertex 4.839625322141366 51.94510902307062 3
    endloop
  endfacet
  facet normal -0.9469301294951059 0.321439465303161 0
    outer loop
      vertex 4.9005924481191485 52.124712384601345 0
      vertex 4.839625322141366 51.94510902307062 3
      vertex 4.9005924481191485 52.124712384601345 3
    endloop
  endfacet
  facet normal -0.980785280403231 0.19509032201612517 0
    outer loop
      vertex 4.937595048992025 52.31073702128093 0
      vertex 4.9005924481191485 52.124712384601345 3
      vertex 4.937595048992025 52.31073702128093 3
    endloop
  endfacet
  facet normal -0.9978589232386034 0.06540312923014771 0
    outer loop
      vertex 4.95 52.5 0
      vertex 4.937595048992025 52.31073702128093 3
      vertex 4.95 52.5 3
    endloop
  endfacet
  facet normal 0.9978589232386034 -0.06540312923014537 0
    outer loop
      vertex 2.05 52.5 0
      vertex 2.062404951007975 52.68926297871907 3
      vertex 2.05 52.5 3
    endloop
  endfacet
  facet normal 0.980785280403231 -0.19509032201612517 0
    outer loop
      vertex 2.062404951007975 52.68926297871907 0
      vertex 2.099407551880851 52.875287615398655 3
      vertex 2.062404951007975 52.68926297871907 3
    endloop
  endfacet
  facet normal 0.9469301294951052 -0.3214394653031631 0
    outer loop
      vertex 2.099407551880851 52.875287615398655 0
      vertex 2.160374677858634 53.05489097692938 3
      vertex 2.099407551880851 52.875287615398655 3
    endloop
  endfacet
  facet normal 0.8968727415326908 -0.4422886902189961 0
    outer loop
      vertex 2.160374677858634 53.05489097692938 0
      vertex 2.244263164512564 53.225 3
      vertex 2.160374677858634 53.05489097692938 3
    endloop
  endfacet
  facet normal 0.8314696123025421 -0.555570233019607 0
    outer loop
      vertex 2.244263164512564 53.225 0
      vertex 2.349637656577709 53.382704072062644 3
      vertex 2.244263164512564 53.225 3
    endloop
  endfacet
  facet normal 0.7518398074789779 -0.6593458151000683 -1.7763693698386296e-18
    outer loop
      vertex 2.4746951672795063 53.525304832720494 3
      vertex 2.349637656577709 53.382704072062644 3
      vertex 2.349637656577709 53.382704072062644 0
    endloop
  endfacet
  facet normal 0.65934581510006 -0.7518398074789852 0
    outer loop
      vertex 2.4746951672795063 53.525304832720494 0
      vertex 2.617295927937355 53.65036234342229 3
      vertex 2.4746951672795063 53.525304832720494 3
    endloop
  endfacet
  facet normal 0.5555702330196032 -0.8314696123025446 0
    outer loop
      vertex 2.617295927937355 53.65036234342229 0
      vertex 2.775 53.75573683548743 3
      vertex 2.617295927937355 53.65036234342229 3
    endloop
  endfacet
  facet normal 0.44228869021901573 -0.8968727415326812 0
    outer loop
      vertex 2.775 53.75573683548743 0
      vertex 2.9451090230706196 53.839625322141366 3
      vertex 2.775 53.75573683548743 3
    endloop
  endfacet
  facet normal 0.3214394653031581 -0.9469301294951068 0
    outer loop
      vertex 2.9451090230706196 53.839625322141366 0
      vertex 3.124712384601345 53.90059244811915 3
      vertex 2.9451090230706196 53.839625322141366 3
    endloop
  endfacet
  facet normal 0.19509032201611975 -0.9807852804032322 0
    outer loop
      vertex 3.124712384601345 53.90059244811915 0
      vertex 3.310737021280925 53.93759504899202 3
      vertex 3.124712384601345 53.90059244811915 3
    endloop
  endfacet
  facet normal 0.06540312923016979 -0.9978589232386018 0
    outer loop
      vertex 3.310737021280925 53.93759504899202 0
      vertex 3.5 53.95 3
      vertex 3.310737021280925 53.93759504899202 3
    endloop
  endfacet
  facet normal -0.06540312923016979 -0.9978589232386018 0
    outer loop
      vertex 3.5 53.95 0
      vertex 3.689262978719075 53.93759504899202 3
      vertex 3.5 53.95 3
    endloop
  endfacet
  facet normal -0.19509032201611975 -0.9807852804032322 0
    outer loop
      vertex 3.689262978719075 53.93759504899202 0
      vertex 3.875287615398655 53.90059244811915 3
      vertex 3.689262978719075 53.93759504899202 3
    endloop
  endfacet
  facet normal -0.3214394653031581 -0.9469301294951068 0
    outer loop
      vertex 3.875287615398655 53.90059244811915 0
      vertex 4.05489097692938 53.839625322141366 3
      vertex 3.875287615398655 53.90059244811915 3
    endloop
  endfacet
  facet normal -0.9978589232386034 -0.06540312923014771 0
    outer loop
      vertex 4.937595048992025 52.68926297871907 3
      vertex 4.937595048992025 52.68926297871907 0
      vertex 4.95 52.5 3
    endloop
  endfacet
  facet normal -0.980785280403231 -0.19509032201612517 0
    outer loop
      vertex 4.9005924481191485 52.875287615398655 0
      vertex 4.937595048992025 52.68926297871907 3
      vertex 4.9005924481191485 52.875287615398655 3
    endloop
  endfacet
  facet normal -0.9469301294951059 -0.321439465303161 -4.86684416422354e-19
    outer loop
      vertex 4.9005924481191485 52.875287615398655 3
      vertex 4.839625322141366 53.05489097692938 3
      vertex 4.839625322141366 53.05489097692938 0
    endloop
  endfacet
  facet normal -0.8968727415326919 -0.44228869021899425 0
    outer loop
      vertex 4.755736835487436 53.225 0
      vertex 4.839625322141366 53.05489097692938 3
      vertex 4.755736835487436 53.225 3
    endloop
  endfacet
  facet normal -0.831469612302541 -0.5555702330196086 0
    outer loop
      vertex 4.650362343422291 53.382704072062644 0
      vertex 4.755736835487436 53.225 3
      vertex 4.650362343422291 53.382704072062644 3
    endloop
  endfacet
  facet normal -0.44228869021901673 -0.8968727415326807 -7.627739519019863e-19
    outer loop
      vertex 4.225 53.75573683548743 3
      vertex 4.05489097692938 53.839625322141366 3
      vertex 4.05489097692938 53.839625322141366 0
    endloop
  endfacet
  facet normal -0.5555702330196021 -0.8314696123025453 0
    outer loop
      vertex 4.225 53.75573683548743 0
      vertex 4.382704072062645 53.65036234342229 3
      vertex 4.225 53.75573683548743 3
    endloop
  endfacet
  facet normal -0.7518398074789779 -0.6593458151000683 1.7763693698386296e-18
    outer loop
      vertex 4.650362343422291 53.382704072062644 3
      vertex 4.525304832720494 53.525304832720494 3
      vertex 4.525304832720494 53.525304832720494 0
    endloop
  endfacet
  facet normal -0.65934581510006 -0.7518398074789852 0
    outer loop
      vertex 4.382704072062645 53.65036234342229 0
      vertex 4.525304832720494 53.525304832720494 3
      vertex 4.382704072062645 53.65036234342229 3
    endloop
  endfacet
  facet normal 0.7518398074789852 0.65934581510006 2.007469731818379e-18
    outer loop
      vertex 60.474695167279506 2.4746951672795063 0
      vertex 60.34963765657771 2.617295927937355 0
      vertex 60.34963765657771 2.617295927937355 3
    endloop
  endfacet
  facet normal 0.3214394653031631 0.9469301294951052 0
    outer loop
      vertex 60.94510902307062 2.160374677858634 0
      vertex 60.94510902307062 2.160374677858634 3
      vertex 61.124712384601345 2.099407551880851 0
    endloop
  endfacet
  facet normal 0.555570233019607 0.8314696123025421 0
    outer loop
      vertex 60.617295927937356 2.349637656577709 0
      vertex 60.617295927937356 2.349637656577709 3
      vertex 60.775 2.244263164512564 0
    endloop
  endfacet
  facet normal 0.6593458151000683 0.7518398074789779 1.7763693698386296e-18
    outer loop
      vertex 60.617295927937356 2.349637656577709 0
      vertex 60.474695167279506 2.4746951672795063 0
      vertex 60.474695167279506 2.4746951672795063 3
    endloop
  endfacet
  facet normal 0.4422886902189961 0.8968727415326908 0
    outer loop
      vertex 60.775 2.244263164512564 0
      vertex 60.775 2.244263164512564 3
      vertex 60.94510902307062 2.160374677858634 0
    endloop
  endfacet
  facet normal 0.8314696123025446 0.5555702330196032 1.4731082888736155e-18
    outer loop
      vertex 60.34963765657771 2.617295927937355 0
      vertex 60.24426316451257 2.775 0
      vertex 60.24426316451257 2.775 3
    endloop
  endfacet
  facet normal 0.8968727415326812 0.44228869021901573 0
    outer loop
      vertex 60.160374677858634 2.9451090230706196 3
      vertex 60.24426316451257 2.775 0
      vertex 60.160374677858634 2.9451090230706196 0
    endloop
  endfacet
  facet normal 0.9807852804032322 0.19509032201611975 0
    outer loop
      vertex 60.06240495100798 3.310737021280925 3
      vertex 60.09940755188085 3.124712384601345 0
      vertex 60.06240495100798 3.310737021280925 0
    endloop
  endfacet
  facet normal 0.9978589232386018 0.06540312923016979 0
    outer loop
      vertex 60.05 3.5 3
      vertex 60.06240495100798 3.310737021280925 0
      vertex 60.05 3.5 0
    endloop
  endfacet
  facet normal 0.9469301294951068 0.3214394653031581 0
    outer loop
      vertex 60.09940755188085 3.124712384601345 3
      vertex 60.160374677858634 2.9451090230706196 0
      vertex 60.09940755188085 3.124712384601345 0
    endloop
  endfacet
  facet normal 0.19509032201612517 0.980785280403231 0
    outer loop
      vertex 61.124712384601345 2.099407551880851 0
      vertex 61.124712384601345 2.099407551880851 3
      vertex 61.31073702128093 2.062404951007975 0
    endloop
  endfacet
  facet normal 0.06540312923014537 0.9978589232386034 0
    outer loop
      vertex 61.31073702128093 2.062404951007975 0
      vertex 61.31073702128093 2.062404951007975 3
      vertex 61.5 2.05 0
    endloop
  endfacet
  facet normal -0.06540312923014537 0.9978589232386034 0
    outer loop
      vertex 61.5 2.05 0
      vertex 61.5 2.05 3
      vertex 61.68926297871907 2.062404951007975 0
    endloop
  endfacet
  facet normal -0.19509032201612517 0.980785280403231 0
    outer loop
      vertex 61.68926297871907 2.062404951007975 0
      vertex 61.68926297871907 2.062404951007975 3
      vertex 61.875287615398655 2.099407551880851 0
    endloop
  endfacet
  facet normal -0.3214394653031631 0.9469301294951052 0
    outer loop
      vertex 61.875287615398655 2.099407551880851 0
      vertex 61.875287615398655 2.099407551880851 3
      vertex 62.05489097692938 2.160374677858634 0
    endloop
  endfacet
  facet normal -0.4422886902189961 0.8968727415326908 0
    outer loop
      vertex 62.05489097692938 2.160374677858634 0
      vertex 62.05489097692938 2.160374677858634 3
      vertex 62.225 2.244263164512564 0
    endloop
  endfacet
  facet normal -0.555570233019607 0.8314696123025421 0
    outer loop
      vertex 62.225 2.244263164512564 0
      vertex 62.225 2.244263164512564 3
      vertex 62.382704072062644 2.349637656577709 0
    endloop
  endfacet
  facet normal -0.6593458151000683 0.7518398074789779 0
    outer loop
      vertex 62.382704072062644 2.349637656577709 0
      vertex 62.382704072062644 2.349637656577709 3
      vertex 62.525304832720494 2.4746951672795063 0
    endloop
  endfacet
  facet normal -0.7518398074789852 0.65934581510006 0
    outer loop
      vertex 62.525304832720494 2.4746951672795063 0
      vertex 62.525304832720494 2.4746951672795063 3
      vertex 62.65036234342229 2.617295927937355 0
    endloop
  endfacet
  facet normal -0.8314696123025446 0.5555702330196032 -1.4731082888736155e-18
    outer loop
      vertex 62.75573683548743 2.775 0
      vertex 62.65036234342229 2.617295927937355 0
      vertex 62.65036234342229 2.617295927937355 3
    endloop
  endfacet
  facet normal -0.8968727415326812 0.44228869021901573 -8.36405599716021e-19
    outer loop
      vertex 62.839625322141366 2.9451090230706196 0
      vertex 62.75573683548743 2.775 0
      vertex 62.75573683548743 2.775 3
    endloop
  endfacet
  facet normal -0.9469301294951068 0.3214394653031581 0
    outer loop
      vertex 62.839625322141366 2.9451090230706196 3
      vertex 62.90059244811915 3.124712384601345 0
      vertex 62.839625322141366 2.9451090230706196 0
    endloop
  endfacet
  facet normal -0.9807852804032322 0.19509032201611975 0
    outer loop
      vertex 62.90059244811915 3.124712384601345 3
      vertex 62.93759504899202 3.310737021280925 0
      vertex 62.90059244811915 3.124712384601345 0
    endloop
  endfacet
  facet normal -0.9978589232386018 0.06540312923016979 0
    outer loop
      vertex 62.93759504899202 3.310737021280925 3
      vertex 62.95 3.5 0
      vertex 62.93759504899202 3.310737021280925 0
    endloop
  endfacet
  facet normal 0.9978589232386018 -0.06540312923016979 0
    outer loop
      vertex 60.06240495100798 3.689262978719075 3
      vertex 60.05 3.5 0
      vertex 60.06240495100798 3.689262978719075 0
    endloop
  endfacet
  facet normal 0.9807852804032322 -0.19509032201611975 0
    outer loop
      vertex 60.09940755188085 3.875287615398655 3
      vertex 60.06240495100798 3.689262978719075 0
      vertex 60.09940755188085 3.875287615398655 0
    endloop
  endfacet
  facet normal 0.9469301294951068 -0.3214394653031581 0
    outer loop
      vertex 60.160374677858634 4.05489097692938 3
      vertex 60.09940755188085 3.875287615398655 0
      vertex 60.160374677858634 4.05489097692938 0
    endloop
  endfacet
  facet normal 0.8968727415326807 -0.44228869021901673 0
    outer loop
      vertex 60.24426316451257 4.225 3
      vertex 60.160374677858634 4.05489097692938 0
      vertex 60.24426316451257 4.225 0
    endloop
  endfacet
  facet normal 0.8314696123025453 -0.5555702330196021 0
    outer loop
      vertex 60.34963765657771 4.382704072062645 3
      vertex 60.24426316451257 4.225 0
      vertex 60.34963765657771 4.382704072062645 0
    endloop
  endfacet
  facet normal 0.7518398074789852 -0.65934581510006 0
    outer loop
      vertex 60.474695167279506 4.525304832720494 3
      vertex 60.34963765657771 4.382704072062645 0
      vertex 60.474695167279506 4.525304832720494 0
    endloop
  endfacet
  facet normal 0.6593458151000683 -0.7518398074789779 0
    outer loop
      vertex 60.617295927937356 4.650362343422291 3
      vertex 60.474695167279506 4.525304832720494 0
      vertex 60.617295927937356 4.650362343422291 0
    endloop
  endfacet
  facet normal 0.5555702330196086 -0.831469612302541 0
    outer loop
      vertex 60.775 4.755736835487436 3
      vertex 60.617295927937356 4.650362343422291 0
      vertex 60.775 4.755736835487436 0
    endloop
  endfacet
  facet normal 0.44228869021899425 -0.8968727415326919 0
    outer loop
      vertex 60.94510902307062 4.839625322141366 3
      vertex 60.775 4.755736835487436 0
      vertex 60.94510902307062 4.839625322141366 0
    endloop
  endfacet
  facet normal 0.321439465303161 -0.9469301294951059 0
    outer loop
      vertex 61.124712384601345 4.9005924481191485 3
      vertex 60.94510902307062 4.839625322141366 0
      vertex 61.124712384601345 4.9005924481191485 0
    endloop
  endfacet
  facet normal 0.19509032201612517 -0.980785280403231 0
    outer loop
      vertex 61.31073702128093 4.937595048992025 3
      vertex 61.124712384601345 4.9005924481191485 0
      vertex 61.31073702128093 4.937595048992025 0
    endloop
  endfacet
  facet normal 0.06540312923014771 -0.9978589232386034 -3.202863034751923e-19
    outer loop
      vertex 61.31073702128093 4.937595048992025 0
      vertex 61.5 4.95 0
      vertex 61.5 4.95 3
    endloop
  endfacet
  facet normal -0.06540312923014771 -0.9978589232386034 0
    outer loop
      vertex 61.68926297871907 4.937595048992025 3
      vertex 61.5 4.95 0
      vertex 61.68926297871907 4.937595048992025 0
    endloop
  endfacet
  facet normal -0.44228869021899425 -0.8968727415326919 0
    outer loop
      vertex 62.225 4.755736835487436 3
      vertex 62.05489097692938 4.839625322141366 0
      vertex 62.225 4.755736835487436 0
    endloop
  endfacet
  facet normal -0.5555702330196086 -0.831469612302541 0
    outer loop
      vertex 62.382704072062644 4.650362343422291 3
      vertex 62.225 4.755736835487436 0
      vertex 62.382704072062644 4.650362343422291 0
    endloop
  endfacet
  facet normal -0.19509032201612517 -0.980785280403231 0
    outer loop
      vertex 61.875287615398655 4.9005924481191485 3
      vertex 61.68926297871907 4.937595048992025 0
      vertex 61.875287615398655 4.9005924481191485 0
    endloop
  endfacet
  facet normal -0.321439465303161 -0.9469301294951059 0
    outer loop
      vertex 62.05489097692938 4.839625322141366 3
      vertex 61.875287615398655 4.9005924481191485 0
      vertex 62.05489097692938 4.839625322141366 0
    endloop
  endfacet
  facet normal -0.9978589232386018 -0.06540312923016979 0
    outer loop
      vertex 62.95 3.5 3
      vertex 62.93759504899202 3.689262978719075 0
      vertex 62.95 3.5 0
    endloop
  endfacet
  facet normal -0.9469301294951068 -0.3214394653031581 0
    outer loop
      vertex 62.90059244811915 3.875287615398655 3
      vertex 62.839625322141366 4.05489097692938 0
      vertex 62.90059244811915 3.875287615398655 0
    endloop
  endfacet
  facet normal -0.9807852804032322 -0.19509032201611975 0
    outer loop
      vertex 62.93759504899202 3.689262978719075 3
      vertex 62.90059244811915 3.875287615398655 0
      vertex 62.93759504899202 3.689262978719075 0
    endloop
  endfacet
  facet normal -0.8314696123025453 -0.5555702330196021 0
    outer loop
      vertex 62.75573683548743 4.225 3
      vertex 62.65036234342229 4.382704072062645 0
      vertex 62.75573683548743 4.225 0
    endloop
  endfacet
  facet normal -0.8968727415326807 -0.44228869021901673 0
    outer loop
      vertex 62.839625322141366 4.05489097692938 3
      vertex 62.75573683548743 4.225 0
      vertex 62.839625322141366 4.05489097692938 0
    endloop
  endfacet
  facet normal -0.6593458151000683 -0.7518398074789779 1.7763693698386296e-18
    outer loop
      vertex 62.382704072062644 4.650362343422291 0
      vertex 62.525304832720494 4.525304832720494 0
      vertex 62.525304832720494 4.525304832720494 3
    endloop
  endfacet
  facet normal -0.7518398074789852 -0.65934581510006 0
    outer loop
      vertex 62.65036234342229 4.382704072062645 3
      vertex 62.525304832720494 4.525304832720494 0
      vertex 62.65036234342229 4.382704072062645 0
    endloop
  endfacet
  facet normal 0.3214394653031631 0.9469301294951052 0
    outer loop
      vertex 61.124712384601345 2.099407551880851 0
      vertex 60.94510902307062 2.160374677858634 3
      vertex 61.124712384601345 2.099407551880851 3
    endloop
  endfacet
  facet normal 0.6593458151000683 0.7518398074789779 0
    outer loop
      vertex 60.617295927937356 2.349637656577709 0
      vertex 60.474695167279506 2.4746951672795063 3
      vertex 60.617295927937356 2.349637656577709 3
    endloop
  endfacet
  facet normal 0.555570233019607 0.8314696123025421 0
    outer loop
      vertex 60.775 2.244263164512564 0
      vertex 60.617295927937356 2.349637656577709 3
      vertex 60.775 2.244263164512564 3
    endloop
  endfacet
  facet normal 0.7518398074789852 0.65934581510006 0
    outer loop
      vertex 60.474695167279506 2.4746951672795063 0
      vertex 60.34963765657771 2.617295927937355 3
      vertex 60.474695167279506 2.4746951672795063 3
    endloop
  endfacet
  facet normal 0.4422886902189961 0.8968727415326908 0
    outer loop
      vertex 60.94510902307062 2.160374677858634 0
      vertex 60.775 2.244263164512564 3
      vertex 60.94510902307062 2.160374677858634 3
    endloop
  endfacet
  facet normal 0.8968727415326812 0.44228869021901573 8.36405599716021e-19
    outer loop
      vertex 60.160374677858634 2.9451090230706196 3
      vertex 60.24426316451257 2.775 3
      vertex 60.24426316451257 2.775 0
    endloop
  endfacet
  facet normal 0.8314696123025446 0.5555702330196032 1.4731082888736155e-18
    outer loop
      vertex 60.24426316451257 2.775 3
      vertex 60.34963765657771 2.617295927937355 3
      vertex 60.34963765657771 2.617295927937355 0
    endloop
  endfacet
  facet normal 0.9469301294951068 0.3214394653031581 1.2500383089169845e-18
    outer loop
      vertex 60.09940755188085 3.124712384601345 3
      vertex 60.160374677858634 2.9451090230706196 3
      vertex 60.160374677858634 2.9451090230706196 0
    endloop
  endfacet
  facet normal 0.9807852804032322 0.19509032201611975 -2.3870168718322273e-19
    outer loop
      vertex 60.06240495100798 3.310737021280925 3
      vertex 60.09940755188085 3.124712384601345 3
      vertex 60.09940755188085 3.124712384601345 0
    endloop
  endfacet
  facet normal 0.9978589232386018 0.06540312923016979 -1.9361575514638895e-19
    outer loop
      vertex 60.05 3.5 3
      vertex 60.06240495100798 3.310737021280925 3
      vertex 60.06240495100798 3.310737021280925 0
    endloop
  endfacet
  facet normal 0.19509032201612517 0.980785280403231 0
    outer loop
      vertex 61.31073702128093 2.062404951007975 0
      vertex 61.124712384601345 2.099407551880851 3
      vertex 61.31073702128093 2.062404951007975 3
    endloop
  endfacet
  facet normal 0.06540312923014537 0.9978589232386034 0
    outer loop
      vertex 61.5 2.05 0
      vertex 61.31073702128093 2.062404951007975 3
      vertex 61.5 2.05 3
    endloop
  endfacet
  facet normal -0.06540312923014537 0.9978589232386034 0
    outer loop
      vertex 61.68926297871907 2.062404951007975 0
      vertex 61.5 2.05 3
      vertex 61.68926297871907 2.062404951007975 3
    endloop
  endfacet
  facet normal -0.19509032201612517 0.980785280403231 0
    outer loop
      vertex 61.875287615398655 2.099407551880851 0
      vertex 61.68926297871907 2.062404951007975 3
      vertex 61.875287615398655 2.099407551880851 3
    endloop
  endfacet
  facet normal -0.3214394653031631 0.9469301294951052 0
    outer loop
      vertex 62.05489097692938 2.160374677858634 0
      vertex 61.875287615398655 2.099407551880851 3
      vertex 62.05489097692938 2.160374677858634 3
    endloop
  endfacet
  facet normal -0.4422886902189961 0.8968727415326908 0
    outer loop
      vertex 62.225 2.244263164512564 0
      vertex 62.05489097692938 2.160374677858634 3
      vertex 62.225 2.244263164512564 3
    endloop
  endfacet
  facet normal -0.555570233019607 0.8314696123025421 0
    outer loop
      vertex 62.382704072062644 2.349637656577709 0
      vertex 62.225 2.244263164512564 3
      vertex 62.382704072062644 2.349637656577709 3
    endloop
  endfacet
  facet normal -0.6593458151000683 0.7518398074789779 0
    outer loop
      vertex 62.525304832720494 2.4746951672795063 0
      vertex 62.382704072062644 2.349637656577709 3
      vertex 62.525304832720494 2.4746951672795063 3
    endloop
  endfacet
  facet normal -0.7518398074789852 0.65934581510006 0
    outer loop
      vertex 62.65036234342229 2.617295927937355 0
      vertex 62.525304832720494 2.4746951672795063 3
      vertex 62.65036234342229 2.617295927937355 3
    endloop
  endfacet
  facet normal -0.8314696123025446 0.5555702330196032 -1.4731082888736155e-18
    outer loop
      vertex 62.65036234342229 2.617295927937355 3
      vertex 62.75573683548743 2.775 3
      vertex 62.75573683548743 2.775 0
    endloop
  endfacet
  facet normal -0.8968727415326812 0.44228869021901573 -8.36405599716021e-19
    outer loop
      vertex 62.75573683548743 2.775 3
      vertex 62.839625322141366 2.9451090230706196 3
      vertex 62.839625322141366 2.9451090230706196 0
    endloop
  endfacet
  facet normal -0.9469301294951068 0.3214394653031581 -1.2500383089169845e-18
    outer loop
      vertex 62.839625322141366 2.9451090230706196 3
      vertex 62.90059244811915 3.124712384601345 3
      vertex 62.90059244811915 3.124712384601345 0
    endloop
  endfacet
  facet normal -0.9807852804032322 0.19509032201611975 2.3870168718322273e-19
    outer loop
      vertex 62.90059244811915 3.124712384601345 3
      vertex 62.93759504899202 3.310737021280925 3
      vertex 62.93759504899202 3.310737021280925 0
    endloop
  endfacet
  facet normal -0.9978589232386018 0.06540312923016979 1.9361575514638895e-19
    outer loop
      vertex 62.93759504899202 3.310737021280925 3
      vertex 62.95 3.5 3
      vertex 62.95 3.5 0
    endloop
  endfacet
  facet normal 0.9978589232386018 -0.06540312923016979 1.9361575514638895e-19
    outer loop
      vertex 60.06240495100798 3.689262978719075 3
      vertex 60.05 3.5 3
      vertex 60.05 3.5 0
    endloop
  endfacet
  facet normal 0.9807852804032322 -0.19509032201611975 2.3870168718322273e-19
    outer loop
      vertex 60.09940755188085 3.875287615398655 3
      vertex 60.06240495100798 3.689262978719075 3
      vertex 60.06240495100798 3.689262978719075 0
    endloop
  endfacet
  facet normal 0.9469301294951068 -0.3214394653031581 -1.2500383089169845e-18
    outer loop
      vertex 60.160374677858634 4.05489097692938 3
      vertex 60.09940755188085 3.875287615398655 3
      vertex 60.09940755188085 3.875287615398655 0
    endloop
  endfacet
  facet normal 0.8968727415326807 -0.44228869021901673 7.627739519019863e-19
    outer loop
      vertex 60.24426316451257 4.225 3
      vertex 60.160374677858634 4.05489097692938 3
      vertex 60.160374677858634 4.05489097692938 0
    endloop
  endfacet
  facet normal 0.8314696123025453 -0.5555702330196021 1.5020113086693149e-18
    outer loop
      vertex 60.34963765657771 4.382704072062645 3
      vertex 60.24426316451257 4.225 3
      vertex 60.24426316451257 4.225 0
    endloop
  endfacet
  facet normal 0.7518398074789852 -0.65934581510006 -2.007469731818379e-18
    outer loop
      vertex 60.474695167279506 4.525304832720494 3
      vertex 60.34963765657771 4.382704072062645 3
      vertex 60.34963765657771 4.382704072062645 0
    endloop
  endfacet
  facet normal 0.6593458151000683 -0.7518398074789779 0
    outer loop
      vertex 60.474695167279506 4.525304832720494 3
      vertex 60.474695167279506 4.525304832720494 0
      vertex 60.617295927937356 4.650362343422291 3
    endloop
  endfacet
  facet normal 0.5555702330196086 -0.831469612302541 0
    outer loop
      vertex 60.617295927937356 4.650362343422291 3
      vertex 60.617295927937356 4.650362343422291 0
      vertex 60.775 4.755736835487436 3
    endloop
  endfacet
  facet normal 0.44228869021899425 -0.8968727415326919 0
    outer loop
      vertex 60.775 4.755736835487436 3
      vertex 60.775 4.755736835487436 0
      vertex 60.94510902307062 4.839625322141366 3
    endloop
  endfacet
  facet normal 0.321439465303161 -0.9469301294951059 0
    outer loop
      vertex 60.94510902307062 4.839625322141366 3
      vertex 60.94510902307062 4.839625322141366 0
      vertex 61.124712384601345 4.9005924481191485 3
    endloop
  endfacet
  facet normal 0.19509032201612517 -0.980785280403231 0
    outer loop
      vertex 61.124712384601345 4.9005924481191485 3
      vertex 61.124712384601345 4.9005924481191485 0
      vertex 61.31073702128093 4.937595048992025 3
    endloop
  endfacet
  facet normal 0.06540312923014771 -0.9978589232386034 0
    outer loop
      vertex 61.31073702128093 4.937595048992025 3
      vertex 61.31073702128093 4.937595048992025 0
      vertex 61.5 4.95 3
    endloop
  endfacet
  facet normal -0.06540312923014771 -0.9978589232386034 0
    outer loop
      vertex 61.5 4.95 3
      vertex 61.5 4.95 0
      vertex 61.68926297871907 4.937595048992025 3
    endloop
  endfacet
  facet normal -0.19509032201612517 -0.980785280403231 0
    outer loop
      vertex 61.68926297871907 4.937595048992025 3
      vertex 61.68926297871907 4.937595048992025 0
      vertex 61.875287615398655 4.9005924481191485 3
    endloop
  endfacet
  facet normal -0.44228869021899425 -0.8968727415326919 0
    outer loop
      vertex 62.05489097692938 4.839625322141366 3
      vertex 62.05489097692938 4.839625322141366 0
      vertex 62.225 4.755736835487436 3
    endloop
  endfacet
  facet normal -0.5555702330196086 -0.831469612302541 0
    outer loop
      vertex 62.225 4.755736835487436 3
      vertex 62.225 4.755736835487436 0
      vertex 62.382704072062644 4.650362343422291 3
    endloop
  endfacet
  facet normal -0.321439465303161 -0.9469301294951059 0
    outer loop
      vertex 61.875287615398655 4.9005924481191485 3
      vertex 61.875287615398655 4.9005924481191485 0
      vertex 62.05489097692938 4.839625322141366 3
    endloop
  endfacet
  facet normal -0.9978589232386018 -0.06540312923016979 -1.9361575514638895e-19
    outer loop
      vertex 62.95 3.5 3
      vertex 62.93759504899202 3.689262978719075 3
      vertex 62.93759504899202 3.689262978719075 0
    endloop
  endfacet
  facet normal -0.9807852804032322 -0.19509032201611975 -2.3870168718322273e-19
    outer loop
      vertex 62.93759504899202 3.689262978719075 3
      vertex 62.90059244811915 3.875287615398655 3
      vertex 62.90059244811915 3.875287615398655 0
    endloop
  endfacet
  facet normal -0.8314696123025453 -0.5555702330196021 -1.5020113086693149e-18
    outer loop
      vertex 62.75573683548743 4.225 3
      vertex 62.65036234342229 4.382704072062645 3
      vertex 62.65036234342229 4.382704072062645 0
    endloop
  endfacet
  facet normal -0.9469301294951068 -0.3214394653031581 1.2500383089169845e-18
    outer loop
      vertex 62.90059244811915 3.875287615398655 3
      vertex 62.839625322141366 4.05489097692938 3
      vertex 62.839625322141366 4.05489097692938 0
    endloop
  endfacet
  facet normal -0.8968727415326807 -0.44228869021901673 -7.627739519019863e-19
    outer loop
      vertex 62.839625322141366 4.05489097692938 3
      vertex 62.75573683548743 4.225 3
      vertex 62.75573683548743 4.225 0
    endloop
  endfacet
  facet normal -0.7518398074789852 -0.65934581510006 2.007469731818379e-18
    outer loop
      vertex 62.65036234342229 4.382704072062645 3
      vertex 62.525304832720494 4.525304832720494 3
      vertex 62.525304832720494 4.525304832720494 0
    endloop
  endfacet
  facet normal -0.6593458151000683 -0.7518398074789779 0
    outer loop
      vertex 62.382704072062644 4.650362343422291 3
      vertex 62.382704072062644 4.650362343422291 0
      vertex 62.525304832720494 4.525304832720494 3
    endloop
  endfacet
  facet normal 0.7518398074789873 0.6593458151000576 1.9176997569333836e-18
    outer loop
      vertex 60.474695167279506 51.474695167279506 0
      vertex 60.34963765657771 51.617295927937356 0
      vertex 60.34963765657771 51.617295927937356 3
    endloop
  endfacet
  facet normal 0.321439465303161 0.9469301294951059 0
    outer loop
      vertex 60.94510902307062 51.160374677858634 0
      vertex 60.94510902307062 51.160374677858634 3
      vertex 61.124712384601345 51.09940755188085 0
    endloop
  endfacet
  facet normal 0.5555702330196086 0.831469612302541 0
    outer loop
      vertex 60.617295927937356 51.34963765657771 0
      vertex 60.617295927937356 51.34963765657771 3
      vertex 60.775 51.24426316451257 0
    endloop
  endfacet
  facet normal 0.6593458151000576 0.7518398074789873 0
    outer loop
      vertex 60.474695167279506 51.474695167279506 0
      vertex 60.474695167279506 51.474695167279506 3
      vertex 60.617295927937356 51.34963765657771 0
    endloop
  endfacet
  facet normal 0.4422886902190093 0.8968727415326844 0
    outer loop
      vertex 60.775 51.24426316451257 0
      vertex 60.775 51.24426316451257 3
      vertex 60.94510902307062 51.160374677858634 0
    endloop
  endfacet
  facet normal 0.831469612302541 0.5555702330196086 -1.9434004161241934e-18
    outer loop
      vertex 60.34963765657771 51.617295927937356 0
      vertex 60.24426316451257 51.775 0
      vertex 60.24426316451257 51.775 3
    endloop
  endfacet
  facet normal 0.8968727415326844 0.4422886902190093 -1.640753340995035e-19
    outer loop
      vertex 60.24426316451257 51.775 0
      vertex 60.160374677858634 51.94510902307062 0
      vertex 60.160374677858634 51.94510902307062 3
    endloop
  endfacet
  facet normal 0.980785280403233 0.19509032201611617 4.279645444213692e-19
    outer loop
      vertex 60.09940755188085 52.124712384601345 0
      vertex 60.06240495100798 52.31073702128093 0
      vertex 60.06240495100798 52.31073702128093 3
    endloop
  endfacet
  facet normal 0.9978589232386018 0.06540312923017103 2.799658638158056e-19
    outer loop
      vertex 60.06240495100798 52.31073702128093 0
      vertex 60.05 52.5 0
      vertex 60.05 52.5 3
    endloop
  endfacet
  facet normal 0.9469301294951059 0.321439465303161 -4.86684416422354e-19
    outer loop
      vertex 60.160374677858634 51.94510902307062 0
      vertex 60.09940755188085 52.124712384601345 0
      vertex 60.09940755188085 52.124712384601345 3
    endloop
  endfacet
  facet normal 0.19509032201611617 0.980785280403233 0
    outer loop
      vertex 61.124712384601345 51.09940755188085 0
      vertex 61.124712384601345 51.09940755188085 3
      vertex 61.31073702128093 51.06240495100798 0
    endloop
  endfacet
  facet normal 0.06540312923017103 0.9978589232386018 0
    outer loop
      vertex 61.31073702128093 51.06240495100798 0
      vertex 61.31073702128093 51.06240495100798 3
      vertex 61.5 51.05 0
    endloop
  endfacet
  facet normal -0.06540312923017103 0.9978589232386018 0
    outer loop
      vertex 61.5 51.05 0
      vertex 61.5 51.05 3
      vertex 61.68926297871907 51.06240495100798 0
    endloop
  endfacet
  facet normal -0.19509032201611617 0.980785280403233 0
    outer loop
      vertex 61.68926297871907 51.06240495100798 0
      vertex 61.68926297871907 51.06240495100798 3
      vertex 61.875287615398655 51.09940755188085 0
    endloop
  endfacet
  facet normal -0.321439465303161 0.9469301294951059 0
    outer loop
      vertex 61.875287615398655 51.09940755188085 0
      vertex 61.875287615398655 51.09940755188085 3
      vertex 62.05489097692938 51.160374677858634 0
    endloop
  endfacet
  facet normal -0.4422886902190093 0.8968727415326844 0
    outer loop
      vertex 62.05489097692938 51.160374677858634 0
      vertex 62.05489097692938 51.160374677858634 3
      vertex 62.225 51.24426316451257 0
    endloop
  endfacet
  facet normal -0.5555702330196086 0.831469612302541 0
    outer loop
      vertex 62.225 51.24426316451257 0
      vertex 62.225 51.24426316451257 3
      vertex 62.382704072062644 51.34963765657771 0
    endloop
  endfacet
  facet normal -0.6593458151000576 0.7518398074789873 0
    outer loop
      vertex 62.382704072062644 51.34963765657771 0
      vertex 62.382704072062644 51.34963765657771 3
      vertex 62.525304832720494 51.474695167279506 0
    endloop
  endfacet
  facet normal -0.7518398074789873 0.6593458151000576 0
    outer loop
      vertex 62.525304832720494 51.474695167279506 0
      vertex 62.525304832720494 51.474695167279506 3
      vertex 62.65036234342229 51.617295927937356 0
    endloop
  endfacet
  facet normal -0.831469612302541 0.5555702330196086 1.9434004161241934e-18
    outer loop
      vertex 62.75573683548743 51.775 0
      vertex 62.65036234342229 51.617295927937356 0
      vertex 62.65036234342229 51.617295927937356 3
    endloop
  endfacet
  facet normal -0.8968727415326844 0.4422886902190093 1.640753340995035e-19
    outer loop
      vertex 62.839625322141366 51.94510902307062 0
      vertex 62.75573683548743 51.775 0
      vertex 62.75573683548743 51.775 3
    endloop
  endfacet
  facet normal -0.9469301294951059 0.321439465303161 4.86684416422354e-19
    outer loop
      vertex 62.90059244811915 52.124712384601345 0
      vertex 62.839625322141366 51.94510902307062 0
      vertex 62.839625322141366 51.94510902307062 3
    endloop
  endfacet
  facet normal -0.980785280403233 0.19509032201611617 -4.279645444213692e-19
    outer loop
      vertex 62.93759504899202 52.31073702128093 0
      vertex 62.90059244811915 52.124712384601345 0
      vertex 62.90059244811915 52.124712384601345 3
    endloop
  endfacet
  facet normal -0.9978589232386018 0.06540312923017103 -2.799658638158056e-19
    outer loop
      vertex 62.95 52.5 0
      vertex 62.93759504899202 52.31073702128093 0
      vertex 62.93759504899202 52.31073702128093 3
    endloop
  endfacet
  facet normal 0.9978589232386018 -0.06540312923017103 -2.799658638158056e-19
    outer loop
      vertex 60.05 52.5 0
      vertex 60.06240495100798 52.68926297871907 0
      vertex 60.06240495100798 52.68926297871907 3
    endloop
  endfacet
  facet normal 0.980785280403233 -0.19509032201611617 -4.279645444213692e-19
    outer loop
      vertex 60.06240495100798 52.68926297871907 0
      vertex 60.09940755188085 52.875287615398655 0
      vertex 60.09940755188085 52.875287615398655 3
    endloop
  endfacet
  facet normal 0.9469301294951059 -0.321439465303161 4.86684416422354e-19
    outer loop
      vertex 60.09940755188085 52.875287615398655 0
      vertex 60.160374677858634 53.05489097692938 0
      vertex 60.160374677858634 53.05489097692938 3
    endloop
  endfacet
  facet normal 0.8968727415326844 -0.4422886902190093 1.640753340995035e-19
    outer loop
      vertex 60.160374677858634 53.05489097692938 0
      vertex 60.24426316451257 53.225 0
      vertex 60.24426316451257 53.225 3
    endloop
  endfacet
  facet normal 0.831469612302541 -0.5555702330196086 1.9434004161241934e-18
    outer loop
      vertex 60.24426316451257 53.225 0
      vertex 60.34963765657771 53.382704072062644 0
      vertex 60.34963765657771 53.382704072062644 3
    endloop
  endfacet
  facet normal 0.7518398074789873 -0.6593458151000576 -1.9176997569333836e-18
    outer loop
      vertex 60.34963765657771 53.382704072062644 0
      vertex 60.474695167279506 53.525304832720494 0
      vertex 60.474695167279506 53.525304832720494 3
    endloop
  endfacet
  facet normal 0.6593458151000576 -0.7518398074789873 0
    outer loop
      vertex 60.617295927937356 53.65036234342229 0
      vertex 60.617295927937356 53.65036234342229 3
      vertex 60.474695167279506 53.525304832720494 0
    endloop
  endfacet
  facet normal 0.5555702330196086 -0.831469612302541 0
    outer loop
      vertex 60.775 53.75573683548743 0
      vertex 60.775 53.75573683548743 3
      vertex 60.617295927937356 53.65036234342229 0
    endloop
  endfacet
  facet normal 0.4422886902190093 -0.8968727415326844 1.640753340995035e-19
    outer loop
      vertex 60.775 53.75573683548743 0
      vertex 60.94510902307062 53.839625322141366 0
      vertex 60.94510902307062 53.839625322141366 3
    endloop
  endfacet
  facet normal 0.321439465303161 -0.9469301294951059 0
    outer loop
      vertex 61.124712384601345 53.90059244811915 0
      vertex 61.124712384601345 53.90059244811915 3
      vertex 60.94510902307062 53.839625322141366 0
    endloop
  endfacet
  facet normal 0.19509032201611617 -0.980785280403233 0
    outer loop
      vertex 61.31073702128093 53.93759504899202 0
      vertex 61.31073702128093 53.93759504899202 3
      vertex 61.124712384601345 53.90059244811915 0
    endloop
  endfacet
  facet normal 0.06540312923017103 -0.9978589232386018 -2.799658638158056e-19
    outer loop
      vertex 61.31073702128093 53.93759504899202 0
      vertex 61.5 53.95 0
      vertex 61.5 53.95 3
    endloop
  endfacet
  facet normal -0.06540312923017103 -0.9978589232386018 0
    outer loop
      vertex 61.68926297871907 53.93759504899202 0
      vertex 61.68926297871907 53.93759504899202 3
      vertex 61.5 53.95 0
    endloop
  endfacet
  facet normal -0.4422886902190093 -0.8968727415326844 0
    outer loop
      vertex 62.225 53.75573683548743 0
      vertex 62.225 53.75573683548743 3
      vertex 62.05489097692938 53.839625322141366 0
    endloop
  endfacet
  facet normal -0.5555702330196086 -0.831469612302541 0
    outer loop
      vertex 62.382704072062644 53.65036234342229 0
      vertex 62.382704072062644 53.65036234342229 3
      vertex 62.225 53.75573683548743 0
    endloop
  endfacet
  facet normal -0.19509032201611617 -0.980785280403233 0
    outer loop
      vertex 61.875287615398655 53.90059244811915 0
      vertex 61.875287615398655 53.90059244811915 3
      vertex 61.68926297871907 53.93759504899202 0
    endloop
  endfacet
  facet normal -0.321439465303161 -0.9469301294951059 -4.86684416422354e-19
    outer loop
      vertex 61.875287615398655 53.90059244811915 0
      vertex 62.05489097692938 53.839625322141366 0
      vertex 62.05489097692938 53.839625322141366 3
    endloop
  endfacet
  facet normal -0.9978589232386018 -0.06540312923017103 0
    outer loop
      vertex 62.95 52.5 0
      vertex 62.95 52.5 3
      vertex 62.93759504899202 52.68926297871907 0
    endloop
  endfacet
  facet normal -0.9469301294951059 -0.321439465303161 -4.86684416422354e-19
    outer loop
      vertex 62.839625322141366 53.05489097692938 0
      vertex 62.90059244811915 52.875287615398655 0
      vertex 62.90059244811915 52.875287615398655 3
    endloop
  endfacet
  facet normal -0.980785280403233 -0.19509032201611617 4.279645444213692e-19
    outer loop
      vertex 62.90059244811915 52.875287615398655 0
      vertex 62.93759504899202 52.68926297871907 0
      vertex 62.93759504899202 52.68926297871907 3
    endloop
  endfacet
  facet normal -0.831469612302541 -0.5555702330196086 -1.9434004161241934e-18
    outer loop
      vertex 62.65036234342229 53.382704072062644 0
      vertex 62.75573683548743 53.225 0
      vertex 62.75573683548743 53.225 3
    endloop
  endfacet
  facet normal -0.8968727415326844 -0.4422886902190093 -1.640753340995035e-19
    outer loop
      vertex 62.75573683548743 53.225 0
      vertex 62.839625322141366 53.05489097692938 0
      vertex 62.839625322141366 53.05489097692938 3
    endloop
  endfacet
  facet normal -0.6593458151000576 -0.7518398074789873 0
    outer loop
      vertex 62.525304832720494 53.525304832720494 0
      vertex 62.525304832720494 53.525304832720494 3
      vertex 62.382704072062644 53.65036234342229 0
    endloop
  endfacet
  facet normal -0.7518398074789873 -0.6593458151000576 1.9176997569333836e-18
    outer loop
      vertex 62.525304832720494 53.525304832720494 0
      vertex 62.65036234342229 53.382704072062644 0
      vertex 62.65036234342229 53.382704072062644 3
    endloop
  endfacet
  facet normal 0.321439465303161 0.9469301294951059 0
    outer loop
      vertex 61.124712384601345 51.09940755188085 0
      vertex 60.94510902307062 51.160374677858634 3
      vertex 61.124712384601345 51.09940755188085 3
    endloop
  endfacet
  facet normal 0.6593458151000576 0.7518398074789873 0
    outer loop
      vertex 60.617295927937356 51.34963765657771 0
      vertex 60.474695167279506 51.474695167279506 3
      vertex 60.617295927937356 51.34963765657771 3
    endloop
  endfacet
  facet normal 0.5555702330196086 0.831469612302541 0
    outer loop
      vertex 60.775 51.24426316451257 0
      vertex 60.617295927937356 51.34963765657771 3
      vertex 60.775 51.24426316451257 3
    endloop
  endfacet
  facet normal 0.7518398074789873 0.6593458151000576 0
    outer loop
      vertex 60.474695167279506 51.474695167279506 0
      vertex 60.34963765657771 51.617295927937356 3
      vertex 60.474695167279506 51.474695167279506 3
    endloop
  endfacet
  facet normal 0.4422886902190093 0.8968727415326844 0
    outer loop
      vertex 60.94510902307062 51.160374677858634 0
      vertex 60.775 51.24426316451257 3
      vertex 60.94510902307062 51.160374677858634 3
    endloop
  endfacet
  facet normal 0.8968727415326844 0.4422886902190093 0
    outer loop
      vertex 60.24426316451257 51.775 0
      vertex 60.160374677858634 51.94510902307062 3
      vertex 60.24426316451257 51.775 3
    endloop
  endfacet
  facet normal 0.831469612302541 0.5555702330196086 0
    outer loop
      vertex 60.34963765657771 51.617295927937356 0
      vertex 60.24426316451257 51.775 3
      vertex 60.34963765657771 51.617295927937356 3
    endloop
  endfacet
  facet normal 0.9469301294951059 0.321439465303161 0
    outer loop
      vertex 60.160374677858634 51.94510902307062 0
      vertex 60.09940755188085 52.124712384601345 3
      vertex 60.160374677858634 51.94510902307062 3
    endloop
  endfacet
  facet normal 0.980785280403233 0.19509032201611617 0
    outer loop
      vertex 60.09940755188085 52.124712384601345 0
      vertex 60.06240495100798 52.31073702128093 3
      vertex 60.09940755188085 52.124712384601345 3
    endloop
  endfacet
  facet normal 0.9978589232386018 0.06540312923017103 0
    outer loop
      vertex 60.06240495100798 52.31073702128093 0
      vertex 60.05 52.5 3
      vertex 60.06240495100798 52.31073702128093 3
    endloop
  endfacet
  facet normal 0.19509032201611617 0.980785280403233 0
    outer loop
      vertex 61.31073702128093 51.06240495100798 0
      vertex 61.124712384601345 51.09940755188085 3
      vertex 61.31073702128093 51.06240495100798 3
    endloop
  endfacet
  facet normal 0.06540312923017103 0.9978589232386018 0
    outer loop
      vertex 61.5 51.05 0
      vertex 61.31073702128093 51.06240495100798 3
      vertex 61.5 51.05 3
    endloop
  endfacet
  facet normal -0.06540312923017103 0.9978589232386018 0
    outer loop
      vertex 61.68926297871907 51.06240495100798 0
      vertex 61.5 51.05 3
      vertex 61.68926297871907 51.06240495100798 3
    endloop
  endfacet
  facet normal -0.19509032201611617 0.980785280403233 0
    outer loop
      vertex 61.875287615398655 51.09940755188085 0
      vertex 61.68926297871907 51.06240495100798 3
      vertex 61.875287615398655 51.09940755188085 3
    endloop
  endfacet
  facet normal -0.321439465303161 0.9469301294951059 0
    outer loop
      vertex 62.05489097692938 51.160374677858634 0
      vertex 61.875287615398655 51.09940755188085 3
      vertex 62.05489097692938 51.160374677858634 3
    endloop
  endfacet
  facet normal -0.4422886902190093 0.8968727415326844 0
    outer loop
      vertex 62.225 51.24426316451257 0
      vertex 62.05489097692938 51.160374677858634 3
      vertex 62.225 51.24426316451257 3
    endloop
  endfacet
  facet normal -0.5555702330196086 0.831469612302541 0
    outer loop
      vertex 62.382704072062644 51.34963765657771 0
      vertex 62.225 51.24426316451257 3
      vertex 62.382704072062644 51.34963765657771 3
    endloop
  endfacet
  facet normal -0.6593458151000576 0.7518398074789873 0
    outer loop
      vertex 62.525304832720494 51.474695167279506 0
      vertex 62.382704072062644 51.34963765657771 3
      vertex 62.525304832720494 51.474695167279506 3
    endloop
  endfacet
  facet normal -0.7518398074789873 0.6593458151000576 0
    outer loop
      vertex 62.65036234342229 51.617295927937356 0
      vertex 62.525304832720494 51.474695167279506 3
      vertex 62.65036234342229 51.617295927937356 3
    endloop
  endfacet
  facet normal -0.831469612302541 0.5555702330196086 0
    outer loop
      vertex 62.75573683548743 51.775 0
      vertex 62.65036234342229 51.617295927937356 3
      vertex 62.75573683548743 51.775 3
    endloop
  endfacet
  facet normal -0.8968727415326844 0.4422886902190093 0
    outer loop
      vertex 62.839625322141366 51.94510902307062 0
      vertex 62.75573683548743 51.775 3
      vertex 62.839625322141366 51.94510902307062 3
    endloop
  endfacet
  facet normal -0.9469301294951059 0.321439465303161 0
    outer loop
      vertex 62.90059244811915 52.124712384601345 0
      vertex 62.839625322141366 51.94510902307062 3
      vertex 62.90059244811915 52.124712384601345 3
    endloop
  endfacet
  facet normal -0.980785280403233 0.19509032201611617 0
    outer loop
      vertex 62.93759504899202 52.31073702128093 0
      vertex 62.90059244811915 52.124712384601345 3
      vertex 62.93759504899202 52.31073702128093 3
    endloop
  endfacet
  facet normal -0.9978589232386018 0.06540312923017103 0
    outer loop
      vertex 62.95 52.5 0
      vertex 62.93759504899202 52.31073702128093 3
      vertex 62.95 52.5 3
    endloop
  endfacet
  facet normal 0.9978589232386018 -0.06540312923017103 0
    outer loop
      vertex 60.05 52.5 0
      vertex 60.06240495100798 52.68926297871907 3
      vertex 60.05 52.5 3
    endloop
  endfacet
  facet normal 0.980785280403233 -0.19509032201611617 0
    outer loop
      vertex 60.06240495100798 52.68926297871907 0
      vertex 60.09940755188085 52.875287615398655 3
      vertex 60.06240495100798 52.68926297871907 3
    endloop
  endfacet
  facet normal 0.9469301294951059 -0.321439465303161 0
    outer loop
      vertex 60.09940755188085 52.875287615398655 0
      vertex 60.160374677858634 53.05489097692938 3
      vertex 60.09940755188085 52.875287615398655 3
    endloop
  endfacet
  facet normal 0.8968727415326844 -0.4422886902190093 0
    outer loop
      vertex 60.160374677858634 53.05489097692938 0
      vertex 60.24426316451257 53.225 3
      vertex 60.160374677858634 53.05489097692938 3
    endloop
  endfacet
  facet normal 0.831469612302541 -0.5555702330196086 0
    outer loop
      vertex 60.24426316451257 53.225 0
      vertex 60.34963765657771 53.382704072062644 3
      vertex 60.24426316451257 53.225 3
    endloop
  endfacet
  facet normal 0.7518398074789873 -0.6593458151000576 0
    outer loop
      vertex 60.34963765657771 53.382704072062644 0
      vertex 60.474695167279506 53.525304832720494 3
      vertex 60.34963765657771 53.382704072062644 3
    endloop
  endfacet
  facet normal 0.6593458151000576 -0.7518398074789873 0
    outer loop
      vertex 60.474695167279506 53.525304832720494 0
      vertex 60.617295927937356 53.65036234342229 3
      vertex 60.474695167279506 53.525304832720494 3
    endloop
  endfacet
  facet normal 0.5555702330196086 -0.831469612302541 0
    outer loop
      vertex 60.617295927937356 53.65036234342229 0
      vertex 60.775 53.75573683548743 3
      vertex 60.617295927937356 53.65036234342229 3
    endloop
  endfacet
  facet normal 0.4422886902190093 -0.8968727415326844 0
    outer loop
      vertex 60.775 53.75573683548743 0
      vertex 60.94510902307062 53.839625322141366 3
      vertex 60.775 53.75573683548743 3
    endloop
  endfacet
  facet normal 0.321439465303161 -0.9469301294951059 0
    outer loop
      vertex 60.94510902307062 53.839625322141366 0
      vertex 61.124712384601345 53.90059244811915 3
      vertex 60.94510902307062 53.839625322141366 3
    endloop
  endfacet
  facet normal 0.19509032201611617 -0.980785280403233 0
    outer loop
      vertex 61.124712384601345 53.90059244811915 0
      vertex 61.31073702128093 53.93759504899202 3
      vertex 61.124712384601345 53.90059244811915 3
    endloop
  endfacet
  facet normal 0.06540312923017103 -0.9978589232386018 -2.799658638158056e-19
    outer loop
      vertex 61.5 53.95 3
      vertex 61.31073702128093 53.93759504899202 3
      vertex 61.31073702128093 53.93759504899202 0
    endloop
  endfacet
  facet normal -0.06540312923017103 -0.9978589232386018 0
    outer loop
      vertex 61.5 53.95 0
      vertex 61.68926297871907 53.93759504899202 3
      vertex 61.5 53.95 3
    endloop
  endfacet
  facet normal -0.19509032201611617 -0.980785280403233 0
    outer loop
      vertex 61.68926297871907 53.93759504899202 0
      vertex 61.875287615398655 53.90059244811915 3
      vertex 61.68926297871907 53.93759504899202 3
    endloop
  endfacet
  facet normal -0.4422886902190093 -0.8968727415326844 0
    outer loop
      vertex 62.05489097692938 53.839625322141366 0
      vertex 62.225 53.75573683548743 3
      vertex 62.05489097692938 53.839625322141366 3
    endloop
  endfacet
  facet normal -0.5555702330196086 -0.831469612302541 0
    outer loop
      vertex 62.225 53.75573683548743 0
      vertex 62.382704072062644 53.65036234342229 3
      vertex 62.225 53.75573683548743 3
    endloop
  endfacet
  facet normal -0.321439465303161 -0.9469301294951059 0
    outer loop
      vertex 61.875287615398655 53.90059244811915 0
      vertex 62.05489097692938 53.839625322141366 3
      vertex 61.875287615398655 53.90059244811915 3
    endloop
  endfacet
  facet normal -0.9978589232386018 -0.06540312923017103 0
    outer loop
      vertex 62.93759504899202 52.68926297871907 3
      vertex 62.93759504899202 52.68926297871907 0
      vertex 62.95 52.5 3
    endloop
  endfacet
  facet normal -0.980785280403233 -0.19509032201611617 0
    outer loop
      vertex 62.90059244811915 52.875287615398655 0
      vertex 62.93759504899202 52.68926297871907 3
      vertex 62.90059244811915 52.875287615398655 3
    endloop
  endfacet
  facet normal -0.831469612302541 -0.5555702330196086 0
    outer loop
      vertex 62.65036234342229 53.382704072062644 0
      vertex 62.75573683548743 53.225 3
      vertex 62.65036234342229 53.382704072062644 3
    endloop
  endfacet
  facet normal -0.9469301294951059 -0.321439465303161 0
    outer loop
      vertex 62.839625322141366 53.05489097692938 0
      vertex 62.90059244811915 52.875287615398655 3
      vertex 62.839625322141366 53.05489097692938 3
    endloop
  endfacet
  facet normal -0.8968727415326844 -0.4422886902190093 0
    outer loop
      vertex 62.75573683548743 53.225 0
      vertex 62.839625322141366 53.05489097692938 3
      vertex 62.75573683548743 53.225 3
    endloop
  endfacet
  facet normal -0.7518398074789873 -0.6593458151000576 0
    outer loop
      vertex 62.525304832720494 53.525304832720494 0
      vertex 62.65036234342229 53.382704072062644 3
      vertex 62.525304832720494 53.525304832720494 3
    endloop
  endfacet
  facet normal -0.6593458151000576 -0.7518398074789873 0
    outer loop
      vertex 62.382704072062644 53.65036234342229 0
      vertex 62.525304832720494 53.525304832720494 3
      vertex 62.382704072062644 53.65036234342229 3
    endloop
  endfacet
  facet normal 0.6593458151000646 0.7518398074789812 0
    outer loop
      vertex 31.080761184457486 13.580761184457488 7
      vertex 31.208610142288663 13.468640657621394 0
      vertex 31.080761184457486 13.580761184457488 0
    endloop
  endfacet
  facet normal 0.8968727415326907 0.44228869021899664 0
    outer loop
      vertex 30.798956607735327 14.002511537925383 7
      vertex 30.87416697508023 13.85 0
      vertex 30.798956607735327 14.002511537925383 0
    endloop
  endfacet
  facet normal 0.7518398074789766 0.6593458151000698 0
    outer loop
      vertex 30.968640657621393 13.708610142288663 7
      vertex 31.080761184457486 13.580761184457488 0
      vertex 30.968640657621393 13.708610142288663 0
    endloop
  endfacet
  facet normal 0.8314696123025471 0.5555702330195994 0
    outer loop
      vertex 30.87416697508023 13.85 7
      vertex 30.968640657621393 13.708610142288663 0
      vertex 30.87416697508023 13.85 0
    endloop
  endfacet
  facet normal 0.5555702330195945 0.8314696123025502 0
    outer loop
      vertex 31.208610142288663 13.468640657621394 7
      vertex 31.35 13.37416697508023 0
      vertex 31.208610142288663 13.468640657621394 0
    endloop
  endfacet
  facet normal 0.44228869021900913 0.8968727415326845 0
    outer loop
      vertex 31.35 13.37416697508023 7
      vertex 31.502511537925383 13.298956607735327 0
      vertex 31.35 13.37416697508023 0
    endloop
  endfacet
  facet normal 0.32143946530315776 0.946930129495107 0
    outer loop
      vertex 31.502511537925383 13.298956607735327 7
      vertex 31.663535241366723 13.244296425824212 0
      vertex 31.502511537925383 13.298956607735327 0
    endloop
  endfacet
  facet normal 0.19509032201612944 0.9807852804032303 0
    outer loop
      vertex 31.663535241366723 13.244296425824212 7
      vertex 31.83031595011393 13.211121680214047 0
      vertex 31.663535241366723 13.244296425824212 0
    endloop
  endfacet
  facet normal 0.06540312923015089 0.9978589232386029 0
    outer loop
      vertex 31.83031595011393 13.211121680214047 7
      vertex 32 13.2 0
      vertex 31.83031595011393 13.211121680214047 0
    endloop
  endfacet
  facet normal -0.06540312923015225 0.9978589232386029 0
    outer loop
      vertex 32 13.2 7
      vertex 32.169684049886065 13.211121680214047 0
      vertex 32 13.2 0
    endloop
  endfacet
  facet normal -0.19509032201612544 0.980785280403231 0
    outer loop
      vertex 32.169684049886065 13.211121680214047 7
      vertex 32.33646475863328 13.244296425824212 0
      vertex 32.169684049886065 13.211121680214047 0
    endloop
  endfacet
  facet normal -0.3214394653031641 0.9469301294951047 0
    outer loop
      vertex 32.33646475863328 13.244296425824212 7
      vertex 32.497488462074614 13.298956607735327 0
      vertex 32.33646475863328 13.244296425824212 0
    endloop
  endfacet
  facet normal -0.4422886902190008 0.8968727415326885 0
    outer loop
      vertex 32.497488462074614 13.298956607735327 7
      vertex 32.65 13.37416697508023 0
      vertex 32.497488462074614 13.298956607735327 0
    endloop
  endfacet
  facet normal -0.5555702330195945 0.8314696123025502 0
    outer loop
      vertex 32.65 13.37416697508023 7
      vertex 32.79138985771134 13.468640657621394 0
      vertex 32.65 13.37416697508023 0
    endloop
  endfacet
  facet normal -0.6593458151000646 0.7518398074789812 0
    outer loop
      vertex 32.79138985771134 13.468640657621394 7
      vertex 32.91923881554251 13.580761184457488 0
      vertex 32.79138985771134 13.468640657621394 0
    endloop
  endfacet
  facet normal -0.7518398074789766 0.6593458151000698 0
    outer loop
      vertex 32.91923881554251 13.580761184457488 0
      vertex 32.91923881554251 13.580761184457488 7
      vertex 33.03135934237861 13.708610142288663 0
    endloop
  endfacet
  facet normal -0.8314696123025471 0.5555702330195994 0
    outer loop
      vertex 33.03135934237861 13.708610142288663 7
      vertex 33.12583302491977 13.85 0
      vertex 33.03135934237861 13.708610142288663 0
    endloop
  endfacet
  facet normal -0.8968727415326907 0.44228869021899664 0
    outer loop
      vertex 33.12583302491977 13.85 7
      vertex 33.20104339226467 14.002511537925383 0
      vertex 33.12583302491977 13.85 0
    endloop
  endfacet
  facet normal 0.9469301294951038 0.32143946530316714 0
    outer loop
      vertex 30.74429642582421 14.163535241366723 7
      vertex 30.798956607735327 14.002511537925383 0
      vertex 30.74429642582421 14.163535241366723 0
    endloop
  endfacet
  facet normal 0.9807852804032307 0.19509032201612744 0
    outer loop
      vertex 30.711121680214045 14.330315950113933 7
      vertex 30.74429642582421 14.163535241366723 0
      vertex 30.711121680214045 14.330315950113933 0
    endloop
  endfacet
  facet normal 0.9978589232386037 0.06540312923014117 0
    outer loop
      vertex 30.7 14.5 7
      vertex 30.711121680214045 14.330315950113933 0
      vertex 30.7 14.5 0
    endloop
  endfacet
  facet normal 0.9978589232386037 -0.06540312923014117 0
    outer loop
      vertex 30.711121680214045 14.669684049886067 7
      vertex 30.7 14.5 0
      vertex 30.711121680214045 14.669684049886067 0
    endloop
  endfacet
  facet normal 0.9807852804032307 -0.19509032201612744 0
    outer loop
      vertex 30.74429642582421 14.836464758633277 7
      vertex 30.711121680214045 14.669684049886067 0
      vertex 30.74429642582421 14.836464758633277 0
    endloop
  endfacet
  facet normal 0.9469301294951038 -0.32143946530316714 0
    outer loop
      vertex 30.798956607735327 14.997488462074617 7
      vertex 30.74429642582421 14.836464758633277 0
      vertex 30.798956607735327 14.997488462074617 0
    endloop
  endfacet
  facet normal 0.8968727415326907 -0.44228869021899664 0
    outer loop
      vertex 30.87416697508023 15.15 7
      vertex 30.798956607735327 14.997488462074617 0
      vertex 30.87416697508023 15.15 0
    endloop
  endfacet
  facet normal 0.8314696123025471 -0.5555702330195994 0
    outer loop
      vertex 30.968640657621393 15.291389857711337 7
      vertex 30.87416697508023 15.15 0
      vertex 30.968640657621393 15.291389857711337 0
    endloop
  endfacet
  facet normal 0.7518398074789766 -0.6593458151000698 0
    outer loop
      vertex 31.080761184457486 15.419238815542512 7
      vertex 30.968640657621393 15.291389857711337 0
      vertex 31.080761184457486 15.419238815542512 0
    endloop
  endfacet
  facet normal 0.6593458151000646 -0.7518398074789812 0
    outer loop
      vertex 31.208610142288663 15.531359342378606 7
      vertex 31.080761184457486 15.419238815542512 0
      vertex 31.208610142288663 15.531359342378606 0
    endloop
  endfacet
  facet normal 0.5555702330195945 -0.8314696123025502 0
    outer loop
      vertex 31.35 15.62583302491977 7
      vertex 31.208610142288663 15.531359342378606 0
      vertex 31.35 15.62583302491977 0
    endloop
  endfacet
  facet normal 0.44228869021900913 -0.8968727415326845 0
    outer loop
      vertex 31.502511537925383 15.701043392264673 7
      vertex 31.35 15.62583302491977 0
      vertex 31.502511537925383 15.701043392264673 0
    endloop
  endfacet
  facet normal 0.32143946530315776 -0.946930129495107 0
    outer loop
      vertex 31.663535241366723 15.755703574175788 7
      vertex 31.502511537925383 15.701043392264673 0
      vertex 31.663535241366723 15.755703574175788 0
    endloop
  endfacet
  facet normal 0.19509032201612944 -0.9807852804032303 0
    outer loop
      vertex 31.83031595011393 15.788878319785953 7
      vertex 31.663535241366723 15.755703574175788 0
      vertex 31.83031595011393 15.788878319785953 0
    endloop
  endfacet
  facet normal -0.3214394653031641 -0.9469301294951047 0
    outer loop
      vertex 32.497488462074614 15.701043392264673 7
      vertex 32.33646475863328 15.755703574175788 0
      vertex 32.497488462074614 15.701043392264673 0
    endloop
  endfacet
  facet normal -0.8968727415326907 -0.44228869021899664 0
    outer loop
      vertex 33.20104339226467 14.997488462074617 7
      vertex 33.12583302491977 15.15 0
      vertex 33.20104339226467 14.997488462074617 0
    endloop
  endfacet
  facet normal -0.8314696123025471 -0.5555702330195994 0
    outer loop
      vertex 33.12583302491977 15.15 7
      vertex 33.03135934237861 15.291389857711337 0
      vertex 33.12583302491977 15.15 0
    endloop
  endfacet
  facet normal -0.4422886902190008 -0.8968727415326885 0
    outer loop
      vertex 32.65 15.62583302491977 7
      vertex 32.497488462074614 15.701043392264673 0
      vertex 32.65 15.62583302491977 0
    endloop
  endfacet
  facet normal -0.5555702330195945 -0.8314696123025502 0
    outer loop
      vertex 32.79138985771134 15.531359342378606 7
      vertex 32.65 15.62583302491977 0
      vertex 32.79138985771134 15.531359342378606 0
    endloop
  endfacet
  facet normal -0.7518398074789766 -0.6593458151000698 0
    outer loop
      vertex 33.03135934237861 15.291389857711337 7
      vertex 32.91923881554251 15.419238815542512 0
      vertex 33.03135934237861 15.291389857711337 0
    endloop
  endfacet
  facet normal -0.6593458151000646 -0.7518398074789812 1.3307560210661755e-19
    outer loop
      vertex 32.79138985771134 15.531359342378606 0
      vertex 32.91923881554251 15.419238815542512 0
      vertex 32.91923881554251 15.419238815542512 7
    endloop
  endfacet
  facet normal -0.9469301294951038 0.32143946530316714 0
    outer loop
      vertex 33.20104339226467 14.002511537925383 7
      vertex 33.25570357417579 14.163535241366723 0
      vertex 33.20104339226467 14.002511537925383 0
    endloop
  endfacet
  facet normal -0.9807852804032346 0.19509032201610735 0
    outer loop
      vertex 33.25570357417579 14.163535241366723 7
      vertex 33.28887831978595 14.330315950113933 0
      vertex 33.25570357417579 14.163535241366723 0
    endloop
  endfacet
  facet normal -0.9978589232386037 0.06540312923014117 0
    outer loop
      vertex 33.28887831978595 14.330315950113933 7
      vertex 33.3 14.5 0
      vertex 33.28887831978595 14.330315950113933 0
    endloop
  endfacet
  facet normal -0.9978589232386037 -0.06540312923014117 0
    outer loop
      vertex 33.3 14.5 7
      vertex 33.28887831978595 14.669684049886067 0
      vertex 33.3 14.5 0
    endloop
  endfacet
  facet normal -0.9807852804032346 -0.19509032201610735 0
    outer loop
      vertex 33.28887831978595 14.669684049886067 7
      vertex 33.25570357417579 14.836464758633277 0
      vertex 33.28887831978595 14.669684049886067 0
    endloop
  endfacet
  facet normal -0.9469301294951038 -0.32143946530316714 0
    outer loop
      vertex 33.25570357417579 14.836464758633277 7
      vertex 33.20104339226467 14.997488462074617 0
      vertex 33.25570357417579 14.836464758633277 0
    endloop
  endfacet
  facet normal 0.06540312923015089 -0.9978589232386029 0
    outer loop
      vertex 32 15.8 7
      vertex 31.83031595011393 15.788878319785953 0
      vertex 32 15.8 0
    endloop
  endfacet
  facet normal -0.06540312923015225 -0.9978589232386029 0
    outer loop
      vertex 32.169684049886065 15.788878319785953 7
      vertex 32 15.8 0
      vertex 32.169684049886065 15.788878319785953 0
    endloop
  endfacet
  facet normal -0.19509032201612544 -0.980785280403231 0
    outer loop
      vertex 32.33646475863328 15.755703574175788 7
      vertex 32.169684049886065 15.788878319785953 0
      vertex 32.33646475863328 15.755703574175788 0
    endloop
  endfacet
  facet normal 0.6593458151000646 0.7518398074789812 0
    outer loop
      vertex 31.208610142288663 13.468640657621394 7
      vertex 31.208610142288663 13.468640657621394 0
      vertex 31.080761184457486 13.580761184457488 7
    endloop
  endfacet
  facet normal 0.8968727415326907 0.44228869021899664 -3.3731230603123445e-19
    outer loop
      vertex 30.798956607735327 14.002511537925383 7
      vertex 30.87416697508023 13.85 7
      vertex 30.87416697508023 13.85 0
    endloop
  endfacet
  facet normal 0.7518398074789766 0.6593458151000698 -1.4174998768259694e-19
    outer loop
      vertex 30.968640657621393 13.708610142288663 7
      vertex 31.080761184457486 13.580761184457488 7
      vertex 31.080761184457486 13.580761184457488 0
    endloop
  endfacet
  facet normal 0.8314696123025471 0.5555702330195994 -2.1264523303763485e-19
    outer loop
      vertex 30.87416697508023 13.85 7
      vertex 30.968640657621393 13.708610142288663 7
      vertex 30.968640657621393 13.708610142288663 0
    endloop
  endfacet
  facet normal 0.44228869021900913 0.8968727415326845 0
    outer loop
      vertex 31.502511537925383 13.298956607735327 7
      vertex 31.502511537925383 13.298956607735327 0
      vertex 31.35 13.37416697508023 7
    endloop
  endfacet
  facet normal 0.5555702330195945 0.8314696123025502 0
    outer loop
      vertex 31.35 13.37416697508023 7
      vertex 31.35 13.37416697508023 0
      vertex 31.208610142288663 13.468640657621394 7
    endloop
  endfacet
  facet normal 0.32143946530315776 0.946930129495107 0
    outer loop
      vertex 31.663535241366723 13.244296425824212 7
      vertex 31.663535241366723 13.244296425824212 0
      vertex 31.502511537925383 13.298956607735327 7
    endloop
  endfacet
  facet normal 0.19509032201612944 0.9807852804032303 0
    outer loop
      vertex 31.83031595011393 13.211121680214047 7
      vertex 31.83031595011393 13.211121680214047 0
      vertex 31.663535241366723 13.244296425824212 7
    endloop
  endfacet
  facet normal 0.06540312923015089 0.9978589232386029 0
    outer loop
      vertex 32 13.2 7
      vertex 32 13.2 0
      vertex 31.83031595011393 13.211121680214047 7
    endloop
  endfacet
  facet normal -0.06540312923015225 0.9978589232386029 0
    outer loop
      vertex 32.169684049886065 13.211121680214047 7
      vertex 32.169684049886065 13.211121680214047 0
      vertex 32 13.2 7
    endloop
  endfacet
  facet normal -0.19509032201612544 0.980785280403231 0
    outer loop
      vertex 32.33646475863328 13.244296425824212 7
      vertex 32.33646475863328 13.244296425824212 0
      vertex 32.169684049886065 13.211121680214047 7
    endloop
  endfacet
  facet normal -0.3214394653031641 0.9469301294951047 0
    outer loop
      vertex 32.497488462074614 13.298956607735327 7
      vertex 32.497488462074614 13.298956607735327 0
      vertex 32.33646475863328 13.244296425824212 7
    endloop
  endfacet
  facet normal -0.4422886902190008 0.8968727415326885 0
    outer loop
      vertex 32.65 13.37416697508023 7
      vertex 32.65 13.37416697508023 0
      vertex 32.497488462074614 13.298956607735327 7
    endloop
  endfacet
  facet normal -0.5555702330195945 0.8314696123025502 0
    outer loop
      vertex 32.79138985771134 13.468640657621394 7
      vertex 32.79138985771134 13.468640657621394 0
      vertex 32.65 13.37416697508023 7
    endloop
  endfacet
  facet normal -0.6593458151000646 0.7518398074789812 0
    outer loop
      vertex 32.91923881554251 13.580761184457488 7
      vertex 32.91923881554251 13.580761184457488 0
      vertex 32.79138985771134 13.468640657621394 7
    endloop
  endfacet
  facet normal -0.7518398074789766 0.6593458151000698 1.4174998768259694e-19
    outer loop
      vertex 32.91923881554251 13.580761184457488 7
      vertex 33.03135934237861 13.708610142288663 7
      vertex 33.03135934237861 13.708610142288663 0
    endloop
  endfacet
  facet normal -0.8314696123025471 0.5555702330195994 2.1264523303763485e-19
    outer loop
      vertex 33.03135934237861 13.708610142288663 7
      vertex 33.12583302491977 13.85 7
      vertex 33.12583302491977 13.85 0
    endloop
  endfacet
  facet normal -0.8968727415326907 0.44228869021899664 3.3731230603123445e-19
    outer loop
      vertex 33.12583302491977 13.85 7
      vertex 33.20104339226467 14.002511537925383 7
      vertex 33.20104339226467 14.002511537925383 0
    endloop
  endfacet
  facet normal 0.9469301294951038 0.32143946530316714 -1.5492602615121003e-19
    outer loop
      vertex 30.74429642582421 14.163535241366723 7
      vertex 30.798956607735327 14.002511537925383 7
      vertex 30.798956607735327 14.002511537925383 0
    endloop
  endfacet
  facet normal 0.9978589232386037 0.06540312923014117 -8.273471040447193e-20
    outer loop
      vertex 30.7 14.5 7
      vertex 30.711121680214045 14.330315950113933 7
      vertex 30.711121680214045 14.330315950113933 0
    endloop
  endfacet
  facet normal 0.9807852804032307 0.19509032201612744 -3.1557117984689e-19
    outer loop
      vertex 30.711121680214045 14.330315950113933 7
      vertex 30.74429642582421 14.163535241366723 7
      vertex 30.74429642582421 14.163535241366723 0
    endloop
  endfacet
  facet normal 0.9978589232386037 -0.06540312923014117 8.273471040447193e-20
    outer loop
      vertex 30.711121680214045 14.669684049886067 7
      vertex 30.7 14.5 7
      vertex 30.7 14.5 0
    endloop
  endfacet
  facet normal 0.9807852804032307 -0.19509032201612744 3.1557117984689e-19
    outer loop
      vertex 30.74429642582421 14.836464758633277 7
      vertex 30.711121680214045 14.669684049886067 7
      vertex 30.711121680214045 14.669684049886067 0
    endloop
  endfacet
  facet normal 0.9469301294951038 -0.32143946530316714 1.5492602615121003e-19
    outer loop
      vertex 30.798956607735327 14.997488462074617 7
      vertex 30.74429642582421 14.836464758633277 7
      vertex 30.74429642582421 14.836464758633277 0
    endloop
  endfacet
  facet normal 0.8968727415326907 -0.44228869021899664 3.3731230603123445e-19
    outer loop
      vertex 30.87416697508023 15.15 7
      vertex 30.798956607735327 14.997488462074617 7
      vertex 30.798956607735327 14.997488462074617 0
    endloop
  endfacet
  facet normal 0.8314696123025471 -0.5555702330195994 2.1264523303763485e-19
    outer loop
      vertex 30.968640657621393 15.291389857711337 7
      vertex 30.87416697508023 15.15 7
      vertex 30.87416697508023 15.15 0
    endloop
  endfacet
  facet normal 0.7518398074789766 -0.6593458151000698 1.4174998768259694e-19
    outer loop
      vertex 31.080761184457486 15.419238815542512 7
      vertex 30.968640657621393 15.291389857711337 7
      vertex 30.968640657621393 15.291389857711337 0
    endloop
  endfacet
  facet normal 0.6593458151000646 -0.7518398074789812 0
    outer loop
      vertex 31.080761184457486 15.419238815542512 7
      vertex 31.080761184457486 15.419238815542512 0
      vertex 31.208610142288663 15.531359342378606 7
    endloop
  endfacet
  facet normal 0.5555702330195945 -0.8314696123025502 0
    outer loop
      vertex 31.208610142288663 15.531359342378606 7
      vertex 31.208610142288663 15.531359342378606 0
      vertex 31.35 15.62583302491977 7
    endloop
  endfacet
  facet normal 0.44228869021900913 -0.8968727415326845 0
    outer loop
      vertex 31.35 15.62583302491977 7
      vertex 31.35 15.62583302491977 0
      vertex 31.502511537925383 15.701043392264673 7
    endloop
  endfacet
  facet normal 0.32143946530315776 -0.946930129495107 0
    outer loop
      vertex 31.502511537925383 15.701043392264673 7
      vertex 31.502511537925383 15.701043392264673 0
      vertex 31.663535241366723 15.755703574175788 7
    endloop
  endfacet
  facet normal 0.19509032201612944 -0.9807852804032303 0
    outer loop
      vertex 31.663535241366723 15.755703574175788 7
      vertex 31.663535241366723 15.755703574175788 0
      vertex 31.83031595011393 15.788878319785953 7
    endloop
  endfacet
  facet normal -0.3214394653031641 -0.9469301294951047 0
    outer loop
      vertex 32.33646475863328 15.755703574175788 7
      vertex 32.33646475863328 15.755703574175788 0
      vertex 32.497488462074614 15.701043392264673 7
    endloop
  endfacet
  facet normal -0.8968727415326907 -0.44228869021899664 -3.3731230603123445e-19
    outer loop
      vertex 33.20104339226467 14.997488462074617 7
      vertex 33.12583302491977 15.15 7
      vertex 33.12583302491977 15.15 0
    endloop
  endfacet
  facet normal -0.8314696123025471 -0.5555702330195994 -2.1264523303763485e-19
    outer loop
      vertex 33.12583302491977 15.15 7
      vertex 33.03135934237861 15.291389857711337 7
      vertex 33.03135934237861 15.291389857711337 0
    endloop
  endfacet
  facet normal -0.6593458151000646 -0.7518398074789812 0
    outer loop
      vertex 32.79138985771134 15.531359342378606 7
      vertex 32.79138985771134 15.531359342378606 0
      vertex 32.91923881554251 15.419238815542512 7
    endloop
  endfacet
  facet normal -0.5555702330195945 -0.8314696123025502 0
    outer loop
      vertex 32.65 15.62583302491977 7
      vertex 32.65 15.62583302491977 0
      vertex 32.79138985771134 15.531359342378606 7
    endloop
  endfacet
  facet normal -0.4422886902190008 -0.8968727415326885 0
    outer loop
      vertex 32.497488462074614 15.701043392264673 7
      vertex 32.497488462074614 15.701043392264673 0
      vertex 32.65 15.62583302491977 7
    endloop
  endfacet
  facet normal -0.7518398074789766 -0.6593458151000698 -1.4174998768259694e-19
    outer loop
      vertex 33.03135934237861 15.291389857711337 7
      vertex 32.91923881554251 15.419238815542512 7
      vertex 32.91923881554251 15.419238815542512 0
    endloop
  endfacet
  facet normal -0.9469301294951038 0.32143946530316714 1.5492602615121003e-19
    outer loop
      vertex 33.20104339226467 14.002511537925383 7
      vertex 33.25570357417579 14.163535241366723 7
      vertex 33.25570357417579 14.163535241366723 0
    endloop
  endfacet
  facet normal -0.9807852804032346 0.19509032201610735 2.1808762279178447e-19
    outer loop
      vertex 33.25570357417579 14.163535241366723 7
      vertex 33.28887831978595 14.330315950113933 7
      vertex 33.28887831978595 14.330315950113933 0
    endloop
  endfacet
  facet normal -0.9978589232386037 0.06540312923014117 8.273471040447193e-20
    outer loop
      vertex 33.28887831978595 14.330315950113933 7
      vertex 33.3 14.5 7
      vertex 33.3 14.5 0
    endloop
  endfacet
  facet normal -0.9978589232386037 -0.06540312923014117 -8.273471040447193e-20
    outer loop
      vertex 33.3 14.5 7
      vertex 33.28887831978595 14.669684049886067 7
      vertex 33.28887831978595 14.669684049886067 0
    endloop
  endfacet
  facet normal -0.9807852804032346 -0.19509032201610735 -2.1808762279178447e-19
    outer loop
      vertex 33.28887831978595 14.669684049886067 7
      vertex 33.25570357417579 14.836464758633277 7
      vertex 33.25570357417579 14.836464758633277 0
    endloop
  endfacet
  facet normal -0.9469301294951038 -0.32143946530316714 -1.5492602615121003e-19
    outer loop
      vertex 33.25570357417579 14.836464758633277 7
      vertex 33.20104339226467 14.997488462074617 7
      vertex 33.20104339226467 14.997488462074617 0
    endloop
  endfacet
  facet normal 0.06540312923015089 -0.9978589232386029 0
    outer loop
      vertex 31.83031595011393 15.788878319785953 7
      vertex 31.83031595011393 15.788878319785953 0
      vertex 32 15.8 7
    endloop
  endfacet
  facet normal -0.06540312923015225 -0.9978589232386029 0
    outer loop
      vertex 32 15.8 7
      vertex 32 15.8 0
      vertex 32.169684049886065 15.788878319785953 7
    endloop
  endfacet
  facet normal -0.19509032201612544 -0.980785280403231 0
    outer loop
      vertex 32.169684049886065 15.788878319785953 7
      vertex 32.169684049886065 15.788878319785953 0
      vertex 32.33646475863328 15.755703574175788 7
    endloop
  endfacet
  facet normal 0.19509032201610937 0.9807852804032343 0
    outer loop
      vertex 31.663535241366723 40.24429642582421 0
      vertex 31.663535241366723 40.24429642582421 7
      vertex 31.83031595011393 40.21112168021405 0
    endloop
  endfacet
  facet normal 0.7518398074789812 0.6593458151000646 1.3307560210661755e-19
    outer loop
      vertex 31.080761184457486 40.58076118445749 0
      vertex 30.968640657621393 40.70861014228866 0
      vertex 30.968640657621393 40.70861014228866 7
    endloop
  endfacet
  facet normal 0.6593458151000646 0.7518398074789812 0
    outer loop
      vertex 31.080761184457486 40.58076118445749 0
      vertex 31.080761184457486 40.58076118445749 7
      vertex 31.208610142288663 40.46864065762139 0
    endloop
  endfacet
  facet normal 0.8968727415326927 0.4422886902189924 -3.597788661611245e-19
    outer loop
      vertex 30.87416697508023 40.85 0
      vertex 30.798956607735327 41.002511537925386 0
      vertex 30.798956607735327 41.002511537925386 7
    endloop
  endfacet
  facet normal 0.9469301294951017 0.3214394653031735 -2.3646037479899974e-19
    outer loop
      vertex 30.798956607735327 41.002511537925386 0
      vertex 30.74429642582421 41.16353524136672 0
      vertex 30.74429642582421 41.16353524136672 7
    endloop
  endfacet
  facet normal 0.8314696123025502 0.5555702330195945 1.6473114234533145e-19
    outer loop
      vertex 30.968640657621393 40.70861014228866 0
      vertex 30.87416697508023 40.85 0
      vertex 30.87416697508023 40.85 7
    endloop
  endfacet
  facet normal 0.5555702330195945 0.8314696123025502 0
    outer loop
      vertex 31.208610142288663 40.46864065762139 0
      vertex 31.208610142288663 40.46864065762139 7
      vertex 31.35 40.37416697508023 0
    endloop
  endfacet
  facet normal 0.44228869021900075 0.8968727415326887 0
    outer loop
      vertex 31.35 40.37416697508023 0
      vertex 31.35 40.37416697508023 7
      vertex 31.502511537925383 40.29895660773533 0
    endloop
  endfacet
  facet normal 0.32143946530316714 0.9469301294951038 0
    outer loop
      vertex 31.502511537925383 40.29895660773533 0
      vertex 31.502511537925383 40.29895660773533 7
      vertex 31.663535241366723 40.24429642582421 0
    endloop
  endfacet
  facet normal 0.980785280403231 0.19509032201612544 -2.73220210948531e-19
    outer loop
      vertex 30.74429642582421 41.16353524136672 0
      vertex 30.711121680214045 41.330315950113935 0
      vertex 30.711121680214045 41.330315950113935 7
    endloop
  endfacet
  facet normal 0.9978589232386037 0.06540312923014185 -6.291412551235384e-20
    outer loop
      vertex 30.711121680214045 41.330315950113935 0
      vertex 30.7 41.5 0
      vertex 30.7 41.5 7
    endloop
  endfacet
  facet normal 0.9978589232386037 -0.06540312923014185 6.291412551235384e-20
    outer loop
      vertex 30.7 41.5 0
      vertex 30.711121680214045 41.669684049886065 0
      vertex 30.711121680214045 41.669684049886065 7
    endloop
  endfacet
  facet normal 0.980785280403231 -0.19509032201612544 2.73220210948531e-19
    outer loop
      vertex 30.711121680214045 41.669684049886065 0
      vertex 30.74429642582421 41.83646475863328 0
      vertex 30.74429642582421 41.83646475863328 7
    endloop
  endfacet
  facet normal 0.9469301294951017 -0.3214394653031735 2.3646037479899974e-19
    outer loop
      vertex 30.74429642582421 41.83646475863328 0
      vertex 30.798956607735327 41.997488462074614 0
      vertex 30.798956607735327 41.997488462074614 7
    endloop
  endfacet
  facet normal 0.0654031292301405 0.9978589232386037 0
    outer loop
      vertex 31.83031595011393 40.21112168021405 0
      vertex 31.83031595011393 40.21112168021405 7
      vertex 32 40.2 0
    endloop
  endfacet
  facet normal -0.06540312923014185 0.9978589232386037 0
    outer loop
      vertex 32 40.2 0
      vertex 32 40.2 7
      vertex 32.169684049886065 40.21112168021405 0
    endloop
  endfacet
  facet normal -0.19509032201610535 0.9807852804032351 0
    outer loop
      vertex 32.169684049886065 40.21112168021405 0
      vertex 32.169684049886065 40.21112168021405 7
      vertex 32.33646475863328 40.24429642582421 0
    endloop
  endfacet
  facet normal -0.3214394653031735 0.9469301294951017 0
    outer loop
      vertex 32.33646475863328 40.24429642582421 0
      vertex 32.33646475863328 40.24429642582421 7
      vertex 32.497488462074614 40.29895660773533 0
    endloop
  endfacet
  facet normal -0.4422886902189924 0.8968727415326927 0
    outer loop
      vertex 32.497488462074614 40.29895660773533 0
      vertex 32.497488462074614 40.29895660773533 7
      vertex 32.65 40.37416697508023 0
    endloop
  endfacet
  facet normal -0.5555702330195945 0.8314696123025502 0
    outer loop
      vertex 32.65 40.37416697508023 0
      vertex 32.65 40.37416697508023 7
      vertex 32.79138985771134 40.46864065762139 0
    endloop
  endfacet
  facet normal -0.6593458151000646 0.7518398074789812 0
    outer loop
      vertex 32.79138985771134 40.46864065762139 0
      vertex 32.79138985771134 40.46864065762139 7
      vertex 32.91923881554251 40.58076118445749 0
    endloop
  endfacet
  facet normal -0.7518398074789812 0.6593458151000646 0
    outer loop
      vertex 32.91923881554251 40.58076118445749 0
      vertex 32.91923881554251 40.58076118445749 7
      vertex 33.03135934237861 40.70861014228866 0
    endloop
  endfacet
  facet normal -0.8314696123025502 0.5555702330195945 -1.6473114234533145e-19
    outer loop
      vertex 33.12583302491977 40.85 0
      vertex 33.03135934237861 40.70861014228866 0
      vertex 33.03135934237861 40.70861014228866 7
    endloop
  endfacet
  facet normal -0.8968727415326927 0.4422886902189924 3.597788661611245e-19
    outer loop
      vertex 33.20104339226467 41.002511537925386 0
      vertex 33.12583302491977 40.85 0
      vertex 33.12583302491977 40.85 7
    endloop
  endfacet
  facet normal -0.9469301294951017 0.3214394653031735 2.3646037479899974e-19
    outer loop
      vertex 33.25570357417579 41.16353524136672 0
      vertex 33.20104339226467 41.002511537925386 0
      vertex 33.20104339226467 41.002511537925386 7
    endloop
  endfacet
  facet normal -0.9807852804032351 0.19509032201610535 1.7573665388812454e-19
    outer loop
      vertex 33.28887831978595 41.330315950113935 0
      vertex 33.25570357417579 41.16353524136672 0
      vertex 33.25570357417579 41.16353524136672 7
    endloop
  endfacet
  facet normal -0.9978589232386037 0.06540312923014185 6.291412551235384e-20
    outer loop
      vertex 33.3 41.5 0
      vertex 33.28887831978595 41.330315950113935 0
      vertex 33.28887831978595 41.330315950113935 7
    endloop
  endfacet
  facet normal -0.9978589232386037 -0.06540312923014185 -6.291412551235384e-20
    outer loop
      vertex 33.28887831978595 41.669684049886065 0
      vertex 33.3 41.5 0
      vertex 33.3 41.5 7
    endloop
  endfacet
  facet normal -0.9807852804032351 -0.19509032201610535 -1.7573665388812454e-19
    outer loop
      vertex 33.25570357417579 41.83646475863328 0
      vertex 33.28887831978595 41.669684049886065 0
      vertex 33.28887831978595 41.669684049886065 7
    endloop
  endfacet
  facet normal -0.9469301294951017 -0.3214394653031735 -2.3646037479899974e-19
    outer loop
      vertex 33.20104339226467 41.997488462074614 0
      vertex 33.25570357417579 41.83646475863328 0
      vertex 33.25570357417579 41.83646475863328 7
    endloop
  endfacet
  facet normal 0.8968727415326927 -0.4422886902189924 3.597788661611245e-19
    outer loop
      vertex 30.798956607735327 41.997488462074614 0
      vertex 30.87416697508023 42.15 0
      vertex 30.87416697508023 42.15 7
    endloop
  endfacet
  facet normal 0.8314696123025502 -0.5555702330195945 -1.6473114234533145e-19
    outer loop
      vertex 30.87416697508023 42.15 0
      vertex 30.968640657621393 42.29138985771134 0
      vertex 30.968640657621393 42.29138985771134 7
    endloop
  endfacet
  facet normal 0.7518398074789812 -0.6593458151000646 -1.3307560210661755e-19
    outer loop
      vertex 30.968640657621393 42.29138985771134 0
      vertex 31.080761184457486 42.41923881554251 0
      vertex 31.080761184457486 42.41923881554251 7
    endloop
  endfacet
  facet normal 0.6593458151000646 -0.7518398074789812 0
    outer loop
      vertex 31.208610142288663 42.53135934237861 0
      vertex 31.208610142288663 42.53135934237861 7
      vertex 31.080761184457486 42.41923881554251 0
    endloop
  endfacet
  facet normal 0.5555702330195945 -0.8314696123025502 0
    outer loop
      vertex 31.35 42.62583302491977 0
      vertex 31.35 42.62583302491977 7
      vertex 31.208610142288663 42.53135934237861 0
    endloop
  endfacet
  facet normal 0.44228869021900075 -0.8968727415326887 0
    outer loop
      vertex 31.502511537925383 42.70104339226467 0
      vertex 31.502511537925383 42.70104339226467 7
      vertex 31.35 42.62583302491977 0
    endloop
  endfacet
  facet normal 0.32143946530316714 -0.9469301294951038 0
    outer loop
      vertex 31.663535241366723 42.75570357417579 0
      vertex 31.663535241366723 42.75570357417579 7
      vertex 31.502511537925383 42.70104339226467 0
    endloop
  endfacet
  facet normal 0.19509032201610937 -0.9807852804032343 0
    outer loop
      vertex 31.83031595011393 42.78887831978595 0
      vertex 31.83031595011393 42.78887831978595 7
      vertex 31.663535241366723 42.75570357417579 0
    endloop
  endfacet
  facet normal 0.0654031292301405 -0.9978589232386037 0
    outer loop
      vertex 32 42.8 7
      vertex 31.83031595011393 42.78887831978595 0
      vertex 32 42.8 0
    endloop
  endfacet
  facet normal -0.06540312923014185 -0.9978589232386037 0
    outer loop
      vertex 32.169684049886065 42.78887831978595 0
      vertex 32.169684049886065 42.78887831978595 7
      vertex 32 42.8 0
    endloop
  endfacet
  facet normal -0.19509032201610535 -0.9807852804032351 0
    outer loop
      vertex 32.33646475863328 42.75570357417579 0
      vertex 32.33646475863328 42.75570357417579 7
      vertex 32.169684049886065 42.78887831978595 0
    endloop
  endfacet
  facet normal -0.3214394653031735 -0.9469301294951017 0
    outer loop
      vertex 32.497488462074614 42.70104339226467 0
      vertex 32.497488462074614 42.70104339226467 7
      vertex 32.33646475863328 42.75570357417579 0
    endloop
  endfacet
  facet normal -0.8968727415326927 -0.4422886902189924 -3.597788661611245e-19
    outer loop
      vertex 33.12583302491977 42.15 0
      vertex 33.20104339226467 41.997488462074614 0
      vertex 33.20104339226467 41.997488462074614 7
    endloop
  endfacet
  facet normal -0.8314696123025502 -0.5555702330195945 1.6473114234533145e-19
    outer loop
      vertex 33.03135934237861 42.29138985771134 0
      vertex 33.12583302491977 42.15 0
      vertex 33.12583302491977 42.15 7
    endloop
  endfacet
  facet normal -0.7518398074789812 -0.6593458151000646 1.3307560210661755e-19
    outer loop
      vertex 32.91923881554251 42.41923881554251 0
      vertex 33.03135934237861 42.29138985771134 0
      vertex 33.03135934237861 42.29138985771134 7
    endloop
  endfacet
  facet normal -0.4422886902189924 -0.8968727415326927 0
    outer loop
      vertex 32.65 42.62583302491977 0
      vertex 32.65 42.62583302491977 7
      vertex 32.497488462074614 42.70104339226467 0
    endloop
  endfacet
  facet normal -0.5555702330195945 -0.8314696123025502 0
    outer loop
      vertex 32.79138985771134 42.53135934237861 0
      vertex 32.79138985771134 42.53135934237861 7
      vertex 32.65 42.62583302491977 0
    endloop
  endfacet
  facet normal -0.6593458151000646 -0.7518398074789812 1.3307560210661755e-19
    outer loop
      vertex 32.79138985771134 42.53135934237861 0
      vertex 32.91923881554251 42.41923881554251 0
      vertex 32.91923881554251 42.41923881554251 7
    endloop
  endfacet
  facet normal 0.19509032201610937 0.9807852804032343 0
    outer loop
      vertex 31.83031595011393 40.21112168021405 0
      vertex 31.663535241366723 40.24429642582421 7
      vertex 31.83031595011393 40.21112168021405 7
    endloop
  endfacet
  facet normal 0.7518398074789812 0.6593458151000646 1.3307560210661755e-19
    outer loop
      vertex 30.968640657621393 40.70861014228866 7
      vertex 31.080761184457486 40.58076118445749 7
      vertex 31.080761184457486 40.58076118445749 0
    endloop
  endfacet
  facet normal 0.6593458151000646 0.7518398074789812 0
    outer loop
      vertex 31.208610142288663 40.46864065762139 0
      vertex 31.080761184457486 40.58076118445749 7
      vertex 31.208610142288663 40.46864065762139 7
    endloop
  endfacet
  facet normal 0.8968727415326927 0.4422886902189924 0
    outer loop
      vertex 30.87416697508023 40.85 0
      vertex 30.798956607735327 41.002511537925386 7
      vertex 30.87416697508023 40.85 7
    endloop
  endfacet
  facet normal 0.9469301294951017 0.3214394653031735 -2.3646037479899974e-19
    outer loop
      vertex 30.74429642582421 41.16353524136672 7
      vertex 30.798956607735327 41.002511537925386 7
      vertex 30.798956607735327 41.002511537925386 0
    endloop
  endfacet
  facet normal 0.8314696123025502 0.5555702330195945 0
    outer loop
      vertex 30.968640657621393 40.70861014228866 0
      vertex 30.87416697508023 40.85 7
      vertex 30.968640657621393 40.70861014228866 7
    endloop
  endfacet
  facet normal 0.5555702330195945 0.8314696123025502 0
    outer loop
      vertex 31.35 40.37416697508023 0
      vertex 31.208610142288663 40.46864065762139 7
      vertex 31.35 40.37416697508023 7
    endloop
  endfacet
  facet normal 0.44228869021900075 0.8968727415326887 0
    outer loop
      vertex 31.502511537925383 40.29895660773533 0
      vertex 31.35 40.37416697508023 7
      vertex 31.502511537925383 40.29895660773533 7
    endloop
  endfacet
  facet normal 0.32143946530316714 0.9469301294951038 0
    outer loop
      vertex 31.663535241366723 40.24429642582421 0
      vertex 31.502511537925383 40.29895660773533 7
      vertex 31.663535241366723 40.24429642582421 7
    endloop
  endfacet
  facet normal 0.980785280403231 0.19509032201612544 0
    outer loop
      vertex 30.74429642582421 41.16353524136672 0
      vertex 30.711121680214045 41.330315950113935 7
      vertex 30.74429642582421 41.16353524136672 7
    endloop
  endfacet
  facet normal 0.9978589232386037 0.06540312923014185 0
    outer loop
      vertex 30.711121680214045 41.330315950113935 0
      vertex 30.7 41.5 7
      vertex 30.711121680214045 41.330315950113935 7
    endloop
  endfacet
  facet normal 0.9978589232386037 -0.06540312923014185 0
    outer loop
      vertex 30.7 41.5 0
      vertex 30.711121680214045 41.669684049886065 7
      vertex 30.7 41.5 7
    endloop
  endfacet
  facet normal 0.980785280403231 -0.19509032201612544 0
    outer loop
      vertex 30.711121680214045 41.669684049886065 0
      vertex 30.74429642582421 41.83646475863328 7
      vertex 30.711121680214045 41.669684049886065 7
    endloop
  endfacet
  facet normal 0.9469301294951017 -0.3214394653031735 2.3646037479899974e-19
    outer loop
      vertex 30.798956607735327 41.997488462074614 7
      vertex 30.74429642582421 41.83646475863328 7
      vertex 30.74429642582421 41.83646475863328 0
    endloop
  endfacet
  facet normal 0.0654031292301405 0.9978589232386037 0
    outer loop
      vertex 32 40.2 0
      vertex 31.83031595011393 40.21112168021405 7
      vertex 32 40.2 7
    endloop
  endfacet
  facet normal -0.06540312923014185 0.9978589232386037 0
    outer loop
      vertex 32.169684049886065 40.21112168021405 0
      vertex 32 40.2 7
      vertex 32.169684049886065 40.21112168021405 7
    endloop
  endfacet
  facet normal -0.19509032201610535 0.9807852804032351 0
    outer loop
      vertex 32.33646475863328 40.24429642582421 0
      vertex 32.169684049886065 40.21112168021405 7
      vertex 32.33646475863328 40.24429642582421 7
    endloop
  endfacet
  facet normal -0.3214394653031735 0.9469301294951017 0
    outer loop
      vertex 32.497488462074614 40.29895660773533 0
      vertex 32.33646475863328 40.24429642582421 7
      vertex 32.497488462074614 40.29895660773533 7
    endloop
  endfacet
  facet normal -0.4422886902189924 0.8968727415326927 0
    outer loop
      vertex 32.65 40.37416697508023 0
      vertex 32.497488462074614 40.29895660773533 7
      vertex 32.65 40.37416697508023 7
    endloop
  endfacet
  facet normal -0.5555702330195945 0.8314696123025502 0
    outer loop
      vertex 32.79138985771134 40.46864065762139 0
      vertex 32.65 40.37416697508023 7
      vertex 32.79138985771134 40.46864065762139 7
    endloop
  endfacet
  facet normal -0.6593458151000646 0.7518398074789812 0
    outer loop
      vertex 32.91923881554251 40.58076118445749 0
      vertex 32.79138985771134 40.46864065762139 7
      vertex 32.91923881554251 40.58076118445749 7
    endloop
  endfacet
  facet normal -0.7518398074789812 0.6593458151000646 0
    outer loop
      vertex 33.03135934237861 40.70861014228866 0
      vertex 32.91923881554251 40.58076118445749 7
      vertex 33.03135934237861 40.70861014228866 7
    endloop
  endfacet
  facet normal -0.8314696123025502 0.5555702330195945 -1.6473114234533145e-19
    outer loop
      vertex 33.03135934237861 40.70861014228866 7
      vertex 33.12583302491977 40.85 7
      vertex 33.12583302491977 40.85 0
    endloop
  endfacet
  facet normal -0.8968727415326927 0.4422886902189924 0
    outer loop
      vertex 33.20104339226467 41.002511537925386 0
      vertex 33.12583302491977 40.85 7
      vertex 33.20104339226467 41.002511537925386 7
    endloop
  endfacet
  facet normal -0.9469301294951017 0.3214394653031735 2.3646037479899974e-19
    outer loop
      vertex 33.20104339226467 41.002511537925386 7
      vertex 33.25570357417579 41.16353524136672 7
      vertex 33.25570357417579 41.16353524136672 0
    endloop
  endfacet
  facet normal -0.9807852804032351 0.19509032201610535 0
    outer loop
      vertex 33.28887831978595 41.330315950113935 0
      vertex 33.25570357417579 41.16353524136672 7
      vertex 33.28887831978595 41.330315950113935 7
    endloop
  endfacet
  facet normal -0.9978589232386037 0.06540312923014185 0
    outer loop
      vertex 33.3 41.5 0
      vertex 33.28887831978595 41.330315950113935 7
      vertex 33.3 41.5 7
    endloop
  endfacet
  facet normal -0.9978589232386037 -0.06540312923014185 0
    outer loop
      vertex 33.28887831978595 41.669684049886065 0
      vertex 33.3 41.5 7
      vertex 33.28887831978595 41.669684049886065 7
    endloop
  endfacet
  facet normal -0.9807852804032351 -0.19509032201610535 0
    outer loop
      vertex 33.25570357417579 41.83646475863328 0
      vertex 33.28887831978595 41.669684049886065 7
      vertex 33.25570357417579 41.83646475863328 7
    endloop
  endfacet
  facet normal -0.9469301294951017 -0.3214394653031735 -2.3646037479899974e-19
    outer loop
      vertex 33.25570357417579 41.83646475863328 7
      vertex 33.20104339226467 41.997488462074614 7
      vertex 33.20104339226467 41.997488462074614 0
    endloop
  endfacet
  facet normal 0.8968727415326927 -0.4422886902189924 0
    outer loop
      vertex 30.798956607735327 41.997488462074614 0
      vertex 30.87416697508023 42.15 7
      vertex 30.798956607735327 41.997488462074614 7
    endloop
  endfacet
  facet normal 0.8314696123025502 -0.5555702330195945 -1.6473114234533145e-19
    outer loop
      vertex 30.968640657621393 42.29138985771134 7
      vertex 30.87416697508023 42.15 7
      vertex 30.87416697508023 42.15 0
    endloop
  endfacet
  facet normal 0.7518398074789812 -0.6593458151000646 0
    outer loop
      vertex 30.968640657621393 42.29138985771134 0
      vertex 31.080761184457486 42.41923881554251 7
      vertex 30.968640657621393 42.29138985771134 7
    endloop
  endfacet
  facet normal 0.6593458151000646 -0.7518398074789812 0
    outer loop
      vertex 31.080761184457486 42.41923881554251 0
      vertex 31.208610142288663 42.53135934237861 7
      vertex 31.080761184457486 42.41923881554251 7
    endloop
  endfacet
  facet normal 0.5555702330195945 -0.8314696123025502 0
    outer loop
      vertex 31.208610142288663 42.53135934237861 0
      vertex 31.35 42.62583302491977 7
      vertex 31.208610142288663 42.53135934237861 7
    endloop
  endfacet
  facet normal 0.44228869021900075 -0.8968727415326887 0
    outer loop
      vertex 31.35 42.62583302491977 0
      vertex 31.502511537925383 42.70104339226467 7
      vertex 31.35 42.62583302491977 7
    endloop
  endfacet
  facet normal 0.32143946530316714 -0.9469301294951038 0
    outer loop
      vertex 31.502511537925383 42.70104339226467 0
      vertex 31.663535241366723 42.75570357417579 7
      vertex 31.502511537925383 42.70104339226467 7
    endloop
  endfacet
  facet normal 0.19509032201610937 -0.9807852804032343 0
    outer loop
      vertex 31.663535241366723 42.75570357417579 0
      vertex 31.83031595011393 42.78887831978595 7
      vertex 31.663535241366723 42.75570357417579 7
    endloop
  endfacet
  facet normal 0.0654031292301405 -0.9978589232386037 0
    outer loop
      vertex 31.83031595011393 42.78887831978595 0
      vertex 32 42.8 7
      vertex 31.83031595011393 42.78887831978595 7
    endloop
  endfacet
  facet normal -0.06540312923014185 -0.9978589232386037 0
    outer loop
      vertex 32 42.8 0
      vertex 32.169684049886065 42.78887831978595 7
      vertex 32 42.8 7
    endloop
  endfacet
  facet normal -0.19509032201610535 -0.9807852804032351 0
    outer loop
      vertex 32.169684049886065 42.78887831978595 0
      vertex 32.33646475863328 42.75570357417579 7
      vertex 32.169684049886065 42.78887831978595 7
    endloop
  endfacet
  facet normal -0.3214394653031735 -0.9469301294951017 0
    outer loop
      vertex 32.33646475863328 42.75570357417579 0
      vertex 32.497488462074614 42.70104339226467 7
      vertex 32.33646475863328 42.75570357417579 7
    endloop
  endfacet
  facet normal -0.8968727415326927 -0.4422886902189924 0
    outer loop
      vertex 33.12583302491977 42.15 0
      vertex 33.20104339226467 41.997488462074614 7
      vertex 33.12583302491977 42.15 7
    endloop
  endfacet
  facet normal -0.7518398074789812 -0.6593458151000646 1.3307560210661755e-19
    outer loop
      vertex 33.03135934237861 42.29138985771134 7
      vertex 32.91923881554251 42.41923881554251 7
      vertex 32.91923881554251 42.41923881554251 0
    endloop
  endfacet
  facet normal -0.8314696123025502 -0.5555702330195945 0
    outer loop
      vertex 33.03135934237861 42.29138985771134 0
      vertex 33.12583302491977 42.15 7
      vertex 33.03135934237861 42.29138985771134 7
    endloop
  endfacet
  facet normal -0.5555702330195945 -0.8314696123025502 0
    outer loop
      vertex 32.65 42.62583302491977 0
      vertex 32.79138985771134 42.53135934237861 7
      vertex 32.65 42.62583302491977 7
    endloop
  endfacet
  facet normal -0.6593458151000646 -0.7518398074789812 0
    outer loop
      vertex 32.79138985771134 42.53135934237861 0
      vertex 32.91923881554251 42.41923881554251 7
      vertex 32.79138985771134 42.53135934237861 7
    endloop
  endfacet
  facet normal -0.4422886902189924 -0.8968727415326927 0
    outer loop
      vertex 32.497488462074614 42.70104339226467 0
      vertex 32.65 42.62583302491977 7
      vertex 32.497488462074614 42.70104339226467 7
    endloop
  endfacet
  facet normal 0.7518398074789766 0.6593458151000698 -1.4174998768259694e-19
    outer loop
      vertex 79.08076118445749 13.580761184457488 0
      vertex 78.96864065762139 13.708610142288663 0
      vertex 78.96864065762139 13.708610142288663 7
    endloop
  endfacet
  facet normal 0.8968727415326742 0.4422886902190303 1.1845659182513482e-19
    outer loop
      vertex 78.87416697508023 13.85 0
      vertex 78.79895660773532 14.002511537925383 0
      vertex 78.79895660773532 14.002511537925383 7
    endloop
  endfacet
  facet normal 0.8314696123025471 0.5555702330195994 -2.1264523303763485e-19
    outer loop
      vertex 78.96864065762139 13.708610142288663 0
      vertex 78.87416697508023 13.85 0
      vertex 78.87416697508023 13.85 7
    endloop
  endfacet
  facet normal 0.6593458151000646 0.7518398074789812 0
    outer loop
      vertex 79.08076118445749 13.580761184457488 0
      vertex 79.08076118445749 13.580761184457488 7
      vertex 79.20861014228866 13.468640657621394 0
    endloop
  endfacet
  facet normal 0.555570233019614 0.8314696123025375 0
    outer loop
      vertex 79.20861014228866 13.468640657621394 0
      vertex 79.20861014228866 13.468640657621394 7
      vertex 79.35 13.37416697508023 0
    endloop
  endfacet
  facet normal 0.32143946530317685 0.9469301294951005 0
    outer loop
      vertex 79.50251153792539 13.298956607735327 0
      vertex 79.50251153792539 13.298956607735327 7
      vertex 79.66353524136672 13.244296425824212 0
    endloop
  endfacet
  facet normal 0.4422886902189843 0.8968727415326968 0
    outer loop
      vertex 79.35 13.37416697508023 0
      vertex 79.35 13.37416697508023 7
      vertex 79.50251153792539 13.298956607735327 0
    endloop
  endfacet
  facet normal 0.19509032201612544 0.980785280403231 0
    outer loop
      vertex 79.66353524136672 13.244296425824212 0
      vertex 79.66353524136672 13.244296425824212 7
      vertex 79.83031595011393 13.211121680214047 0
    endloop
  endfacet
  facet normal 0.06540312923014951 0.997858923238603 0
    outer loop
      vertex 79.83031595011393 13.211121680214047 0
      vertex 79.83031595011393 13.211121680214047 7
      vertex 80 13.2 0
    endloop
  endfacet
  facet normal -0.06540312923014951 0.997858923238603 0
    outer loop
      vertex 80 13.2 0
      vertex 80 13.2 7
      vertex 80.16968404988607 13.211121680214047 0
    endloop
  endfacet
  facet normal -0.19509032201612544 0.980785280403231 0
    outer loop
      vertex 80.16968404988607 13.211121680214047 0
      vertex 80.16968404988607 13.211121680214047 7
      vertex 80.33646475863328 13.244296425824212 0
    endloop
  endfacet
  facet normal -0.32143946530317685 0.9469301294951005 0
    outer loop
      vertex 80.33646475863328 13.244296425824212 0
      vertex 80.33646475863328 13.244296425824212 7
      vertex 80.49748846207461 13.298956607735327 0
    endloop
  endfacet
  facet normal -0.4422886902189843 0.8968727415326968 0
    outer loop
      vertex 80.49748846207461 13.298956607735327 0
      vertex 80.49748846207461 13.298956607735327 7
      vertex 80.65 13.37416697508023 0
    endloop
  endfacet
  facet normal -0.555570233019614 0.8314696123025375 0
    outer loop
      vertex 80.65 13.37416697508023 0
      vertex 80.65 13.37416697508023 7
      vertex 80.79138985771134 13.468640657621394 0
    endloop
  endfacet
  facet normal -0.6593458151000646 0.7518398074789812 0
    outer loop
      vertex 80.79138985771134 13.468640657621394 0
      vertex 80.79138985771134 13.468640657621394 7
      vertex 80.91923881554251 13.580761184457488 0
    endloop
  endfacet
  facet normal -0.7518398074789766 0.6593458151000698 0
    outer loop
      vertex 80.91923881554251 13.580761184457488 0
      vertex 80.91923881554251 13.580761184457488 7
      vertex 81.03135934237861 13.708610142288663 0
    endloop
  endfacet
  facet normal -0.8314696123025471 0.5555702330195994 2.1264523303763485e-19
    outer loop
      vertex 81.12583302491977 13.85 0
      vertex 81.03135934237861 13.708610142288663 0
      vertex 81.03135934237861 13.708610142288663 7
    endloop
  endfacet
  facet normal -0.8968727415326742 0.4422886902190303 -1.1845659182513482e-19
    outer loop
      vertex 81.20104339226468 14.002511537925383 0
      vertex 81.12583302491977 13.85 0
      vertex 81.12583302491977 13.85 7
    endloop
  endfacet
  facet normal 0.9469301294951293 0.3214394653030922 -1.8791191241911625e-22
    outer loop
      vertex 78.79895660773532 14.002511537925383 0
      vertex 78.74429642582422 14.163535241366723 0
      vertex 78.74429642582422 14.163535241366723 7
    endloop
  endfacet
  facet normal 0.9807852804032267 0.19509032201614754 3.1561434838462783e-19
    outer loop
      vertex 78.74429642582422 14.163535241366723 0
      vertex 78.71112168021405 14.330315950113933 0
      vertex 78.71112168021405 14.330315950113933 7
    endloop
  endfacet
  facet normal 0.9978589232386037 0.06540312923014117 -8.273471040447193e-20
    outer loop
      vertex 78.71112168021405 14.330315950113933 0
      vertex 78.7 14.5 0
      vertex 78.7 14.5 7
    endloop
  endfacet
  facet normal 0.9978589232386037 -0.06540312923014117 8.273471040447193e-20
    outer loop
      vertex 78.7 14.5 0
      vertex 78.71112168021405 14.669684049886067 0
      vertex 78.71112168021405 14.669684049886067 7
    endloop
  endfacet
  facet normal 0.9807852804032267 -0.19509032201614754 -3.1561434838462783e-19
    outer loop
      vertex 78.71112168021405 14.669684049886067 0
      vertex 78.74429642582422 14.836464758633277 0
      vertex 78.74429642582422 14.836464758633277 7
    endloop
  endfacet
  facet normal 0.9469301294951293 -0.3214394653030922 1.8791191241911625e-22
    outer loop
      vertex 78.74429642582422 14.836464758633277 0
      vertex 78.79895660773532 14.997488462074617 0
      vertex 78.79895660773532 14.997488462074617 7
    endloop
  endfacet
  facet normal 0.8968727415326742 -0.4422886902190303 -1.1845659182513482e-19
    outer loop
      vertex 78.79895660773532 14.997488462074617 0
      vertex 78.87416697508023 15.15 0
      vertex 78.87416697508023 15.15 7
    endloop
  endfacet
  facet normal 0.8314696123025471 -0.5555702330195994 2.1264523303763485e-19
    outer loop
      vertex 78.87416697508023 15.15 0
      vertex 78.96864065762139 15.291389857711337 0
      vertex 78.96864065762139 15.291389857711337 7
    endloop
  endfacet
  facet normal 0.7518398074789766 -0.6593458151000698 1.4174998768259694e-19
    outer loop
      vertex 78.96864065762139 15.291389857711337 0
      vertex 79.08076118445749 15.419238815542512 0
      vertex 79.08076118445749 15.419238815542512 7
    endloop
  endfacet
  facet normal 0.6593458151000646 -0.7518398074789812 0
    outer loop
      vertex 79.20861014228866 15.531359342378606 0
      vertex 79.20861014228866 15.531359342378606 7
      vertex 79.08076118445749 15.419238815542512 0
    endloop
  endfacet
  facet normal 0.555570233019614 -0.8314696123025375 0
    outer loop
      vertex 79.35 15.62583302491977 0
      vertex 79.35 15.62583302491977 7
      vertex 79.20861014228866 15.531359342378606 0
    endloop
  endfacet
  facet normal 0.4422886902189843 -0.8968727415326968 0
    outer loop
      vertex 79.50251153792539 15.701043392264673 0
      vertex 79.50251153792539 15.701043392264673 7
      vertex 79.35 15.62583302491977 0
    endloop
  endfacet
  facet normal 0.32143946530317685 -0.9469301294951005 0
    outer loop
      vertex 79.66353524136672 15.755703574175788 0
      vertex 79.66353524136672 15.755703574175788 7
      vertex 79.50251153792539 15.701043392264673 0
    endloop
  endfacet
  facet normal -0.32143946530317685 -0.9469301294951005 0
    outer loop
      vertex 80.49748846207461 15.701043392264673 0
      vertex 80.49748846207461 15.701043392264673 7
      vertex 80.33646475863328 15.755703574175788 0
    endloop
  endfacet
  facet normal -0.4422886902189843 -0.8968727415326968 0
    outer loop
      vertex 80.65 15.62583302491977 0
      vertex 80.65 15.62583302491977 7
      vertex 80.49748846207461 15.701043392264673 0
    endloop
  endfacet
  facet normal -0.7518398074789766 -0.6593458151000698 -1.4174998768259694e-19
    outer loop
      vertex 80.91923881554251 15.419238815542512 0
      vertex 81.03135934237861 15.291389857711337 0
      vertex 81.03135934237861 15.291389857711337 7
    endloop
  endfacet
  facet normal -0.6593458151000646 -0.7518398074789812 1.3307560210661755e-19
    outer loop
      vertex 80.79138985771134 15.531359342378606 0
      vertex 80.91923881554251 15.419238815542512 0
      vertex 80.91923881554251 15.419238815542512 7
    endloop
  endfacet
  facet normal -0.555570233019614 -0.8314696123025375 0
    outer loop
      vertex 80.79138985771134 15.531359342378606 0
      vertex 80.79138985771134 15.531359342378606 7
      vertex 80.65 15.62583302491977 0
    endloop
  endfacet
  facet normal -0.9469301294951293 0.3214394653030922 1.8791191241911625e-22
    outer loop
      vertex 81.25570357417578 14.163535241366723 0
      vertex 81.20104339226468 14.002511537925383 0
      vertex 81.20104339226468 14.002511537925383 7
    endloop
  endfacet
  facet normal -0.9807852804032267 0.19509032201614754 -3.1561434838462783e-19
    outer loop
      vertex 81.28887831978595 14.330315950113933 0
      vertex 81.25570357417578 14.163535241366723 0
      vertex 81.25570357417578 14.163535241366723 7
    endloop
  endfacet
  facet normal -0.9978589232386037 0.06540312923014117 8.273471040447193e-20
    outer loop
      vertex 81.3 14.5 0
      vertex 81.28887831978595 14.330315950113933 0
      vertex 81.28887831978595 14.330315950113933 7
    endloop
  endfacet
  facet normal -0.9978589232386037 -0.06540312923014117 -8.273471040447193e-20
    outer loop
      vertex 81.28887831978595 14.669684049886067 0
      vertex 81.3 14.5 0
      vertex 81.3 14.5 7
    endloop
  endfacet
  facet normal -0.9807852804032267 -0.19509032201614754 3.1561434838462783e-19
    outer loop
      vertex 81.25570357417578 14.836464758633277 0
      vertex 81.28887831978595 14.669684049886067 0
      vertex 81.28887831978595 14.669684049886067 7
    endloop
  endfacet
  facet normal -0.8968727415326742 -0.4422886902190303 1.1845659182513482e-19
    outer loop
      vertex 81.12583302491977 15.15 0
      vertex 81.20104339226468 14.997488462074617 0
      vertex 81.20104339226468 14.997488462074617 7
    endloop
  endfacet
  facet normal -0.9469301294951293 -0.3214394653030922 -1.8791191241911625e-22
    outer loop
      vertex 81.20104339226468 14.997488462074617 0
      vertex 81.25570357417578 14.836464758633277 0
      vertex 81.25570357417578 14.836464758633277 7
    endloop
  endfacet
  facet normal -0.8314696123025471 -0.5555702330195994 -2.1264523303763485e-19
    outer loop
      vertex 81.03135934237861 15.291389857711337 0
      vertex 81.12583302491977 15.15 0
      vertex 81.12583302491977 15.15 7
    endloop
  endfacet
  facet normal 0.19509032201612544 -0.980785280403231 0
    outer loop
      vertex 79.83031595011393 15.788878319785953 0
      vertex 79.83031595011393 15.788878319785953 7
      vertex 79.66353524136672 15.755703574175788 0
    endloop
  endfacet
  facet normal 0.06540312923014951 -0.997858923238603 0
    outer loop
      vertex 80 15.8 0
      vertex 80 15.8 7
      vertex 79.83031595011393 15.788878319785953 0
    endloop
  endfacet
  facet normal -0.06540312923014951 -0.997858923238603 0
    outer loop
      vertex 80.16968404988607 15.788878319785953 0
      vertex 80.16968404988607 15.788878319785953 7
      vertex 80 15.8 0
    endloop
  endfacet
  facet normal -0.19509032201612544 -0.980785280403231 0
    outer loop
      vertex 80.33646475863328 15.755703574175788 0
      vertex 80.33646475863328 15.755703574175788 7
      vertex 80.16968404988607 15.788878319785953 0
    endloop
  endfacet
  facet normal 0.8314696123025471 0.5555702330195994 0
    outer loop
      vertex 78.96864065762139 13.708610142288663 0
      vertex 78.87416697508023 13.85 7
      vertex 78.96864065762139 13.708610142288663 7
    endloop
  endfacet
  facet normal 0.8968727415326742 0.4422886902190303 0
    outer loop
      vertex 78.87416697508023 13.85 0
      vertex 78.79895660773532 14.002511537925383 7
      vertex 78.87416697508023 13.85 7
    endloop
  endfacet
  facet normal 0.6593458151000646 0.7518398074789812 0
    outer loop
      vertex 79.20861014228866 13.468640657621394 0
      vertex 79.08076118445749 13.580761184457488 7
      vertex 79.20861014228866 13.468640657621394 7
    endloop
  endfacet
  facet normal 0.555570233019614 0.8314696123025375 0
    outer loop
      vertex 79.35 13.37416697508023 0
      vertex 79.20861014228866 13.468640657621394 7
      vertex 79.35 13.37416697508023 7
    endloop
  endfacet
  facet normal 0.4422886902189843 0.8968727415326968 0
    outer loop
      vertex 79.50251153792539 13.298956607735327 0
      vertex 79.35 13.37416697508023 7
      vertex 79.50251153792539 13.298956607735327 7
    endloop
  endfacet
  facet normal 0.32143946530317685 0.9469301294951005 0
    outer loop
      vertex 79.66353524136672 13.244296425824212 0
      vertex 79.50251153792539 13.298956607735327 7
      vertex 79.66353524136672 13.244296425824212 7
    endloop
  endfacet
  facet normal 0.7518398074789766 0.6593458151000698 -1.4174998768259694e-19
    outer loop
      vertex 78.96864065762139 13.708610142288663 7
      vertex 79.08076118445749 13.580761184457488 7
      vertex 79.08076118445749 13.580761184457488 0
    endloop
  endfacet
  facet normal 0.19509032201612544 0.980785280403231 0
    outer loop
      vertex 79.83031595011393 13.211121680214047 0
      vertex 79.66353524136672 13.244296425824212 7
      vertex 79.83031595011393 13.211121680214047 7
    endloop
  endfacet
  facet normal 0.06540312923014951 0.997858923238603 0
    outer loop
      vertex 80 13.2 0
      vertex 79.83031595011393 13.211121680214047 7
      vertex 80 13.2 7
    endloop
  endfacet
  facet normal -0.06540312923014951 0.997858923238603 0
    outer loop
      vertex 80.16968404988607 13.211121680214047 0
      vertex 80 13.2 7
      vertex 80.16968404988607 13.211121680214047 7
    endloop
  endfacet
  facet normal -0.19509032201612544 0.980785280403231 0
    outer loop
      vertex 80.33646475863328 13.244296425824212 0
      vertex 80.16968404988607 13.211121680214047 7
      vertex 80.33646475863328 13.244296425824212 7
    endloop
  endfacet
  facet normal -0.32143946530317685 0.9469301294951005 0
    outer loop
      vertex 80.49748846207461 13.298956607735327 0
      vertex 80.33646475863328 13.244296425824212 7
      vertex 80.49748846207461 13.298956607735327 7
    endloop
  endfacet
  facet normal -0.4422886902189843 0.8968727415326968 0
    outer loop
      vertex 80.65 13.37416697508023 0
      vertex 80.49748846207461 13.298956607735327 7
      vertex 80.65 13.37416697508023 7
    endloop
  endfacet
  facet normal -0.555570233019614 0.8314696123025375 0
    outer loop
      vertex 80.79138985771134 13.468640657621394 0
      vertex 80.65 13.37416697508023 7
      vertex 80.79138985771134 13.468640657621394 7
    endloop
  endfacet
  facet normal -0.6593458151000646 0.7518398074789812 0
    outer loop
      vertex 80.91923881554251 13.580761184457488 0
      vertex 80.79138985771134 13.468640657621394 7
      vertex 80.91923881554251 13.580761184457488 7
    endloop
  endfacet
  facet normal -0.7518398074789766 0.6593458151000698 0
    outer loop
      vertex 81.03135934237861 13.708610142288663 0
      vertex 80.91923881554251 13.580761184457488 7
      vertex 81.03135934237861 13.708610142288663 7
    endloop
  endfacet
  facet normal -0.8314696123025471 0.5555702330195994 2.1264523303763485e-19
    outer loop
      vertex 81.03135934237861 13.708610142288663 7
      vertex 81.12583302491977 13.85 7
      vertex 81.12583302491977 13.85 0
    endloop
  endfacet
  facet normal -0.8968727415326742 0.4422886902190303 0
    outer loop
      vertex 81.20104339226468 14.002511537925383 0
      vertex 81.12583302491977 13.85 7
      vertex 81.20104339226468 14.002511537925383 7
    endloop
  endfacet
  facet normal 0.9469301294951293 0.3214394653030922 -1.8791191241911625e-22
    outer loop
      vertex 78.74429642582422 14.163535241366723 7
      vertex 78.79895660773532 14.002511537925383 7
      vertex 78.79895660773532 14.002511537925383 0
    endloop
  endfacet
  facet normal 0.9807852804032267 0.19509032201614754 0
    outer loop
      vertex 78.74429642582422 14.163535241366723 0
      vertex 78.71112168021405 14.330315950113933 7
      vertex 78.74429642582422 14.163535241366723 7
    endloop
  endfacet
  facet normal 0.9978589232386037 0.06540312923014117 0
    outer loop
      vertex 78.71112168021405 14.330315950113933 0
      vertex 78.7 14.5 7
      vertex 78.71112168021405 14.330315950113933 7
    endloop
  endfacet
  facet normal 0.9978589232386037 -0.06540312923014117 0
    outer loop
      vertex 78.7 14.5 0
      vertex 78.71112168021405 14.669684049886067 7
      vertex 78.7 14.5 7
    endloop
  endfacet
  facet normal 0.9807852804032267 -0.19509032201614754 0
    outer loop
      vertex 78.71112168021405 14.669684049886067 0
      vertex 78.74429642582422 14.836464758633277 7
      vertex 78.71112168021405 14.669684049886067 7
    endloop
  endfacet
  facet normal 0.9469301294951293 -0.3214394653030922 1.8791191241911625e-22
    outer loop
      vertex 78.79895660773532 14.997488462074617 7
      vertex 78.74429642582422 14.836464758633277 7
      vertex 78.74429642582422 14.836464758633277 0
    endloop
  endfacet
  facet normal 0.8968727415326742 -0.4422886902190303 0
    outer loop
      vertex 78.79895660773532 14.997488462074617 0
      vertex 78.87416697508023 15.15 7
      vertex 78.79895660773532 14.997488462074617 7
    endloop
  endfacet
  facet normal 0.8314696123025471 -0.5555702330195994 2.1264523303763485e-19
    outer loop
      vertex 78.96864065762139 15.291389857711337 7
      vertex 78.87416697508023 15.15 7
      vertex 78.87416697508023 15.15 0
    endloop
  endfacet
  facet normal 0.7518398074789766 -0.6593458151000698 0
    outer loop
      vertex 78.96864065762139 15.291389857711337 0
      vertex 79.08076118445749 15.419238815542512 7
      vertex 78.96864065762139 15.291389857711337 7
    endloop
  endfacet
  facet normal 0.6593458151000646 -0.7518398074789812 0
    outer loop
      vertex 79.08076118445749 15.419238815542512 0
      vertex 79.20861014228866 15.531359342378606 7
      vertex 79.08076118445749 15.419238815542512 7
    endloop
  endfacet
  facet normal 0.555570233019614 -0.8314696123025375 0
    outer loop
      vertex 79.20861014228866 15.531359342378606 0
      vertex 79.35 15.62583302491977 7
      vertex 79.20861014228866 15.531359342378606 7
    endloop
  endfacet
  facet normal 0.4422886902189843 -0.8968727415326968 0
    outer loop
      vertex 79.35 15.62583302491977 0
      vertex 79.50251153792539 15.701043392264673 7
      vertex 79.35 15.62583302491977 7
    endloop
  endfacet
  facet normal 0.32143946530317685 -0.9469301294951005 0
    outer loop
      vertex 79.50251153792539 15.701043392264673 0
      vertex 79.66353524136672 15.755703574175788 7
      vertex 79.50251153792539 15.701043392264673 7
    endloop
  endfacet
  facet normal -0.32143946530317685 -0.9469301294951005 0
    outer loop
      vertex 80.33646475863328 15.755703574175788 0
      vertex 80.49748846207461 15.701043392264673 7
      vertex 80.33646475863328 15.755703574175788 7
    endloop
  endfacet
  facet normal -0.4422886902189843 -0.8968727415326968 0
    outer loop
      vertex 80.49748846207461 15.701043392264673 0
      vertex 80.65 15.62583302491977 7
      vertex 80.49748846207461 15.701043392264673 7
    endloop
  endfacet
  facet normal -0.6593458151000646 -0.7518398074789812 0
    outer loop
      vertex 80.79138985771134 15.531359342378606 0
      vertex 80.91923881554251 15.419238815542512 7
      vertex 80.79138985771134 15.531359342378606 7
    endloop
  endfacet
  facet normal -0.7518398074789766 -0.6593458151000698 -1.4174998768259694e-19
    outer loop
      vertex 81.03135934237861 15.291389857711337 7
      vertex 80.91923881554251 15.419238815542512 7
      vertex 80.91923881554251 15.419238815542512 0
    endloop
  endfacet
  facet normal -0.555570233019614 -0.8314696123025375 0
    outer loop
      vertex 80.65 15.62583302491977 0
      vertex 80.79138985771134 15.531359342378606 7
      vertex 80.65 15.62583302491977 7
    endloop
  endfacet
  facet normal -0.9469301294951293 0.3214394653030922 1.8791191241911625e-22
    outer loop
      vertex 81.20104339226468 14.002511537925383 7
      vertex 81.25570357417578 14.163535241366723 7
      vertex 81.25570357417578 14.163535241366723 0
    endloop
  endfacet
  facet normal -0.9807852804032267 0.19509032201614754 0
    outer loop
      vertex 81.28887831978595 14.330315950113933 0
      vertex 81.25570357417578 14.163535241366723 7
      vertex 81.28887831978595 14.330315950113933 7
    endloop
  endfacet
  facet normal -0.9978589232386037 0.06540312923014117 0
    outer loop
      vertex 81.3 14.5 0
      vertex 81.28887831978595 14.330315950113933 7
      vertex 81.3 14.5 7
    endloop
  endfacet
  facet normal -0.9978589232386037 -0.06540312923014117 0
    outer loop
      vertex 81.28887831978595 14.669684049886067 0
      vertex 81.3 14.5 7
      vertex 81.28887831978595 14.669684049886067 7
    endloop
  endfacet
  facet normal -0.9807852804032267 -0.19509032201614754 0
    outer loop
      vertex 81.25570357417578 14.836464758633277 0
      vertex 81.28887831978595 14.669684049886067 7
      vertex 81.25570357417578 14.836464758633277 7
    endloop
  endfacet
  facet normal -0.9469301294951293 -0.3214394653030922 -1.8791191241911625e-22
    outer loop
      vertex 81.25570357417578 14.836464758633277 7
      vertex 81.20104339226468 14.997488462074617 7
      vertex 81.20104339226468 14.997488462074617 0
    endloop
  endfacet
  facet normal -0.8968727415326742 -0.4422886902190303 0
    outer loop
      vertex 81.12583302491977 15.15 0
      vertex 81.20104339226468 14.997488462074617 7
      vertex 81.12583302491977 15.15 7
    endloop
  endfacet
  facet normal -0.8314696123025471 -0.5555702330195994 0
    outer loop
      vertex 81.03135934237861 15.291389857711337 0
      vertex 81.12583302491977 15.15 7
      vertex 81.03135934237861 15.291389857711337 7
    endloop
  endfacet
  facet normal 0.19509032201612544 -0.980785280403231 0
    outer loop
      vertex 79.66353524136672 15.755703574175788 0
      vertex 79.83031595011393 15.788878319785953 7
      vertex 79.66353524136672 15.755703574175788 7
    endloop
  endfacet
  facet normal 0.06540312923014951 -0.997858923238603 0
    outer loop
      vertex 79.83031595011393 15.788878319785953 0
      vertex 80 15.8 7
      vertex 79.83031595011393 15.788878319785953 7
    endloop
  endfacet
  facet normal -0.06540312923014951 -0.997858923238603 0
    outer loop
      vertex 80 15.8 0
      vertex 80.16968404988607 15.788878319785953 7
      vertex 80 15.8 7
    endloop
  endfacet
  facet normal -0.19509032201612544 -0.980785280403231 0
    outer loop
      vertex 80.16968404988607 15.788878319785953 0
      vertex 80.33646475863328 15.755703574175788 7
      vertex 80.16968404988607 15.788878319785953 7
    endloop
  endfacet
  facet normal 0.7518398074789812 0.6593458151000646 1.3307560210661755e-19
    outer loop
      vertex 79.08076118445749 40.58076118445749 0
      vertex 78.96864065762139 40.70861014228866 0
      vertex 78.96864065762139 40.70861014228866 7
    endloop
  endfacet
  facet normal 0.8314696123025502 0.5555702330195945 1.6473114234533145e-19
    outer loop
      vertex 78.96864065762139 40.70861014228866 0
      vertex 78.87416697508023 40.85 0
      vertex 78.87416697508023 40.85 7
    endloop
  endfacet
  facet normal 0.896872741532676 0.44228869021902606 9.59900316846373e-20
    outer loop
      vertex 78.87416697508023 40.85 0
      vertex 78.79895660773532 41.002511537925386 0
      vertex 78.79895660773532 41.002511537925386 7
    endloop
  endfacet
  facet normal 0.9469301294951269 0.3214394653030985 -8.172226060262204e-20
    outer loop
      vertex 78.79895660773532 41.002511537925386 0
      vertex 78.74429642582422 41.16353524136672 0
      vertex 78.74429642582422 41.16353524136672 7
    endloop
  endfacet
  facet normal 0.555570233019614 0.8314696123025375 0
    outer loop
      vertex 79.20861014228866 40.46864065762139 0
      vertex 79.20861014228866 40.46864065762139 7
      vertex 79.35 40.37416697508023 0
    endloop
  endfacet
  facet normal 0.6593458151000646 0.7518398074789812 0
    outer loop
      vertex 79.08076118445749 40.58076118445749 0
      vertex 79.08076118445749 40.58076118445749 7
      vertex 79.20861014228866 40.46864065762139 0
    endloop
  endfacet
  facet normal 0.4422886902189758 0.8968727415327008 0
    outer loop
      vertex 79.35 40.37416697508023 0
      vertex 79.35 40.37416697508023 7
      vertex 79.50251153792539 40.29895660773533 0
    endloop
  endfacet
  facet normal 0.3214394653031861 0.9469301294950971 0
    outer loop
      vertex 79.50251153792539 40.29895660773533 0
      vertex 79.50251153792539 40.29895660773533 7
      vertex 79.66353524136672 40.24429642582421 0
    endloop
  endfacet
  facet normal 0.980785280403227 0.19509032201614554 3.579653172776784e-19
    outer loop
      vertex 78.74429642582422 41.16353524136672 0
      vertex 78.71112168021405 41.330315950113935 0
      vertex 78.71112168021405 41.330315950113935 7
    endloop
  endfacet
  facet normal 0.9978589232386037 0.06540312923014185 -6.291412551235384e-20
    outer loop
      vertex 78.71112168021405 41.330315950113935 0
      vertex 78.7 41.5 0
      vertex 78.7 41.5 7
    endloop
  endfacet
  facet normal 0.9978589232386037 -0.06540312923014185 6.291412551235384e-20
    outer loop
      vertex 78.7 41.5 0
      vertex 78.71112168021405 41.669684049886065 0
      vertex 78.71112168021405 41.669684049886065 7
    endloop
  endfacet
  facet normal 0.980785280403227 -0.19509032201614554 -3.579653172776784e-19
    outer loop
      vertex 78.71112168021405 41.669684049886065 0
      vertex 78.74429642582422 41.83646475863328 0
      vertex 78.74429642582422 41.83646475863328 7
    endloop
  endfacet
  facet normal 0.9469301294951269 -0.3214394653030985 8.172226060262204e-20
    outer loop
      vertex 78.74429642582422 41.83646475863328 0
      vertex 78.79895660773532 41.997488462074614 0
      vertex 78.79895660773532 41.997488462074614 7
    endloop
  endfacet
  facet normal 0.19509032201610535 0.9807852804032351 0
    outer loop
      vertex 79.66353524136672 40.24429642582421 0
      vertex 79.66353524136672 40.24429642582421 7
      vertex 79.83031595011393 40.21112168021405 0
    endloop
  endfacet
  facet normal 0.06540312923013912 0.9978589232386038 0
    outer loop
      vertex 79.83031595011393 40.21112168021405 0
      vertex 79.83031595011393 40.21112168021405 7
      vertex 80 40.2 0
    endloop
  endfacet
  facet normal -0.06540312923013912 0.9978589232386038 0
    outer loop
      vertex 80 40.2 0
      vertex 80 40.2 7
      vertex 80.16968404988607 40.21112168021405 0
    endloop
  endfacet
  facet normal -0.19509032201610535 0.9807852804032351 0
    outer loop
      vertex 80.16968404988607 40.21112168021405 0
      vertex 80.16968404988607 40.21112168021405 7
      vertex 80.33646475863328 40.24429642582421 0
    endloop
  endfacet
  facet normal -0.3214394653031861 0.9469301294950971 0
    outer loop
      vertex 80.33646475863328 40.24429642582421 0
      vertex 80.33646475863328 40.24429642582421 7
      vertex 80.49748846207461 40.29895660773533 0
    endloop
  endfacet
  facet normal -0.4422886902189758 0.8968727415327008 0
    outer loop
      vertex 80.49748846207461 40.29895660773533 0
      vertex 80.49748846207461 40.29895660773533 7
      vertex 80.65 40.37416697508023 0
    endloop
  endfacet
  facet normal -0.555570233019614 0.8314696123025375 0
    outer loop
      vertex 80.65 40.37416697508023 0
      vertex 80.65 40.37416697508023 7
      vertex 80.79138985771134 40.46864065762139 0
    endloop
  endfacet
  facet normal -0.6593458151000646 0.7518398074789812 0
    outer loop
      vertex 80.79138985771134 40.46864065762139 0
      vertex 80.79138985771134 40.46864065762139 7
      vertex 80.91923881554251 40.58076118445749 0
    endloop
  endfacet
  facet normal -0.7518398074789812 0.6593458151000646 0
    outer loop
      vertex 80.91923881554251 40.58076118445749 0
      vertex 80.91923881554251 40.58076118445749 7
      vertex 81.03135934237861 40.70861014228866 0
    endloop
  endfacet
  facet normal -0.8314696123025502 0.5555702330195945 -1.6473114234533145e-19
    outer loop
      vertex 81.12583302491977 40.85 0
      vertex 81.03135934237861 40.70861014228866 0
      vertex 81.03135934237861 40.70861014228866 7
    endloop
  endfacet
  facet normal -0.896872741532676 0.44228869021902606 -9.59900316846373e-20
    outer loop
      vertex 81.20104339226468 41.002511537925386 0
      vertex 81.12583302491977 40.85 0
      vertex 81.12583302491977 40.85 7
    endloop
  endfacet
  facet normal -0.9469301294951269 0.3214394653030985 8.172226060262204e-20
    outer loop
      vertex 81.25570357417578 41.16353524136672 0
      vertex 81.20104339226468 41.002511537925386 0
      vertex 81.20104339226468 41.002511537925386 7
    endloop
  endfacet
  facet normal -0.980785280403227 0.19509032201614554 -3.579653172776784e-19
    outer loop
      vertex 81.28887831978595 41.330315950113935 0
      vertex 81.25570357417578 41.16353524136672 0
      vertex 81.25570357417578 41.16353524136672 7
    endloop
  endfacet
  facet normal -0.9978589232386037 0.06540312923014185 6.291412551235384e-20
    outer loop
      vertex 81.3 41.5 0
      vertex 81.28887831978595 41.330315950113935 0
      vertex 81.28887831978595 41.330315950113935 7
    endloop
  endfacet
  facet normal -0.9978589232386037 -0.06540312923014185 -6.291412551235384e-20
    outer loop
      vertex 81.28887831978595 41.669684049886065 0
      vertex 81.3 41.5 0
      vertex 81.3 41.5 7
    endloop
  endfacet
  facet normal -0.980785280403227 -0.19509032201614554 3.579653172776784e-19
    outer loop
      vertex 81.25570357417578 41.83646475863328 0
      vertex 81.28887831978595 41.669684049886065 0
      vertex 81.28887831978595 41.669684049886065 7
    endloop
  endfacet
  facet normal -0.9469301294951269 -0.3214394653030985 -8.172226060262204e-20
    outer loop
      vertex 81.20104339226468 41.997488462074614 0
      vertex 81.25570357417578 41.83646475863328 0
      vertex 81.25570357417578 41.83646475863328 7
    endloop
  endfacet
  facet normal 0.896872741532676 -0.44228869021902606 -9.59900316846373e-20
    outer loop
      vertex 78.79895660773532 41.997488462074614 0
      vertex 78.87416697508023 42.15 0
      vertex 78.87416697508023 42.15 7
    endloop
  endfacet
  facet normal 0.8314696123025502 -0.5555702330195945 -1.6473114234533145e-19
    outer loop
      vertex 78.87416697508023 42.15 0
      vertex 78.96864065762139 42.29138985771134 0
      vertex 78.96864065762139 42.29138985771134 7
    endloop
  endfacet
  facet normal 0.7518398074789812 -0.6593458151000646 -1.3307560210661755e-19
    outer loop
      vertex 78.96864065762139 42.29138985771134 0
      vertex 79.08076118445749 42.41923881554251 0
      vertex 79.08076118445749 42.41923881554251 7
    endloop
  endfacet
  facet normal 0.6593458151000646 -0.7518398074789812 0
    outer loop
      vertex 79.20861014228866 42.53135934237861 0
      vertex 79.20861014228866 42.53135934237861 7
      vertex 79.08076118445749 42.41923881554251 0
    endloop
  endfacet
  facet normal 0.555570233019614 -0.8314696123025375 0
    outer loop
      vertex 79.35 42.62583302491977 0
      vertex 79.35 42.62583302491977 7
      vertex 79.20861014228866 42.53135934237861 0
    endloop
  endfacet
  facet normal 0.4422886902189758 -0.8968727415327008 0
    outer loop
      vertex 79.50251153792539 42.70104339226467 0
      vertex 79.50251153792539 42.70104339226467 7
      vertex 79.35 42.62583302491977 0
    endloop
  endfacet
  facet normal 0.3214394653031861 -0.9469301294950971 0
    outer loop
      vertex 79.66353524136672 42.75570357417579 0
      vertex 79.66353524136672 42.75570357417579 7
      vertex 79.50251153792539 42.70104339226467 0
    endloop
  endfacet
  facet normal 0.19509032201610535 -0.9807852804032351 0
    outer loop
      vertex 79.83031595011393 42.78887831978595 0
      vertex 79.83031595011393 42.78887831978595 7
      vertex 79.66353524136672 42.75570357417579 0
    endloop
  endfacet
  facet normal 0.06540312923013912 -0.9978589232386038 0
    outer loop
      vertex 80 42.8 0
      vertex 80 42.8 7
      vertex 79.83031595011393 42.78887831978595 0
    endloop
  endfacet
  facet normal -0.06540312923013912 -0.9978589232386038 0
    outer loop
      vertex 80.16968404988607 42.78887831978595 0
      vertex 80.16968404988607 42.78887831978595 7
      vertex 80 42.8 0
    endloop
  endfacet
  facet normal -0.19509032201610535 -0.9807852804032351 0
    outer loop
      vertex 80.33646475863328 42.75570357417579 0
      vertex 80.33646475863328 42.75570357417579 7
      vertex 80.16968404988607 42.78887831978595 0
    endloop
  endfacet
  facet normal -0.7518398074789812 -0.6593458151000646 1.3307560210661755e-19
    outer loop
      vertex 80.91923881554251 42.41923881554251 0
      vertex 81.03135934237861 42.29138985771134 0
      vertex 81.03135934237861 42.29138985771134 7
    endloop
  endfacet
  facet normal -0.4422886902189758 -0.8968727415327008 0
    outer loop
      vertex 80.65 42.62583302491977 0
      vertex 80.65 42.62583302491977 7
      vertex 80.49748846207461 42.70104339226467 0
    endloop
  endfacet
  facet normal -0.3214394653031861 -0.9469301294950971 0
    outer loop
      vertex 80.49748846207461 42.70104339226467 0
      vertex 80.49748846207461 42.70104339226467 7
      vertex 80.33646475863328 42.75570357417579 0
    endloop
  endfacet
  facet normal -0.555570233019614 -0.8314696123025375 0
    outer loop
      vertex 80.79138985771134 42.53135934237861 0
      vertex 80.79138985771134 42.53135934237861 7
      vertex 80.65 42.62583302491977 0
    endloop
  endfacet
  facet normal -0.6593458151000646 -0.7518398074789812 1.3307560210661755e-19
    outer loop
      vertex 80.79138985771134 42.53135934237861 0
      vertex 80.91923881554251 42.41923881554251 0
      vertex 80.91923881554251 42.41923881554251 7
    endloop
  endfacet
  facet normal -0.896872741532676 -0.44228869021902606 9.59900316846373e-20
    outer loop
      vertex 81.12583302491977 42.15 0
      vertex 81.20104339226468 41.997488462074614 0
      vertex 81.20104339226468 41.997488462074614 7
    endloop
  endfacet
  facet normal -0.8314696123025502 -0.5555702330195945 1.6473114234533145e-19
    outer loop
      vertex 81.03135934237861 42.29138985771134 0
      vertex 81.12583302491977 42.15 0
      vertex 81.12583302491977 42.15 7
    endloop
  endfacet
  facet normal 0.896872741532676 0.44228869021902606 0
    outer loop
      vertex 78.87416697508023 40.85 0
      vertex 78.79895660773532 41.002511537925386 7
      vertex 78.87416697508023 40.85 7
    endloop
  endfacet
  facet normal 0.8314696123025502 0.5555702330195945 0
    outer loop
      vertex 78.96864065762139 40.70861014228866 0
      vertex 78.87416697508023 40.85 7
      vertex 78.96864065762139 40.70861014228866 7
    endloop
  endfacet
  facet normal 0.9469301294951269 0.3214394653030985 -8.172226060262204e-20
    outer loop
      vertex 78.74429642582422 41.16353524136672 7
      vertex 78.79895660773532 41.002511537925386 7
      vertex 78.79895660773532 41.002511537925386 0
    endloop
  endfacet
  facet normal 0.555570233019614 0.8314696123025375 0
    outer loop
      vertex 79.35 40.37416697508023 0
      vertex 79.20861014228866 40.46864065762139 7
      vertex 79.35 40.37416697508023 7
    endloop
  endfacet
  facet normal 0.6593458151000646 0.7518398074789812 0
    outer loop
      vertex 79.20861014228866 40.46864065762139 0
      vertex 79.08076118445749 40.58076118445749 7
      vertex 79.20861014228866 40.46864065762139 7
    endloop
  endfacet
  facet normal 0.7518398074789812 0.6593458151000646 1.3307560210661755e-19
    outer loop
      vertex 78.96864065762139 40.70861014228866 7
      vertex 79.08076118445749 40.58076118445749 7
      vertex 79.08076118445749 40.58076118445749 0
    endloop
  endfacet
  facet normal 0.4422886902189758 0.8968727415327008 0
    outer loop
      vertex 79.50251153792539 40.29895660773533 0
      vertex 79.35 40.37416697508023 7
      vertex 79.50251153792539 40.29895660773533 7
    endloop
  endfacet
  facet normal 0.3214394653031861 0.9469301294950971 0
    outer loop
      vertex 79.66353524136672 40.24429642582421 0
      vertex 79.50251153792539 40.29895660773533 7
      vertex 79.66353524136672 40.24429642582421 7
    endloop
  endfacet
  facet normal 0.980785280403227 0.19509032201614554 0
    outer loop
      vertex 78.74429642582422 41.16353524136672 0
      vertex 78.71112168021405 41.330315950113935 7
      vertex 78.74429642582422 41.16353524136672 7
    endloop
  endfacet
  facet normal 0.9978589232386037 0.06540312923014185 0
    outer loop
      vertex 78.71112168021405 41.330315950113935 0
      vertex 78.7 41.5 7
      vertex 78.71112168021405 41.330315950113935 7
    endloop
  endfacet
  facet normal 0.9978589232386037 -0.06540312923014185 0
    outer loop
      vertex 78.7 41.5 0
      vertex 78.71112168021405 41.669684049886065 7
      vertex 78.7 41.5 7
    endloop
  endfacet
  facet normal 0.980785280403227 -0.19509032201614554 0
    outer loop
      vertex 78.71112168021405 41.669684049886065 0
      vertex 78.74429642582422 41.83646475863328 7
      vertex 78.71112168021405 41.669684049886065 7
    endloop
  endfacet
  facet normal 0.9469301294951269 -0.3214394653030985 8.172226060262204e-20
    outer loop
      vertex 78.79895660773532 41.997488462074614 7
      vertex 78.74429642582422 41.83646475863328 7
      vertex 78.74429642582422 41.83646475863328 0
    endloop
  endfacet
  facet normal 0.19509032201610535 0.9807852804032351 0
    outer loop
      vertex 79.83031595011393 40.21112168021405 0
      vertex 79.66353524136672 40.24429642582421 7
      vertex 79.83031595011393 40.21112168021405 7
    endloop
  endfacet
  facet normal 0.06540312923013912 0.9978589232386038 0
    outer loop
      vertex 80 40.2 0
      vertex 79.83031595011393 40.21112168021405 7
      vertex 80 40.2 7
    endloop
  endfacet
  facet normal -0.06540312923013912 0.9978589232386038 0
    outer loop
      vertex 80.16968404988607 40.21112168021405 0
      vertex 80 40.2 7
      vertex 80.16968404988607 40.21112168021405 7
    endloop
  endfacet
  facet normal -0.19509032201610535 0.9807852804032351 0
    outer loop
      vertex 80.33646475863328 40.24429642582421 0
      vertex 80.16968404988607 40.21112168021405 7
      vertex 80.33646475863328 40.24429642582421 7
    endloop
  endfacet
  facet normal -0.3214394653031861 0.9469301294950971 0
    outer loop
      vertex 80.49748846207461 40.29895660773533 0
      vertex 80.33646475863328 40.24429642582421 7
      vertex 80.49748846207461 40.29895660773533 7
    endloop
  endfacet
  facet normal -0.4422886902189758 0.8968727415327008 0
    outer loop
      vertex 80.65 40.37416697508023 0
      vertex 80.49748846207461 40.29895660773533 7
      vertex 80.65 40.37416697508023 7
    endloop
  endfacet
  facet normal -0.555570233019614 0.8314696123025375 0
    outer loop
      vertex 80.79138985771134 40.46864065762139 0
      vertex 80.65 40.37416697508023 7
      vertex 80.79138985771134 40.46864065762139 7
    endloop
  endfacet
  facet normal -0.6593458151000646 0.7518398074789812 0
    outer loop
      vertex 80.91923881554251 40.58076118445749 0
      vertex 80.79138985771134 40.46864065762139 7
      vertex 80.91923881554251 40.58076118445749 7
    endloop
  endfacet
  facet normal -0.7518398074789812 0.6593458151000646 0
    outer loop
      vertex 81.03135934237861 40.70861014228866 0
      vertex 80.91923881554251 40.58076118445749 7
      vertex 81.03135934237861 40.70861014228866 7
    endloop
  endfacet
  facet normal -0.8314696123025502 0.5555702330195945 -1.6473114234533145e-19
    outer loop
      vertex 81.03135934237861 40.70861014228866 7
      vertex 81.12583302491977 40.85 7
      vertex 81.12583302491977 40.85 0
    endloop
  endfacet
  facet normal -0.896872741532676 0.44228869021902606 0
    outer loop
      vertex 81.20104339226468 41.002511537925386 0
      vertex 81.12583302491977 40.85 7
      vertex 81.20104339226468 41.002511537925386 7
    endloop
  endfacet
  facet normal -0.9469301294951269 0.3214394653030985 8.172226060262204e-20
    outer loop
      vertex 81.20104339226468 41.002511537925386 7
      vertex 81.25570357417578 41.16353524136672 7
      vertex 81.25570357417578 41.16353524136672 0
    endloop
  endfacet
  facet normal -0.980785280403227 0.19509032201614554 0
    outer loop
      vertex 81.28887831978595 41.330315950113935 0
      vertex 81.25570357417578 41.16353524136672 7
      vertex 81.28887831978595 41.330315950113935 7
    endloop
  endfacet
  facet normal -0.9978589232386037 0.06540312923014185 0
    outer loop
      vertex 81.3 41.5 0
      vertex 81.28887831978595 41.330315950113935 7
      vertex 81.3 41.5 7
    endloop
  endfacet
  facet normal -0.9978589232386037 -0.06540312923014185 0
    outer loop
      vertex 81.28887831978595 41.669684049886065 0
      vertex 81.3 41.5 7
      vertex 81.28887831978595 41.669684049886065 7
    endloop
  endfacet
  facet normal -0.980785280403227 -0.19509032201614554 0
    outer loop
      vertex 81.25570357417578 41.83646475863328 0
      vertex 81.28887831978595 41.669684049886065 7
      vertex 81.25570357417578 41.83646475863328 7
    endloop
  endfacet
  facet normal -0.9469301294951269 -0.3214394653030985 -8.172226060262204e-20
    outer loop
      vertex 81.25570357417578 41.83646475863328 7
      vertex 81.20104339226468 41.997488462074614 7
      vertex 81.20104339226468 41.997488462074614 0
    endloop
  endfacet
  facet normal 0.896872741532676 -0.44228869021902606 0
    outer loop
      vertex 78.79895660773532 41.997488462074614 0
      vertex 78.87416697508023 42.15 7
      vertex 78.79895660773532 41.997488462074614 7
    endloop
  endfacet
  facet normal 0.8314696123025502 -0.5555702330195945 -1.6473114234533145e-19
    outer loop
      vertex 78.96864065762139 42.29138985771134 7
      vertex 78.87416697508023 42.15 7
      vertex 78.87416697508023 42.15 0
    endloop
  endfacet
  facet normal 0.7518398074789812 -0.6593458151000646 0
    outer loop
      vertex 78.96864065762139 42.29138985771134 0
      vertex 79.08076118445749 42.41923881554251 7
      vertex 78.96864065762139 42.29138985771134 7
    endloop
  endfacet
  facet normal 0.6593458151000646 -0.7518398074789812 0
    outer loop
      vertex 79.08076118445749 42.41923881554251 0
      vertex 79.20861014228866 42.53135934237861 7
      vertex 79.08076118445749 42.41923881554251 7
    endloop
  endfacet
  facet normal 0.555570233019614 -0.8314696123025375 0
    outer loop
      vertex 79.20861014228866 42.53135934237861 0
      vertex 79.35 42.62583302491977 7
      vertex 79.20861014228866 42.53135934237861 7
    endloop
  endfacet
  facet normal 0.4422886902189758 -0.8968727415327008 0
    outer loop
      vertex 79.35 42.62583302491977 0
      vertex 79.50251153792539 42.70104339226467 7
      vertex 79.35 42.62583302491977 7
    endloop
  endfacet
  facet normal 0.3214394653031861 -0.9469301294950971 0
    outer loop
      vertex 79.50251153792539 42.70104339226467 0
      vertex 79.66353524136672 42.75570357417579 7
      vertex 79.50251153792539 42.70104339226467 7
    endloop
  endfacet
  facet normal 0.19509032201610535 -0.9807852804032351 0
    outer loop
      vertex 79.66353524136672 42.75570357417579 0
      vertex 79.83031595011393 42.78887831978595 7
      vertex 79.66353524136672 42.75570357417579 7
    endloop
  endfacet
  facet normal 0.06540312923013912 -0.9978589232386038 0
    outer loop
      vertex 79.83031595011393 42.78887831978595 0
      vertex 80 42.8 7
      vertex 79.83031595011393 42.78887831978595 7
    endloop
  endfacet
  facet normal -0.06540312923013912 -0.9978589232386038 0
    outer loop
      vertex 80 42.8 0
      vertex 80.16968404988607 42.78887831978595 7
      vertex 80 42.8 7
    endloop
  endfacet
  facet normal -0.19509032201610535 -0.9807852804032351 0
    outer loop
      vertex 80.16968404988607 42.78887831978595 0
      vertex 80.33646475863328 42.75570357417579 7
      vertex 80.16968404988607 42.78887831978595 7
    endloop
  endfacet
  facet normal -0.7518398074789812 -0.6593458151000646 1.3307560210661755e-19
    outer loop
      vertex 81.03135934237861 42.29138985771134 7
      vertex 80.91923881554251 42.41923881554251 7
      vertex 80.91923881554251 42.41923881554251 0
    endloop
  endfacet
  facet normal -0.3214394653031861 -0.9469301294950971 0
    outer loop
      vertex 80.33646475863328 42.75570357417579 0
      vertex 80.49748846207461 42.70104339226467 7
      vertex 80.33646475863328 42.75570357417579 7
    endloop
  endfacet
  facet normal -0.4422886902189758 -0.8968727415327008 0
    outer loop
      vertex 80.49748846207461 42.70104339226467 0
      vertex 80.65 42.62583302491977 7
      vertex 80.49748846207461 42.70104339226467 7
    endloop
  endfacet
  facet normal -0.6593458151000646 -0.7518398074789812 0
    outer loop
      vertex 80.79138985771134 42.53135934237861 0
      vertex 80.91923881554251 42.41923881554251 7
      vertex 80.79138985771134 42.53135934237861 7
    endloop
  endfacet
  facet normal -0.555570233019614 -0.8314696123025375 0
    outer loop
      vertex 80.65 42.62583302491977 0
      vertex 80.79138985771134 42.53135934237861 7
      vertex 80.65 42.62583302491977 7
    endloop
  endfacet
  facet normal -0.896872741532676 -0.44228869021902606 0
    outer loop
      vertex 81.12583302491977 42.15 0
      vertex 81.20104339226468 41.997488462074614 7
      vertex 81.12583302491977 42.15 7
    endloop
  endfacet
  facet normal -0.8314696123025502 -0.5555702330195945 0
    outer loop
      vertex 81.03135934237861 42.29138985771134 0
      vertex 81.12583302491977 42.15 7
      vertex 81.03135934237861 42.29138985771134 7
    endloop
  endfacet
  facet normal 1 0 0
    outer loop
      vertex 8 47 0
      vertex 8 56 0
      vertex 8 56 3
    endloop
  endfacet
  facet normal 1 0 0
    outer loop
      vertex 8 47 0
      vertex 8 56 3
      vertex 8 47 3
    endloop
  endfacet
  facet normal 0 1 0
    outer loop
      vertex 57 47 3
      vertex 57 47 0
      vertex 8 47 0
    endloop
  endfacet
  facet normal 0 1 0
    outer loop
      vertex 8 47 3
      vertex 57 47 3
      vertex 8 47 0
    endloop
  endfacet
  facet normal -1 0 0
    outer loop
      vertex 57 56 0
      vertex 57 47 0
      vertex 57 47 3
    endloop
  endfacet
  facet normal -1 0 0
    outer loop
      vertex 57 56 0
      vertex 57 47 3
      vertex 57 56 3
    endloop
  endfacet
endsolid OpenSCAD_Model
